#RUN	run_id	score_type	score_direction	date_time	search_engine_version	parameters
#PROTEIN	score	rank	accession	protein_description	coverage	sequence
#UNASSIGNEDPEPTIDE	rt	mz	score	rank	sequence	charge	aa_before	aa_after	score_type	search_identifier	accessions	start	end
#FEATURE	rt	mz	intensity	charge	width	quality	rt_quality	mz_quality	rt_start	rt_end
#PEPTIDE	rt	mz	score	rank	sequence	charge	aa_before	aa_after	score_type	search_identifier	accessions	start	end
RUN	MS-GF+_2026-09-01T17:45:52_7198454993515115019		higher-score-better	2026-09-01T17:45:52	Release (v2024.03.26)	db=/mnt/d/OpenMS_PRIDE_Practical/db/mtb_h37rv_td.fasta, db_version=, taxonomy=, charges=2-3, mass_type=monoisotopic, fixed_modifications=Carbamidomethyl (C), variable_modifications=Oxidation (M), enzyme=Trypsin/P, missed_cleavages=1000, peak_mass_tolerance=0.0, precursor_mass_tolerance=10.0
PROTEIN	0.0	0	NP_214516.1		-1.0	
PROTEIN	0.0	0	NP_214519.2		-1.0	
PROTEIN	0.0	0	NP_214520.1		-1.0	
PROTEIN	0.0	0	NP_214523.1		-1.0	
PROTEIN	0.0	0	NP_214534.1		-1.0	
PROTEIN	0.0	0	NP_214555.1		-1.0	
PROTEIN	0.0	0	NP_214558.1		-1.0	
PROTEIN	0.0	0	NP_214560.1		-1.0	
PROTEIN	0.0	0	NP_214568.1		-1.0	
PROTEIN	0.0	0	NP_214570.1		-1.0	
PROTEIN	0.0	0	NP_214580.1		-1.0	
PROTEIN	0.0	0	NP_214615.1		-1.0	
PROTEIN	0.0	0	NP_214634.1		-1.0	
PROTEIN	0.0	0	NP_214640.1		-1.0	
PROTEIN	0.0	0	NP_214668.1		-1.0	
PROTEIN	0.0	0	NP_214703.1		-1.0	
PROTEIN	0.0	0	NP_214712.1		-1.0	
PROTEIN	0.0	0	NP_214725.1		-1.0	
PROTEIN	0.0	0	NP_214744.1		-1.0	
PROTEIN	0.0	0	NP_214745.1		-1.0	
PROTEIN	0.0	0	NP_214756.1		-1.0	
PROTEIN	0.0	0	NP_214757.1		-1.0	
PROTEIN	0.0	0	NP_214758.1		-1.0	
PROTEIN	0.0	0	NP_214762.1		-1.0	
PROTEIN	0.0	0	NP_214780.1		-1.0	
PROTEIN	0.0	0	NP_214795.1		-1.0	
PROTEIN	0.0	0	NP_214805.1		-1.0	
PROTEIN	0.0	0	NP_214864.1		-1.0	
PROTEIN	0.0	0	NP_214865.1		-1.0	
PROTEIN	0.0	0	NP_214877.1		-1.0	
PROTEIN	0.0	0	NP_214898.1		-1.0	
PROTEIN	0.0	0	NP_214905.1		-1.0	
PROTEIN	0.0	0	NP_214914.1		-1.0	
PROTEIN	0.0	0	NP_214932.1		-1.0	
PROTEIN	0.0	0	NP_214937.1		-1.0	
PROTEIN	0.0	0	NP_214954.1		-1.0	
PROTEIN	0.0	0	NP_214971.1		-1.0	
PROTEIN	0.0	0	NP_214976.1		-1.0	
PROTEIN	0.0	0	NP_214982.1		-1.0	
PROTEIN	0.0	0	NP_215014.1		-1.0	
PROTEIN	0.0	0	NP_215026.1		-1.0	
PROTEIN	0.0	0	NP_215038.1		-1.0	
PROTEIN	0.0	0	NP_215062.1		-1.0	
PROTEIN	0.0	0	NP_215083.1		-1.0	
PROTEIN	0.0	0	NP_215090.1		-1.0	
PROTEIN	0.0	0	NP_215091.1		-1.0	
PROTEIN	0.0	0	NP_215127.1		-1.0	
PROTEIN	0.0	0	NP_215144.1		-1.0	
PROTEIN	0.0	0	NP_215145.1		-1.0	
PROTEIN	0.0	0	NP_215146.1		-1.0	
PROTEIN	0.0	0	NP_215155.1		-1.0	
PROTEIN	0.0	0	NP_215166.1		-1.0	
PROTEIN	0.0	0	NP_215181.1		-1.0	
PROTEIN	0.0	0	NP_215182.1		-1.0	
PROTEIN	0.0	0	NP_215186.1		-1.0	
PROTEIN	0.0	0	NP_215196.1		-1.0	
PROTEIN	0.0	0	NP_215199.1		-1.0	
PROTEIN	0.0	0	NP_215215.1		-1.0	
PROTEIN	0.0	0	NP_215216.1		-1.0	
PROTEIN	0.0	0	NP_215218.1		-1.0	
PROTEIN	0.0	0	NP_215220.1		-1.0	
PROTEIN	0.0	0	NP_215221.1		-1.0	
PROTEIN	0.0	0	NP_215222.1		-1.0	
PROTEIN	0.0	0	NP_215228.1		-1.0	
PROTEIN	0.0	0	NP_215233.1		-1.0	
PROTEIN	0.0	0	NP_215267.1		-1.0	
PROTEIN	0.0	0	NP_215313.1		-1.0	
PROTEIN	0.0	0	NP_215314.1		-1.0	
PROTEIN	0.0	0	NP_215315.1		-1.0	
PROTEIN	0.0	0	NP_215318.1		-1.0	
PROTEIN	0.0	0	NP_215330.1		-1.0	
PROTEIN	0.0	0	NP_215346.1		-1.0	
PROTEIN	0.0	0	NP_215368.1		-1.0	
PROTEIN	0.0	0	NP_215375.1		-1.0	
PROTEIN	0.0	0	NP_215388.1		-1.0	
PROTEIN	0.0	0	NP_215399.1		-1.0	
PROTEIN	0.0	0	NP_215411.1		-1.0	
PROTEIN	0.0	0	NP_215454.1		-1.0	
PROTEIN	0.0	0	NP_215461.1		-1.0	
PROTEIN	0.0	0	NP_215466.1		-1.0	
PROTEIN	0.0	0	NP_215467.1		-1.0	
PROTEIN	0.0	0	NP_215472.1		-1.0	
PROTEIN	0.0	0	NP_215517.1		-1.0	
PROTEIN	0.0	0	NP_215533.1		-1.0	
PROTEIN	0.0	0	NP_215539.1		-1.0	
PROTEIN	0.0	0	NP_215553.1		-1.0	
PROTEIN	0.0	0	NP_215554.1		-1.0	
PROTEIN	0.0	0	NP_215586.1		-1.0	
PROTEIN	0.0	0	NP_215590.1		-1.0	
PROTEIN	0.0	0	NP_215610.1		-1.0	
PROTEIN	0.0	0	NP_215611.1		-1.0	
PROTEIN	0.0	0	NP_215614.1		-1.0	
PROTEIN	0.0	0	NP_215638.1		-1.0	
PROTEIN	0.0	0	NP_215649.1		-1.0	
PROTEIN	0.0	0	NP_215690.1		-1.0	
PROTEIN	0.0	0	NP_215693.1		-1.0	
PROTEIN	0.0	0	NP_215697.1		-1.0	
PROTEIN	0.0	0	NP_215713.1		-1.0	
PROTEIN	0.0	0	NP_215714.1		-1.0	
PROTEIN	0.0	0	NP_215717.1		-1.0	
PROTEIN	0.0	0	NP_215756.1		-1.0	
PROTEIN	0.0	0	NP_215764.2		-1.0	
PROTEIN	0.0	0	NP_215773.1		-1.0	
PROTEIN	0.0	0	NP_215786.1		-1.0	
PROTEIN	0.0	0	NP_215800.1		-1.0	
PROTEIN	0.0	0	NP_215809.1		-1.0	
PROTEIN	0.0	0	NP_215810.1		-1.0	
PROTEIN	0.0	0	NP_215811.1		-1.0	
PROTEIN	0.0	0	NP_215813.1		-1.0	
PROTEIN	0.0	0	NP_215824.1		-1.0	
PROTEIN	0.0	0	NP_215826.1		-1.0	
PROTEIN	0.0	0	NP_215839.1		-1.0	
PROTEIN	0.0	0	NP_215842.1		-1.0	
PROTEIN	0.0	0	NP_215844.1		-1.0	
PROTEIN	0.0	0	NP_215896.1		-1.0	
PROTEIN	0.0	0	NP_215897.1		-1.0	
PROTEIN	0.0	0	NP_215908.1		-1.0	
PROTEIN	0.0	0	NP_215927.1		-1.0	
PROTEIN	0.0	0	NP_215952.1		-1.0	
PROTEIN	0.0	0	NP_215954.1		-1.0	
PROTEIN	0.0	0	NP_215964.1		-1.0	
PROTEIN	0.0	0	NP_215965.1		-1.0	
PROTEIN	0.0	0	NP_215980.1		-1.0	
PROTEIN	0.0	0	NP_215983.1		-1.0	
PROTEIN	0.0	0	NP_215991.1		-1.0	
PROTEIN	0.0	0	NP_216000.1		-1.0	
PROTEIN	0.0	0	NP_216027.1		-1.0	
PROTEIN	0.0	0	NP_216043.1		-1.0	
PROTEIN	0.0	0	NP_216052.1		-1.0	
PROTEIN	0.0	0	DECOY_NP_216052.1		-1.0	
PROTEIN	0.0	0	NP_216063.1		-1.0	
PROTEIN	0.0	0	NP_216112.1		-1.0	
PROTEIN	0.0	0	NP_216125.1		-1.0	
PROTEIN	0.0	0	NP_216127.1		-1.0	
PROTEIN	0.0	0	NP_216128.1		-1.0	
PROTEIN	0.0	0	NP_216133.1		-1.0	
PROTEIN	0.0	0	NP_216143.1		-1.0	
PROTEIN	0.0	0	NP_216145.1		-1.0	
PROTEIN	0.0	0	NP_216146.1		-1.0	
PROTEIN	0.0	0	NP_216166.1		-1.0	
PROTEIN	0.0	0	NP_216247.2		-1.0	
PROTEIN	0.0	0	NP_216337.1		-1.0	
PROTEIN	0.0	0	NP_216348.1		-1.0	
PROTEIN	0.0	0	NP_216353.1		-1.0	
PROTEIN	0.0	0	NP_216359.1		-1.0	
PROTEIN	0.0	0	NP_216388.1		-1.0	
PROTEIN	0.0	0	NP_216392.1		-1.0	
PROTEIN	0.0	0	NP_216402.1		-1.0	
PROTEIN	0.0	0	NP_216424.1		-1.0	
PROTEIN	0.0	0	NP_216441.2		-1.0	
PROTEIN	0.0	0	NP_216448.1		-1.0	
PROTEIN	0.0	0	NP_216452.1		-1.0	
PROTEIN	0.0	0	NP_216496.1		-1.0	
PROTEIN	0.0	0	NP_216500.1		-1.0	
PROTEIN	0.0	0	NP_216523.1		-1.0	
PROTEIN	0.0	0	NP_216546.1		-1.0	
PROTEIN	0.0	0	NP_216564.2		-1.0	
PROTEIN	0.0	0	NP_216578.1		-1.0	
PROTEIN	0.0	0	NP_216608.1		-1.0	
PROTEIN	0.0	0	NP_216627.1		-1.0	
PROTEIN	0.0	0	NP_216631.1		-1.0	
PROTEIN	0.0	0	NP_216656.1		-1.0	
PROTEIN	0.0	0	NP_216661.1		-1.0	
PROTEIN	0.0	0	NP_216694.1		-1.0	
PROTEIN	0.0	0	NP_216718.1		-1.0	
PROTEIN	0.0	0	NP_216720.1		-1.0	
PROTEIN	0.0	0	NP_216731.1		-1.0	
PROTEIN	0.0	0	NP_216736.1		-1.0	
PROTEIN	0.0	0	NP_216738.1		-1.0	
PROTEIN	0.0	0	NP_216742.1		-1.0	
PROTEIN	0.0	0	NP_216757.3		-1.0	
PROTEIN	0.0	0	NP_216760.1		-1.0	
PROTEIN	0.0	0	NP_216761.1		-1.0	
PROTEIN	0.0	0	NP_216774.1		-1.0	
PROTEIN	0.0	0	NP_216815.1		-1.0	
PROTEIN	0.0	0	NP_216862.1		-1.0	
PROTEIN	0.0	0	NP_216863.1		-1.0	
PROTEIN	0.0	0	NP_216892.1		-1.0	
PROTEIN	0.0	0	NP_216895.1		-1.0	
PROTEIN	0.0	0	NP_216896.3		-1.0	
PROTEIN	0.0	0	NP_216899.1		-1.0	
PROTEIN	0.0	0	NP_216907.1		-1.0	
PROTEIN	0.0	0	NP_216918.3		-1.0	
PROTEIN	0.0	0	NP_216942.1		-1.0	
PROTEIN	0.0	0	NP_216943.1		-1.0	
PROTEIN	0.0	0	NP_216960.1		-1.0	
PROTEIN	0.0	0	NP_216964.1		-1.0	
PROTEIN	0.0	0	NP_216970.1		-1.0	
PROTEIN	0.0	0	NP_216978.1		-1.0	
PROTEIN	0.0	0	NP_216992.1		-1.0	
PROTEIN	0.0	0	NP_216993.1		-1.0	
PROTEIN	0.0	0	NP_217040.1		-1.0	
PROTEIN	0.0	0	NP_217051.1		-1.0	
PROTEIN	0.0	0	NP_217071.1		-1.0	
PROTEIN	0.0	0	NP_217082.1		-1.0	
PROTEIN	0.0	0	NP_217088.1		-1.0	
PROTEIN	0.0	0	NP_217105.1		-1.0	
PROTEIN	0.0	0	NP_217106.1		-1.0	
PROTEIN	0.0	0	NP_217122.1		-1.0	
PROTEIN	0.0	0	NP_217130.1		-1.0	
PROTEIN	0.0	0	NP_217139.1		-1.0	
PROTEIN	0.0	0	NP_217142.1		-1.0	
PROTEIN	0.0	0	NP_217168.1		-1.0	
PROTEIN	0.0	0	NP_217192.1		-1.0	
PROTEIN	0.0	0	NP_217227.1		-1.0	
PROTEIN	0.0	0	NP_217268.1		-1.0	
PROTEIN	0.0	0	NP_217269.1		-1.0	
PROTEIN	0.0	0	NP_217296.1		-1.0	
PROTEIN	0.0	0	NP_217299.1		-1.0	
PROTEIN	0.0	0	NP_217347.1		-1.0	
PROTEIN	0.0	0	NP_217361.1		-1.0	
PROTEIN	0.0	0	NP_217374.1		-1.0	
PROTEIN	0.0	0	NP_217376.1		-1.0	
PROTEIN	0.0	0	NP_217394.1		-1.0	
PROTEIN	0.0	0	NP_217405.1		-1.0	
PROTEIN	0.0	0	NP_217446.2		-1.0	
PROTEIN	0.0	0	NP_217447.1		-1.0	
PROTEIN	0.0	0	NP_217448.1		-1.0	
PROTEIN	0.0	0	NP_217449.1		-1.0	
PROTEIN	0.0	0	NP_217450.1		-1.0	
PROTEIN	0.0	0	NP_217451.1		-1.0	
PROTEIN	0.0	0	NP_217456.1		-1.0	
PROTEIN	0.0	0	NP_217457.1		-1.0	
PROTEIN	0.0	0	NP_217461.1		-1.0	
PROTEIN	0.0	0	NP_217462.1		-1.0	
PROTEIN	0.0	0	NP_217483.1		-1.0	
PROTEIN	0.0	0	NP_217487.1		-1.0	
PROTEIN	0.0	0	NP_217502.1		-1.0	
PROTEIN	0.0	0	NP_217517.3		-1.0	
PROTEIN	0.0	0	NP_217544.1		-1.0	
PROTEIN	0.0	0	NP_217545.1		-1.0	
PROTEIN	0.0	0	NP_217561.1		-1.0	
PROTEIN	0.0	0	NP_217567.1		-1.0	
PROTEIN	0.0	0	NP_217575.1		-1.0	
PROTEIN	0.0	0	NP_217591.1		-1.0	
PROTEIN	0.0	0	NP_217621.1		-1.0	
PROTEIN	0.0	0	NP_217633.1		-1.0	
PROTEIN	0.0	0	NP_217643.1		-1.0	
PROTEIN	0.0	0	NP_217666.1		-1.0	
PROTEIN	0.0	0	NP_217667.1		-1.0	
PROTEIN	0.0	0	NP_217677.1		-1.0	
PROTEIN	0.0	0	NP_217687.1		-1.0	
PROTEIN	0.0	0	NP_217740.1		-1.0	
PROTEIN	0.0	0	NP_217761.1		-1.0	
PROTEIN	0.0	0	NP_217765.1		-1.0	
PROTEIN	0.0	0	NP_217786.1		-1.0	
PROTEIN	0.0	0	NP_217787.1		-1.0	
PROTEIN	0.0	0	NP_217791.1		-1.0	
PROTEIN	0.0	0	NP_217797.1		-1.0	
PROTEIN	0.0	0	NP_217800.1		-1.0	
PROTEIN	0.0	0	NP_217802.1		-1.0	
PROTEIN	0.0	0	NP_217809.1		-1.0	
PROTEIN	0.0	0	NP_217816.1		-1.0	
PROTEIN	0.0	0	NP_217913.1		-1.0	
PROTEIN	0.0	0	NP_217918.1		-1.0	
PROTEIN	0.0	0	NP_217927.1		-1.0	
PROTEIN	0.0	0	NP_217934.1		-1.0	
PROTEIN	0.0	0	NP_217935.1		-1.0	
PROTEIN	0.0	0	NP_217940.1		-1.0	
PROTEIN	0.0	0	NP_217960.1		-1.0	
PROTEIN	0.0	0	NP_217974.1		-1.0	
PROTEIN	0.0	0	NP_218002.1		-1.0	
PROTEIN	0.0	0	NP_218026.1		-1.0	
PROTEIN	0.0	0	NP_218037.1		-1.0	
PROTEIN	0.0	0	NP_218091.3		-1.0	
PROTEIN	0.0	0	NP_218136.1		-1.0	
PROTEIN	0.0	0	NP_218137.1		-1.0	
PROTEIN	0.0	0	NP_218163.1		-1.0	
PROTEIN	0.0	0	NP_218201.3		-1.0	
PROTEIN	0.0	0	NP_218213.1		-1.0	
PROTEIN	0.0	0	NP_218227.3		-1.0	
PROTEIN	0.0	0	NP_218239.2		-1.0	
PROTEIN	0.0	0	NP_218280.1		-1.0	
PROTEIN	0.0	0	NP_218291.1		-1.0	
PROTEIN	0.0	0	NP_218317.1		-1.0	
PROTEIN	0.0	0	NP_218318.1		-1.0	
PROTEIN	0.0	0	NP_218321.1		-1.0	
PROTEIN	0.0	0	NP_218331.1		-1.0	
PROTEIN	0.0	0	NP_218342.1		-1.0	
PROTEIN	0.0	0	NP_218358.1		-1.0	
PROTEIN	0.0	0	NP_218376.1		-1.0	
PROTEIN	0.0	0	NP_218385.1		-1.0	
PROTEIN	0.0	0	NP_218391.1		-1.0	
PROTEIN	0.0	0	NP_218398.1		-1.0	
PROTEIN	0.0	0	NP_218431.1		-1.0	
PROTEIN	0.0	0	YP_177688.1		-1.0	
PROTEIN	0.0	0	YP_177694.1		-1.0	
PROTEIN	0.0	0	YP_177712.1		-1.0	
PROTEIN	0.0	0	YP_177728.1		-1.0	
PROTEIN	0.0	0	YP_177733.1		-1.0	
PROTEIN	0.0	0	YP_177746.1		-1.0	
PROTEIN	0.0	0	YP_177754.1		-1.0	
PROTEIN	0.0	0	YP_177756.1		-1.0	
PROTEIN	0.0	0	YP_177758.1		-1.0	
PROTEIN	0.0	0	YP_177769.1		-1.0	
PROTEIN	0.0	0	YP_177782.1		-1.0	
PROTEIN	0.0	0	YP_177787.3		-1.0	
PROTEIN	0.0	0	YP_177804.1		-1.0	
PROTEIN	0.0	0	YP_177816.1		-1.0	
PROTEIN	0.0	0	YP_177821.1		-1.0	
PROTEIN	0.0	0	DECOY_YP_177821.1		-1.0	
PROTEIN	0.0	0	YP_177838.1		-1.0	
PROTEIN	0.0	0	YP_177849.1		-1.0	
PROTEIN	0.0	0	YP_177855.1		-1.0	
PROTEIN	0.0	0	YP_177868.1		-1.0	
PROTEIN	0.0	0	YP_177883.1		-1.0	
PROTEIN	0.0	0	YP_177885.1		-1.0	
PROTEIN	0.0	0	YP_177916.1		-1.0	
PROTEIN	0.0	0	YP_177953.1		-1.0	
PROTEIN	0.0	0	YP_177992.1		-1.0	
PROTEIN	0.0	0	YP_177995.1		-1.0	
UNASSIGNEDPEPTIDE	2881.213900000000194	867.439514160156023	0.0	0	VIQGFMIQGGDPTGTGR	2	R	G	q-value	MS-GF+_2026-09-01T17:45:52_7198454993515115019	NP_214523.1	73	89	-1
UNASSIGNEDPEPTIDE	2281.697799999999916	856.914611816406023	0.0	0	SQLGADIHEIDNSASR	2	R	C	q-value	MS-GF+_2026-09-01T17:45:52_7198454993515115019	NP_217040.1	678	693	-1
UNASSIGNEDPEPTIDE	2593.090999999999895	899.935424804687955	0.0	0	TTIAPGSQVVNDYYDR	2	K	S	q-value	MS-GF+_2026-09-01T17:45:52_7198454993515115019	NP_215991.1	510	525	-1
UNASSIGNEDPEPTIDE	1471.570200000000114	783.039672851562045	0.0	0	HVTAQLSSSPSDSASSLNEHHR	3	R	A	q-value	MS-GF+_2026-09-01T17:45:52_7198454993515115019	NP_217447.1	1099	1120	-1
UNASSIGNEDPEPTIDE	3653.172599999999875	1018.519104003910002	0.0	0	LTFGFPAEPYQADPEVVR	2	R	A	q-value	MS-GF+_2026-09-01T17:45:52_7198454993515115019	NP_215411.1	202	219	-1
UNASSIGNEDPEPTIDE	2499.048999999999978	1028.484985351559999	0.0	0	IAHNGEINTVTGNENWMR	2	R	A	q-value	MS-GF+_2026-09-01T17:45:52_7198454993515115019	NP_218376.1	245	262	-1
UNASSIGNEDPEPTIDE	2389.518999999999778	982.478515625	0.0	0	TTGDPPFPGQPPPVANDTR	2	K	I	q-value	MS-GF+_2026-09-01T17:45:52_7198454993515115019	YP_177849.1	145	163	-1
UNASSIGNEDPEPTIDE	2758.088999999999942	846.910217285156023	0.0	0	LVADLDEAAEDNYVR	2	R	A	q-value	MS-GF+_2026-09-01T17:45:52_7198454993515115019	NP_216578.1	924	938	-1
UNASSIGNEDPEPTIDE	2149.38839999999982	938.420593261718977	0.0	0	SGYQYASGDTADTVDVAR	2	R	A	q-value	MS-GF+_2026-09-01T17:45:52_7198454993515115019	NP_215062.1	112	129	-1
UNASSIGNEDPEPTIDE	2962.260499999999865	796.848022460937955	0.0	0	AEVDSAFDGYEFSR	2	R	A	q-value	MS-GF+_2026-09-01T17:45:52_7198454993515115019	NP_216964.1	622	635	-1
UNASSIGNEDPEPTIDE	3580.124499999999898	1026.488037109380002	0.0	0	SLC(Carbamidomethyl)FDVLAVGEPGESSEQK	2	R	I	q-value	MS-GF+_2026-09-01T17:45:52_7198454993515115019	NP_216992.1	1552	1570	-1
UNASSIGNEDPEPTIDE	3086.597999999999956	1063.015258789059999	0.0	0	ATFC(Carbamidomethyl)QPNVASFGLTEQQAR	2	R	N	q-value	MS-GF+_2026-09-01T17:45:52_7198454993515115019	NP_214976.1	347	365	-1
UNASSIGNEDPEPTIDE	1862.083000000000084	790.356628417968977	0.0	0	YYTDEELAEHPGR	2	K	R	q-value	MS-GF+_2026-09-01T17:45:52_7198454993515115019	NP_214762.1	631	643	-1
UNASSIGNEDPEPTIDE	3287.512000000000171	899.452880859375	0.0	0	NVDEVTASLHNMVAAAR	2	R	E	q-value	MS-GF+_2026-09-01T17:45:52_7198454993515115019	NP_215649.1	737	753	-1
UNASSIGNEDPEPTIDE	2675.298600000000079	855.405883789062045	0.0	0	AGVVPPAEEDDPAEWK	2	K	V	q-value	MS-GF+_2026-09-01T17:45:52_7198454993515115019	NP_217765.1	172	187	-1
UNASSIGNEDPEPTIDE	2804.588999999999942	896.9326171875	0.0	0	TGDDRSPEQVAEGYLR	2	R	I	q-value	MS-GF+_2026-09-01T17:45:52_7198454993515115019	NP_214780.1	403	418	-1
UNASSIGNEDPEPTIDE	2405.076199999999972	803.441528320312045	0.0	0	AQAGLLEAEHQAIVR	2	R	D	q-value	MS-GF+_2026-09-01T17:45:52_7198454993515115019	NP_216862.1	18	32	-1
UNASSIGNEDPEPTIDE	2889.209199999999782	792.374328613281023	0.0	0	DTGFGEDPATLAYAR	2	R	S	q-value	MS-GF+_2026-09-01T17:45:52_7198454993515115019	NP_217591.1	165	179	-1
UNASSIGNEDPEPTIDE	2644.138699999999972	855.405822753906023	0.0	0	AGVVPPAEEDDPAEWK	2	K	V	q-value	MS-GF+_2026-09-01T17:45:52_7198454993515115019	NP_217765.1	172	187	-1
UNASSIGNEDPEPTIDE	1710.83829999999989	873.890991210937955	0.0	0	TGDEIHTSM(Oxidation)EAGPMVR	2	R	K	q-value	MS-GF+_2026-09-01T17:45:52_7198454993515115019	NP_216353.1	463	478	-1
UNASSIGNEDPEPTIDE	1924.097800000000007	765.861572265625	0.0	0	FEVHAQTVEDEAR	2	R	R	q-value	MS-GF+_2026-09-01T17:45:52_7198454993515115019	NP_215554.1;NP_215713.1;NP_216863.1;NP_218137.1	18;18;18;18	30;30;30;30	-1
UNASSIGNEDPEPTIDE	3052.260699999999815	1069.520385742190001	0.0	0	LQQEYEDTLVNPYVAAER	2	R	G	q-value	MS-GF+_2026-09-01T17:45:52_7198454993515115019	NP_217797.1	490	507	-1
UNASSIGNEDPEPTIDE	1579.396999999999935	707.841003417968977	0.0	0	QTTVVDHAEAGMR	2	R	L	q-value	MS-GF+_2026-09-01T17:45:52_7198454993515115019	NP_216043.1	1409	1421	-1
UNASSIGNEDPEPTIDE	3270.470699999999852	851.446105957031023	0.0	0	VQIVGDDIFVTNPER	2	R	L	q-value	MS-GF+_2026-09-01T17:45:52_7198454993515115019	NP_215539.1	304	318	-1
UNASSIGNEDPEPTIDE	2152.310300000000098	775.389099121093977	0.0	0	TAVC(Carbamidomethyl)QPGLYNAEVK	2	R	E	q-value	MS-GF+_2026-09-01T17:45:52_7198454993515115019	NP_215773.1	104	117	-1
UNASSIGNEDPEPTIDE	2613.946800000000167	855.406677246093977	0.0	0	AGVVPPAEEDDPAEWK	2	K	V	q-value	MS-GF+_2026-09-01T17:45:52_7198454993515115019	NP_217765.1	172	187	-1
UNASSIGNEDPEPTIDE	1576.765300000000025	737.878784179687955	0.0	0	LDQSGPTVSQTVSR	2	R	M	q-value	MS-GF+_2026-09-01T17:45:52_7198454993515115019	NP_217227.1	33	46	-1
UNASSIGNEDPEPTIDE	3034.929200000000037	755.930114746093977	0.0	0	IAVAEPVAVVGIGC(Carbamidomethyl)R	2	R	F	q-value	MS-GF+_2026-09-01T17:45:52_7198454993515115019	NP_217448.1	29	43	-1
UNASSIGNEDPEPTIDE	3269.549599999999828	882.886474609375	0.0	0	SQTVFMGDFPMM(Oxidation)TEK	2	K	G	q-value	MS-GF+_2026-09-01T17:45:52_7198454993515115019	NP_215181.1	142	156	-1
UNASSIGNEDPEPTIDE	1948.237800000000107	705.335876464843977	0.0	0	NFAGSC(Carbamidomethyl)YVHVQK	2	R	Y	q-value	MS-GF+_2026-09-01T17:45:52_7198454993515115019	NP_215314.1	170	181	-1
UNASSIGNEDPEPTIDE	3366.535400000000209	720.380493164062045	0.0	0	GYTDAPYLVLATR	2	R	N	q-value	MS-GF+_2026-09-01T17:45:52_7198454993515115019	NP_214520.1	615	627	-1
UNASSIGNEDPEPTIDE	2145.343299999999999	1032.516235351559999	0.0	0	LPTAQAAPVPAEPADTETER	2	R	A	q-value	MS-GF+_2026-09-01T17:45:52_7198454993515115019	NP_216896.3	1560	1579	-1
UNASSIGNEDPEPTIDE	2528.022500000000036	802.918090820312045	0.0	0	TQVTIAYEDNVPVR	2	K	L	q-value	MS-GF+_2026-09-01T17:45:52_7198454993515115019	NP_215908.1	181	194	-1
UNASSIGNEDPEPTIDE	2933.776899999999841	785.944519042968977	0.0	0	LTDDDKLLVLAQAR	2	R	V	q-value	MS-GF+_2026-09-01T17:45:52_7198454993515115019	NP_216992.1	269	282	-1
UNASSIGNEDPEPTIDE	2922.104200000000219	702.861389160156023	0.0	0	DISC(Carbamidomethyl)NLGSLNIAK	2	K	T	q-value	MS-GF+_2026-09-01T17:45:52_7198454993515115019	NP_217567.1	390	402	-1
UNASSIGNEDPEPTIDE	2727.085199999999986	652.811096191406023	0.0	0	VPSAEEMADSLR	2	R	A	q-value	MS-GF+_2026-09-01T17:45:52_7198454993515115019	NP_215649.1	703	714	-1
UNASSIGNEDPEPTIDE	2978.276400000000194	789.376586914062045	0.0	0	TGDPLQFTEDEGIR	2	R	A	q-value	MS-GF+_2026-09-01T17:45:52_7198454993515115019	NP_215839.1	203	216	-1
UNASSIGNEDPEPTIDE	3555.55619999999999	727.369018554687955	0.0	0	QLLFMGQEFGQR	2	K	A	q-value	MS-GF+_2026-09-01T17:45:52_7198454993515115019	NP_215842.1	569	580	-1
UNASSIGNEDPEPTIDE	1982.333599999999933	425.578002929688012	0.0	0	IHVEALGGHLTK	3	R	L	q-value	MS-GF+_2026-09-01T17:45:52_7198454993515115019	NP_217765.1	459	470	-1
UNASSIGNEDPEPTIDE	2788.14429999999993	652.810119628906023	0.0	0	VPSAEEMADSLR	2	R	A	q-value	MS-GF+_2026-09-01T17:45:52_7198454993515115019	NP_215649.1	703	714	-1
UNASSIGNEDPEPTIDE	1441.411100000000033	843.907592773437955	0.0	0	GVVMNPVDHPHGGGEGK	2	R	T	q-value	MS-GF+_2026-09-01T17:45:52_7198454993515115019	NP_215218.1	222	238	-1
UNASSIGNEDPEPTIDE	1617.366600000000062	465.908508300781023	0.0	0	TPAGVVMSHQNVR	3	R	V	q-value	MS-GF+_2026-09-01T17:45:52_7198454993515115019	NP_217457.1	176	188	-1
UNASSIGNEDPEPTIDE	1534.876099999999951	595.262817382812045	0.0	0	GGHDC(Carbamidomethyl)VVYDHDPDAVK	3	K	A	q-value	MS-GF+_2026-09-01T17:45:52_7198454993515115019	NP_215638.1	21	36	-1
UNASSIGNEDPEPTIDE	2701.181999999999789	694.30712890625	0.0	0	M(Oxidation)FAC(Carbamidomethyl)FDQPDLK	2	R	A	q-value	MS-GF+_2026-09-01T17:45:52_7198454993515115019	YP_177885.1	137	147	-1
UNASSIGNEDPEPTIDE	2411.974999999999909	930.406921386718977	0.0	0	FC(Carbamidomethyl)GAEGTENVM(Oxidation)PASAFR	2	R	D	q-value	MS-GF+_2026-09-01T17:45:52_7198454993515115019	NP_216448.1	91	107	-1
UNASSIGNEDPEPTIDE	2815.580599999999777	922.409118652343977	0.0	0	FC(Carbamidomethyl)GAEGTENVMPASAFR	2	R	D	q-value	MS-GF+_2026-09-01T17:45:52_7198454993515115019	NP_216448.1	91	107	-1
UNASSIGNEDPEPTIDE	2512.642299999999978	903.939208984375	0.0	0	LGEELYSAQC(Carbamidomethyl)VSRPPT	2	K	]	q-value	MS-GF+_2026-09-01T17:45:52_7198454993515115019	NP_216392.1	143	158	-1
UNASSIGNEDPEPTIDE	2997.434600000000046	756.925170898437955	0.0	0	ALIGLSPGGSDASIVR	2	R	E	q-value	MS-GF+_2026-09-01T17:45:52_7198454993515115019	NP_214971.1	131	146	-1
UNASSIGNEDPEPTIDE	1866.736900000000105	440.248992919921989	0.0	0	VSHPIVFGHAVR	3	K	I	q-value	MS-GF+_2026-09-01T17:45:52_7198454993515115019	NP_214580.1	262	273	-1
UNASSIGNEDPEPTIDE	2865.791000000000167	819.451416015625	0.0	0	IAVPLSVPQGGVTDER	2	R	S	q-value	MS-GF+_2026-09-01T17:45:52_7198454993515115019	NP_217457.1	87	102	-1
UNASSIGNEDPEPTIDE	2207.530499999999847	949.452819824218977	0.0	0	EVATGEPPYPPAVGQDDR	2	R	G	q-value	MS-GF+_2026-09-01T17:45:52_7198454993515115019	NP_216043.1	525	542	-1
UNASSIGNEDPEPTIDE	3911.652599999999893	729.391418457031023	0.0	0	AMEALDLLPLTDR	2	R	R	q-value	MS-GF+_2026-09-01T17:45:52_7198454993515115019	YP_177855.1	1052	1064	-1
UNASSIGNEDPEPTIDE	1694.236499999999978	440.917510986328011	0.0	0	LLTGHGASPQALR	3	K	E	q-value	MS-GF+_2026-09-01T17:45:52_7198454993515115019	NP_214898.1	124	136	-1
UNASSIGNEDPEPTIDE	1245.101300000000037	706.364318847656023	0.0	0	TPAGVVM(Oxidation)SHQNVR	2	R	V	q-value	MS-GF+_2026-09-01T17:45:52_7198454993515115019	NP_217457.1	176	188	-1
UNASSIGNEDPEPTIDE	2584.378999999999905	952.464782714843977	0.0	0	ITGTATGVDMANPMSPVNK	2	K	S	q-value	MS-GF+_2026-09-01T17:45:52_7198454993515115019	NP_218280.1	131	149	-1
UNASSIGNEDPEPTIDE	1696.342499999999973	741.867919921875	0.0	0	ANPDGAGVQPWDKK	2	K	G	q-value	MS-GF+_2026-09-01T17:45:52_7198454993515115019	NP_215375.1	210	223	-1
UNASSIGNEDPEPTIDE	2623.036000000000058	686.394287109375	0.0	0	LLGAEVVAVQTGSK	2	R	T	q-value	MS-GF+_2026-09-01T17:45:52_7198454993515115019	NP_216128.1	164	177	-1
UNASSIGNEDPEPTIDE	2302.239000000000033	873.932373046875	0.0	0	NFQVIYEQANAHGQK	2	R	V	q-value	MS-GF+_2026-09-01T17:45:52_7198454993515115019	NP_215553.1;NP_215714.1;NP_216862.1;NP_218136.1;YP_177838.1	59;59;59;59;59	73;73;73;73;73	-1
UNASSIGNEDPEPTIDE	2928.334699999999884	814.916870117187955	0.0	0	VPPGEALM(Oxidation)TLEAQTR	2	R	G	q-value	MS-GF+_2026-09-01T17:45:52_7198454993515115019	NP_216112.1	83	97	-1
UNASSIGNEDPEPTIDE	2788.996599999999944	791.434204101562045	0.0	0	LSSTEPNLQNIPIR	2	R	T	q-value	MS-GF+_2026-09-01T17:45:52_7198454993515115019	NP_216145.1	642	655	-1
UNASSIGNEDPEPTIDE	2812.660600000000159	895.925720214843977	0.0	0	SIGVYAVNYPASDDYR	2	R	A	q-value	MS-GF+_2026-09-01T17:45:52_7198454993515115019	NP_216500.1	70	85	-1
UNASSIGNEDPEPTIDE	2393.573199999999815	573.822387695312045	0.0	0	DSITGVVVASAK	2	K	K	q-value	MS-GF+_2026-09-01T17:45:52_7198454993515115019	NP_215375.1	49	60	-1
UNASSIGNEDPEPTIDE	3209.918500000000222	788.890991210937955	0.0	0	GELGDPPGGWPEPLR	2	R	T	q-value	MS-GF+_2026-09-01T17:45:52_7198454993515115019	NP_217483.1	908	922	-1
UNASSIGNEDPEPTIDE	2778.035400000000209	762.367614746093977	0.0	0	SVC(Carbamidomethyl)YLPLTYDHR	2	R	L	q-value	MS-GF+_2026-09-01T17:45:52_7198454993515115019	NP_216731.1	512	523	-1
UNASSIGNEDPEPTIDE	2306.533699999999953	687.854614257812045	0.0	0	LNAEFTGQPIER	2	R	I	q-value	MS-GF+_2026-09-01T17:45:52_7198454993515115019	YP_177883.1	152	163	-1
UNASSIGNEDPEPTIDE	2375.414299999999912	839.984802246093977	0.0	0	LRPDILAQGQQVAAAK	2	K	L	q-value	MS-GF+_2026-09-01T17:45:52_7198454993515115019	NP_214877.1	221	236	-1
UNASSIGNEDPEPTIDE	2218.314499999999953	635.841186523437955	0.0	0	QLLAAVSGSGPDR	2	R	L	q-value	MS-GF+_2026-09-01T17:45:52_7198454993515115019	NP_216564.2	1192	1204	-1
UNASSIGNEDPEPTIDE	1334.983500000000049	545.611511230468977	0.0	0	IGGHLKDPVDSHM(Oxidation)GR	3	K	L	q-value	MS-GF+_2026-09-01T17:45:52_7198454993515115019	NP_216761.1	59	73	-1
UNASSIGNEDPEPTIDE	1377.572899999999891	690.376281738281023	0.0	0	LVHDGLTAQQAAR	2	R	H	q-value	MS-GF+_2026-09-01T17:45:52_7198454993515115019	NP_215090.1	202	214	-1
UNASSIGNEDPEPTIDE	2913.766599999999926	829.939575195312045	0.0	0	QIAFNSGLEPGVVAEK	2	K	V	q-value	MS-GF+_2026-09-01T17:45:52_7198454993515115019	NP_214954.1	449	464	-1
UNASSIGNEDPEPTIDE	2451.873300000000199	750.373779296875	0.0	0	IAEHEMPGLM(Oxidation)SLR	2	R	R	q-value	MS-GF+_2026-09-01T17:45:52_7198454993515115019	NP_217765.1	37	49	-1
UNASSIGNEDPEPTIDE	2118.834699999999884	809.882629394531023	0.0	0	FASGATHWAEGETVR	2	R	I	q-value	MS-GF+_2026-09-01T17:45:52_7198454993515115019	NP_216133.1	77	91	-1
UNASSIGNEDPEPTIDE	3063.618399999999838	568.799377441406023	0.0	0	HFGLPYAFGK	2	K	Y	q-value	MS-GF+_2026-09-01T17:45:52_7198454993515115019	YP_177885.1	243	252	-1
UNASSIGNEDPEPTIDE	2206.688700000000154	900.443725585937955	0.0	0	VVGVDPASGEEITAQNGR	2	R	Y	q-value	MS-GF+_2026-09-01T17:45:52_7198454993515115019	NP_218163.1	788	805	-1
UNASSIGNEDPEPTIDE	3771.190700000000106	770.939819335937955	0.0	0	LGTDGLLTAVSQLPR	2	R	H	q-value	MS-GF+_2026-09-01T17:45:52_7198454993515115019	NP_216992.1	1516	1530	-1
UNASSIGNEDPEPTIDE	2255.981699999999819	695.358276367187955	0.0	0	LTC(Carbamidomethyl)SPNIDAASLK	2	R	K	q-value	MS-GF+_2026-09-01T17:45:52_7198454993515115019	NP_216631.1	123	135	-1
UNASSIGNEDPEPTIDE	2917.921899999999823	750.896728515625	0.0	0	SIPENAIAVVGM(Oxidation)AGR	2	M	F	q-value	MS-GF+_2026-09-01T17:45:52_7198454993515115019	NP_217451.1	1	15	-1
UNASSIGNEDPEPTIDE	2044.440399999999954	633.840515136718977	0.0	0	EGVHTVGELVAR	2	R	T	q-value	MS-GF+_2026-09-01T17:45:52_7198454993515115019	NP_217974.1	266	277	-1
UNASSIGNEDPEPTIDE	1419.52800000000002	579.782287597656023	0.0	0	ALPNEDADVSK	2	R	E	q-value	MS-GF+_2026-09-01T17:45:52_7198454993515115019	NP_214976.1	205	215	-1
UNASSIGNEDPEPTIDE	2107.996000000000095	586.328186035156023	0.0	0	LTGNADAAAVLR	2	R	F	q-value	MS-GF+_2026-09-01T17:45:52_7198454993515115019	NP_216578.1	743	754	-1
UNASSIGNEDPEPTIDE	2730.305400000000191	586.325317382812045	0.0	0	NAELVHIFTK	2	R	D	q-value	MS-GF+_2026-09-01T17:45:52_7198454993515115019	NP_214976.1	54	63	-1
UNASSIGNEDPEPTIDE	2906.027799999999843	625.83251953125	0.0	0	IIVDTYGGWAR	2	K	H	q-value	MS-GF+_2026-09-01T17:45:52_7198454993515115019	NP_215908.1	266	276	-1
UNASSIGNEDPEPTIDE	2385.309799999999996	729.873291015625	0.0	0	M(Oxidation)VFHEITEPAIR	2	R	A	q-value	MS-GF+_2026-09-01T17:45:52_7198454993515115019	NP_218163.1	135	146	-1
UNASSIGNEDPEPTIDE	1946.22199999999998	678.286071777343977	0.0	0	SGADVADFGC(Carbamidomethyl)GSGR	2	R	A	q-value	MS-GF+_2026-09-01T17:45:52_7198454993515115019	NP_216774.1	170	183	-1
UNASSIGNEDPEPTIDE	2750.911000000000058	702.312377929687955	0.0	0	DGYEWSQVYEK	2	R	S	q-value	MS-GF+_2026-09-01T17:45:52_7198454993515115019	NP_214519.2	141	151	-1
UNASSIGNEDPEPTIDE	1908.482899999999972	734.371826171875	0.0	0	QHPFAPASDTAGLR	2	R	Q	q-value	MS-GF+_2026-09-01T17:45:52_7198454993515115019	NP_216348.1	516	529	-1
UNASSIGNEDPEPTIDE	2713.257799999999861	869.903015136718977	0.0	0	LEQINDGYQDMLNGK	2	K	N	q-value	MS-GF+_2026-09-01T17:45:52_7198454993515115019	YP_177754.1	347	361	-1
UNASSIGNEDPEPTIDE	2403.37039999999979	623.851501464843977	0.0	0	RLLTEAPFGSR	2	R	N	q-value	MS-GF+_2026-09-01T17:45:52_7198454993515115019	NP_214780.1	858	868	-1
UNASSIGNEDPEPTIDE	2198.933799999999792	615.794921875	0.0	0	AAAANNWIDER	2	R	A	q-value	MS-GF+_2026-09-01T17:45:52_7198454993515115019	NP_215026.1	287	297	-1
UNASSIGNEDPEPTIDE	1747.287199999999984	607.826416015625	0.0	0	QLATNGELAAAR	2	K	A	q-value	MS-GF+_2026-09-01T17:45:52_7198454993515115019	NP_217105.1	197	208	-1
UNASSIGNEDPEPTIDE	2953.925999999999931	531.304077148437955	0.0	0	ALMAGLASSLK	2	R	V	q-value	MS-GF+_2026-09-01T17:45:52_7198454993515115019	NP_217071.1	732	742	-1
UNASSIGNEDPEPTIDE	2455.989700000000084	672.820983886718977	0.0	0	DDVPEDIVASER	2	R	R	q-value	MS-GF+_2026-09-01T17:45:52_7198454993515115019	NP_217405.1	190	201	-1
UNASSIGNEDPEPTIDE	2435.827400000000125	645.840576171875	0.0	0	VLATEGTAEMLR	2	R	R	q-value	MS-GF+_2026-09-01T17:45:52_7198454993515115019	YP_177804.1	999	1010	-1
UNASSIGNEDPEPTIDE	3354.905299999999897	624.852722167968977	0.0	0	VVDWLVDKFK	2	R	G	q-value	MS-GF+_2026-09-01T17:45:52_7198454993515115019	NP_214864.1	207	216	-1
UNASSIGNEDPEPTIDE	1709.472800000000007	711.831970214843977	0.0	0	FDDVKAPVDEC(Carbamidomethyl)K	2	R	D	q-value	MS-GF+_2026-09-01T17:45:52_7198454993515115019	NP_215181.1	105	116	-1
UNASSIGNEDPEPTIDE	2241.510699999999815	949.444091796875	0.0	0	EVATGEPPYPPAVGQDDR	2	R	G	q-value	MS-GF+_2026-09-01T17:45:52_7198454993515115019	NP_216043.1	525	542	-1
UNASSIGNEDPEPTIDE	1509.795699999999897	631.781677246093977	0.0	0	IHC(Carbamidomethyl)DGATDFAR	2	R	I	q-value	MS-GF+_2026-09-01T17:45:52_7198454993515115019	NP_216895.1	1334	1344	-1
UNASSIGNEDPEPTIDE	2943.815200000000004	645.324096679687955	0.0	0	ELAEFEGELPR	2	R	L	q-value	MS-GF+_2026-09-01T17:45:52_7198454993515115019	NP_217456.1	1306	1316	-1
UNASSIGNEDPEPTIDE	1395.613399999999956	608.612670898437955	0.0	0	C(Carbamidomethyl)HEHRPELAM(Oxidation)VDSAR	3	R	G	q-value	MS-GF+_2026-09-01T17:45:52_7198454993515115019	NP_214580.1	323	337	-1
UNASSIGNEDPEPTIDE	2834.391399999999976	645.806579589843977	0.0	0	ELDGPNIDDFR	2	R	L	q-value	MS-GF+_2026-09-01T17:45:52_7198454993515115019	NP_218163.1	407	417	-1
UNASSIGNEDPEPTIDE	2033.154999999999973	573.818725585937955	0.0	0	SEGGGMLVLKR	2	R	V	q-value	MS-GF+_2026-09-01T17:45:52_7198454993515115019	NP_218317.1	351	361	-1
UNASSIGNEDPEPTIDE	1807.069099999999935	574.766784667968977	0.0	0	GNVEEGMGDIK	2	R	I	q-value	MS-GF+_2026-09-01T17:45:52_7198454993515115019	NP_216993.1	86	96	-1
UNASSIGNEDPEPTIDE	2915.56230000000005	649.871887207031023	0.0	0	DSQAGPLIVTIGK	2	R	T	q-value	MS-GF+_2026-09-01T17:45:52_7198454993515115019	YP_177733.1	264	276	-1
UNASSIGNEDPEPTIDE	1861.48700000000008	697.356079101562045	0.0	0	RYINQVADQMR	2	R	G	q-value	MS-GF+_2026-09-01T17:45:52_7198454993515115019	NP_214780.1	217	227	-1
UNASSIGNEDPEPTIDE	2910.487500000000182	682.371215820312045	0.0	0	YPMIVVAQTVDK	2	R	L	q-value	MS-GF+_2026-09-01T17:45:52_7198454993515115019	NP_215182.1	703	714	-1
UNASSIGNEDPEPTIDE	2054.532999999999902	590.290710449218977	0.0	0	SPAGAWQYTAK	2	K	D	q-value	MS-GF+_2026-09-01T17:45:52_7198454993515115019	NP_216424.1	345	355	-1
UNASSIGNEDPEPTIDE	2574.395300000000134	903.941528320312045	0.0	0	LGEELYSAQC(Carbamidomethyl)VSRPPT	2	K	]	q-value	MS-GF+_2026-09-01T17:45:52_7198454993515115019	NP_216392.1	143	158	-1
UNASSIGNEDPEPTIDE	2717.816699999999855	645.802124023437955	0.0	0	ELDGPNIDDFR	2	R	L	q-value	MS-GF+_2026-09-01T17:45:52_7198454993515115019	NP_218163.1	407	417	-1
UNASSIGNEDPEPTIDE	2459.285400000000209	796.878112792968977	0.0	0	GFDQVGALSPTGQC(Carbamidomethyl)R	2	R	A	q-value	MS-GF+_2026-09-01T17:45:52_7198454993515115019	NP_217447.1	310	324	-1
UNASSIGNEDPEPTIDE	2271.738299999999981	645.321228027343977	0.0	0	EAAENVAESLTR	2	R	G	q-value	MS-GF+_2026-09-01T17:45:52_7198454993515115019	NP_214568.1	61	72	-1
UNASSIGNEDPEPTIDE	1983.41170000000011	559.293884277343977	0.0	0	TLEVVSDAAGR	2	M	M	q-value	MS-GF+_2026-09-01T17:45:52_7198454993515115019	NP_217787.1	1	11	-1
UNASSIGNEDPEPTIDE	1398.490199999999959	734.365905761718977	0.0	0	RVDQDELAAASHR	2	K	N	q-value	MS-GF+_2026-09-01T17:45:52_7198454993515115019	NP_214757.1	197	209	-1
UNASSIGNEDPEPTIDE	1936.667099999999891	569.316772460937955	0.0	0	LDALNVHEVK	2	R	R	q-value	MS-GF+_2026-09-01T17:45:52_7198454993515115019	NP_217449.1	1468	1477	-1
UNASSIGNEDPEPTIDE	2238.02599999999984	600.314575195312045	0.0	0	MQGIAAAVDAPR	2	R	L	q-value	MS-GF+_2026-09-01T17:45:52_7198454993515115019	NP_215517.1	84	95	-1
UNASSIGNEDPEPTIDE	1804.850699999999961	641.362121582031023	0.0	0	THGVILTEAAAAK	2	K	A	q-value	MS-GF+_2026-09-01T17:45:52_7198454993515115019	NP_216720.1	10	22	-1
UNASSIGNEDPEPTIDE	1686.97199999999998	604.802978515625	0.0	0	VGSDLVM(Oxidation)SASAR	2	R	L	q-value	MS-GF+_2026-09-01T17:45:52_7198454993515115019	NP_217040.1	1314	1325	-1
UNASSIGNEDPEPTIDE	2399.492699999999786	821.371826171875	0.0	0	GVC(Carbamidomethyl)TYNDEQGVPFR	2	K	V	q-value	MS-GF+_2026-09-01T17:45:52_7198454993515115019	NP_217461.1	98	111	-1
UNASSIGNEDPEPTIDE	2404.451000000000022	642.976623535156023	0.0	0	TETLTM(Oxidation)PSEDAQVAVYR	3	R	A	q-value	MS-GF+_2026-09-01T17:45:52_7198454993515115019	NP_217456.1	276	292	-1
UNASSIGNEDPEPTIDE	3177.929999999999836	628.294006347656023	0.0	0	EFC(Carbamidomethyl)APFELSR	2	R	D	q-value	MS-GF+_2026-09-01T17:45:52_7198454993515115019	NP_216896.3	92	101	-1
UNASSIGNEDPEPTIDE	1665.295900000000074	652.82421875	0.0	0	LDSINGGSVEDAK	2	R	K	q-value	MS-GF+_2026-09-01T17:45:52_7198454993515115019	NP_215813.1	293	305	-1
UNASSIGNEDPEPTIDE	1507.33809999999994	587.843383789062045	0.0	0	RLPHLTPGQR	2	R	L	q-value	MS-GF+_2026-09-01T17:45:52_7198454993515115019	NP_218163.1	488	497	-1
UNASSIGNEDPEPTIDE	2925.081299999999828	596.783203125	0.0	0	WSEFLEEPR	2	R	L	q-value	MS-GF+_2026-09-01T17:45:52_7198454993515115019	NP_218317.1	156	164	-1
UNASSIGNEDPEPTIDE	1457.37259999999992	642.846313476562045	0.0	0	EPLNANEELKK	2	R	A	q-value	MS-GF+_2026-09-01T17:45:52_7198454993515115019	NP_216907.1	28	38	-1
UNASSIGNEDPEPTIDE	3342.942599999999857	596.812072753906023	0.0	0	FDLMNGIQVR	2	R	G	q-value	MS-GF+_2026-09-01T17:45:52_7198454993515115019	NP_217740.1	112	121	-1
UNASSIGNEDPEPTIDE	2390.713000000000193	606.2666015625	0.0	0	VGGFSEGGC(Carbamidomethyl)WR	2	R	T	q-value	MS-GF+_2026-09-01T17:45:52_7198454993515115019	NP_217456.1	1503	1513	-1
UNASSIGNEDPEPTIDE	3316.999299999999948	618.328002929687955	0.0	0	GFLPASLVEM(Oxidation)R	2	R	R	q-value	MS-GF+_2026-09-01T17:45:52_7198454993515115019	NP_216146.1	145	155	-1
UNASSIGNEDPEPTIDE	2780.05600000000004	743.356628417968977	0.0	0	DGVDVDKAIM(Oxidation)AAAHG	2	R	]	q-value	MS-GF+_2026-09-01T17:45:52_7198454993515115019	NP_218376.1	1512	1526	-1
UNASSIGNEDPEPTIDE	2164.951700000000074	743.869873046875	0.0	0	ASGPQDYANIPPTR	2	R	F	q-value	MS-GF+_2026-09-01T17:45:52_7198454993515115019	NP_218317.1	1047	1060	-1
UNASSIGNEDPEPTIDE	3314.552999999999884	714.863708496093977	0.0	0	VPYYSATLFDPR	2	K	E	q-value	MS-GF+_2026-09-01T17:45:52_7198454993515115019	NP_217456.1	751	762	-1
UNASSIGNEDPEPTIDE	2460.672000000000026	632.854919433593977	0.0	0	VVNPLGQPIDGR	2	R	G	q-value	MS-GF+_2026-09-01T17:45:52_7198454993515115019	NP_215824.1	109	120	-1
UNASSIGNEDPEPTIDE	1995.330400000000054	699.685302734375	0.0	0	GAHTGAAASGDAVTAPMQGTVVK	3	R	F	q-value	MS-GF+_2026-09-01T17:45:52_7198454993515115019	NP_217802.1	521	543	-1
UNASSIGNEDPEPTIDE	2371.752700000000004	622.818725585937955	0.0	0	HDFQTLVDAAK	2	R	D	q-value	MS-GF+_2026-09-01T17:45:52_7198454993515115019	NP_217816.1	21	31	-1
UNASSIGNEDPEPTIDE	2210.008800000000065	539.782897949218977	0.0	0	TPTYDGVLGR	2	R	L	q-value	MS-GF+_2026-09-01T17:45:52_7198454993515115019	NP_214971.1	458	467	-1
UNASSIGNEDPEPTIDE	2628.935500000000047	688.862182617187955	0.0	0	MGTTVATNALLER	2	R	T	q-value	MS-GF+_2026-09-01T17:45:52_7198454993515115019	NP_214780.1	66	78	-1
UNASSIGNEDPEPTIDE	1401.284200000000055	584.740478515625	0.0	0	TFDDAEAEDR	2	R	H	q-value	MS-GF+_2026-09-01T17:45:52_7198454993515115019	NP_217816.1	656	665	-1
UNASSIGNEDPEPTIDE	1509.463400000000092	375.212097167968977	0.0	0	IEAIVASGAHR	3	R	G	q-value	MS-GF+_2026-09-01T17:45:52_7198454993515115019	NP_215649.1	402	412	-1
UNASSIGNEDPEPTIDE	2707.300000000000182	855.407470703125	0.0	0	AGVVPPAEEDDPAEWK	2	K	V	q-value	MS-GF+_2026-09-01T17:45:52_7198454993515115019	NP_217765.1	172	187	-1
UNASSIGNEDPEPTIDE	2059.085700000000088	743.869689941406023	0.0	0	ASGPQDYANIPPTR	2	R	F	q-value	MS-GF+_2026-09-01T17:45:52_7198454993515115019	NP_218317.1	1047	1060	-1
UNASSIGNEDPEPTIDE	2200.942599999999857	601.302490234375	0.0	0	WNPAIDASATR	2	R	L	q-value	MS-GF+_2026-09-01T17:45:52_7198454993515115019	NP_217450.1	413	423	-1
UNASSIGNEDPEPTIDE	2225.689699999999903	610.817626953125	0.0	0	IAVAEETAFNR	2	R	T	q-value	MS-GF+_2026-09-01T17:45:52_7198454993515115019	NP_217071.1	356	366	-1
UNASSIGNEDPEPTIDE	2942.278999999999996	756.897521972656023	0.0	0	VGIDQGAEIVDVAAR	2	R	V	q-value	MS-GF+_2026-09-01T17:45:52_7198454993515115019	NP_217040.1	1299	1313	-1
UNASSIGNEDPEPTIDE	1627.726400000000012	642.351013183593977	0.0	0	ALTAVSDQTHIK	2	R	S	q-value	MS-GF+_2026-09-01T17:45:52_7198454993515115019	NP_217567.1	419	430	-1
UNASSIGNEDPEPTIDE	1577.551300000000083	580.289306640625	0.0	0	EIQDGSFVHK	2	R	L	q-value	MS-GF+_2026-09-01T17:45:52_7198454993515115019	NP_217517.3	277	286	-1
UNASSIGNEDPEPTIDE	2455.456299999999828	552.796203613281023	0.0	0	AMAAGLSSLAGR	2	K	G	q-value	MS-GF+_2026-09-01T17:45:52_7198454993515115019	NP_216960.1	813	824	-1
UNASSIGNEDPEPTIDE	2469.036999999999807	689.847717285156023	0.0	0	FNELLVEQGSSR	2	R	A	q-value	MS-GF+_2026-09-01T17:45:52_7198454993515115019	NP_216978.1	324	335	-1
UNASSIGNEDPEPTIDE	2655.534999999999855	566.304382324218977	0.0	0	GLTINLTDER	2	K	V	q-value	MS-GF+_2026-09-01T17:45:52_7198454993515115019	NP_214519.2	202	211	-1
UNASSIGNEDPEPTIDE	1438.886999999999944	644.318298339843977	0.0	0	LQDIANANDGTR	2	K	A	q-value	MS-GF+_2026-09-01T17:45:52_7198454993515115019	NP_214932.1	63	74	-1
UNASSIGNEDPEPTIDE	2097.576399999999921	545.274719238281023	0.0	0	ESVEDAVAAAK	2	K	A	q-value	MS-GF+_2026-09-01T17:45:52_7198454993515115019	NP_217934.1	391	401	-1
UNASSIGNEDPEPTIDE	1941.516800000000103	687.830871582031023	0.0	0	DSDWEPVKEAAK	2	K	K	q-value	MS-GF+_2026-09-01T17:45:52_7198454993515115019	NP_215313.1	97	108	-1
UNASSIGNEDPEPTIDE	1564.090099999999893	552.27587890625	0.0	0	YGELISHER	2	R	I	q-value	MS-GF+_2026-09-01T17:45:52_7198454993515115019	NP_217918.1	103	111	-1
UNASSIGNEDPEPTIDE	3260.521999999999935	626.321472167968977	0.0	0	YGIVWGAMGAAR	2	R	S	q-value	MS-GF+_2026-09-01T17:45:52_7198454993515115019	NP_214914.1	254	265	-1
UNASSIGNEDPEPTIDE	1705.146199999999908	474.890014648438012	0.0	0	FDDVKAPVDEC(Carbamidomethyl)K	3	R	D	q-value	MS-GF+_2026-09-01T17:45:52_7198454993515115019	NP_215181.1	105	116	-1
UNASSIGNEDPEPTIDE	2154.041999999999916	581.290222167968977	0.0	0	C(Carbamidomethyl)DGGALSAAALR	2	R	T	q-value	MS-GF+_2026-09-01T17:45:52_7198454993515115019	NP_216907.1	107	118	-1
UNASSIGNEDPEPTIDE	3017.813000000000102	532.78271484375	0.0	0	AVFDMVVAGR	2	R	I	q-value	MS-GF+_2026-09-01T17:45:52_7198454993515115019	NP_217299.1	184	193	-1
UNASSIGNEDPEPTIDE	1484.300999999999931	879.890686035156023	0.0	0	VSAGEAEEAEPADEGAAR	2	R	A	q-value	MS-GF+_2026-09-01T17:45:52_7198454993515115019	NP_216978.1	440	457	-1
UNASSIGNEDPEPTIDE	1344.620100000000093	568.30126953125	0.0	0	HVAPDVVDQR	2	R	L	q-value	MS-GF+_2026-09-01T17:45:52_7198454993515115019	NP_216899.1	183	192	-1
UNASSIGNEDPEPTIDE	1694.781099999999924	581.295776367187955	0.0	0	KVVDDEFPGR	2	R	V	q-value	MS-GF+_2026-09-01T17:45:52_7198454993515115019	NP_214640.1	265	274	-1
UNASSIGNEDPEPTIDE	2296.075200000000223	622.349975585937955	0.0	0	LPLTGEGTTGLGK	2	R	A	q-value	MS-GF+_2026-09-01T17:45:52_7198454993515115019	NP_218037.1	145	157	-1
UNASSIGNEDPEPTIDE	1601.601200000000063	503.585388183593977	0.0	0	EQLENAVGSHAPTR	3	R	S	q-value	MS-GF+_2026-09-01T17:45:52_7198454993515115019	NP_216631.1	37	50	-1
UNASSIGNEDPEPTIDE	2394.203100000000177	583.2958984375	0.0	0	TAETAAEFGLR	2	K	V	q-value	MS-GF+_2026-09-01T17:45:52_7198454993515115019	YP_177733.1	514	524	-1
UNASSIGNEDPEPTIDE	2940.18769999999995	658.810180664062045	0.0	0	VTWEDAYAYAK	2	R	F	q-value	MS-GF+_2026-09-01T17:45:52_7198454993515115019	NP_217667.1	336	346	-1
UNASSIGNEDPEPTIDE	1311.52839999999992	576.916625976562045	0.0	0	QEIENSDSDYDREK	3	R	L	q-value	MS-GF+_2026-09-01T17:45:52_7198454993515115019	NP_214954.1	348	361	-1
UNASSIGNEDPEPTIDE	2160.491700000000037	569.317321777343977	0.0	0	KSYTEALIGR	2	R	G	q-value	MS-GF+_2026-09-01T17:45:52_7198454993515115019	NP_215764.2	775	784	-1
UNASSIGNEDPEPTIDE	2208.971000000000004	427.919586181641023	0.0	0	APPAPAPALAHLR	3	K	G	q-value	MS-GF+_2026-09-01T17:45:52_7198454993515115019	NP_216731.1	302	314	-1
UNASSIGNEDPEPTIDE	2616.954600000000028	655.31787109375	0.0	0	SLDMSAAALAGM(Oxidation)R	2	R	R	q-value	MS-GF+_2026-09-01T17:45:52_7198454993515115019	NP_216043.1	827	839	-1
UNASSIGNEDPEPTIDE	2931.655499999999847	595.805114746093977	0.0	0	AMELIEEVEK	2	R	T	q-value	MS-GF+_2026-09-01T17:45:52_7198454993515115019	NP_216125.1	423	432	-1
UNASSIGNEDPEPTIDE	1781.004200000000083	559.295227050781023	0.0	0	TLVTDEAAAAR	2	R	T	q-value	MS-GF+_2026-09-01T17:45:52_7198454993515115019	NP_214982.1	158	168	-1
UNASSIGNEDPEPTIDE	1698.907500000000027	608.814270019531023	0.0	0	HSVYFTHGIR	2	R	N	q-value	MS-GF+_2026-09-01T17:45:52_7198454993515115019	NP_218317.1	964	973	-1
UNASSIGNEDPEPTIDE	1977.080999999999904	436.528106689453011	0.0	0	DMGVEHVYDSR	3	R	S	q-value	MS-GF+_2026-09-01T17:45:52_7198454993515115019	NP_217456.1	1600	1610	-1
UNASSIGNEDPEPTIDE	2323.829600000000028	668.314025878906023	0.0	0	LFIDDDGQEQR	2	R	A	q-value	MS-GF+_2026-09-01T17:45:52_7198454993515115019	NP_217456.1	875	885	-1
UNASSIGNEDPEPTIDE	1877.33829999999989	446.205200195311988	0.0	0	ASDMWGPK	2	K	E	q-value	MS-GF+_2026-09-01T17:45:52_7198454993515115019	NP_218321.1	218	225	-1
UNASSIGNEDPEPTIDE	2332.007999999999811	513.307678222656023	0.0	0	VLILGSGPNR	2	K	I	q-value	MS-GF+_2026-09-01T17:45:52_7198454993515115019	YP_177804.1	567	576	-1
UNASSIGNEDPEPTIDE	1540.383299999999963	559.769287109375	0.0	0	GVVEVEEDSR	2	R	G	q-value	MS-GF+_2026-09-01T17:45:52_7198454993515115019	NP_214520.1	254	263	-1
UNASSIGNEDPEPTIDE	2529.447500000000218	562.304382324218977	0.0	0	TYETILVER	2	M	D	q-value	MS-GF+_2026-09-01T17:45:52_7198454993515115019	NP_215586.1	1	9	-1
UNASSIGNEDPEPTIDE	2886.930400000000191	869.909484863281023	0.0	0	LEQINDGYQDMLNGK	2	K	N	q-value	MS-GF+_2026-09-01T17:45:52_7198454993515115019	YP_177754.1	347	361	-1
UNASSIGNEDPEPTIDE	1324.722899999999982	623.348999023437955	0.0	0	VGAATETALKER	2	K	K	q-value	MS-GF+_2026-09-01T17:45:52_7198454993515115019	NP_217934.1	378	389	-1
UNASSIGNEDPEPTIDE	1801.116700000000037	557.79541015625	0.0	0	ALNAVAADDVR	2	K	V	q-value	MS-GF+_2026-09-01T17:45:52_7198454993515115019	NP_215756.1	115	125	-1
UNASSIGNEDPEPTIDE	3427.892800000000079	575.800720214843977	0.0	0	MQFEDILVR	2	R	E	q-value	MS-GF+_2026-09-01T17:45:52_7198454993515115019	NP_216992.1	418	426	-1
UNASSIGNEDPEPTIDE	3427.05600000000004	600.810791015625	0.0	0	APLWC(Carbamidomethyl)AVDLR	2	R	D	q-value	MS-GF+_2026-09-01T17:45:52_7198454993515115019	NP_218227.3	70	79	-1
UNASSIGNEDPEPTIDE	2374.580300000000079	640.829528808593977	0.0	0	KLTDGDFTLDR	2	R	E	q-value	MS-GF+_2026-09-01T17:45:52_7198454993515115019	NP_217545.1	18	28	-1
UNASSIGNEDPEPTIDE	1580.563799999999901	508.276000976561988	0.0	0	QEALEAAGVK	2	K	V	q-value	MS-GF+_2026-09-01T17:45:52_7198454993515115019	NP_215467.1	274	283	-1
UNASSIGNEDPEPTIDE	2760.19399999999996	596.793395996093977	0.0	0	STPVFGWQDR	2	R	H	q-value	MS-GF+_2026-09-01T17:45:52_7198454993515115019	NP_214668.1	207	216	-1
UNASSIGNEDPEPTIDE	1448.072300000000041	604.324523925781023	0.0	0	YIEKDAALER	2	K	R	q-value	MS-GF+_2026-09-01T17:45:52_7198454993515115019	YP_177995.1	330	339	-1
UNASSIGNEDPEPTIDE	2540.199200000000019	549.793884277343977	0.0	0	IPDEDLAGLR	2	K	T	q-value	MS-GF+_2026-09-01T17:45:52_7198454993515115019	NP_216760.1	58	67	-1
UNASSIGNEDPEPTIDE	4097.600999999999658	893.972778320312045	0.0	0	SGDGAGILIQVPDEFLR	2	R	E	q-value	MS-GF+_2026-09-01T17:45:52_7198454993515115019	NP_218376.1	56	72	-1
UNASSIGNEDPEPTIDE	1681.706300000000056	393.867797851561988	0.0	0	TEKTPDDVFK	3	M	L	q-value	MS-GF+_2026-09-01T17:45:52_7198454993515115019	NP_216736.1	1	10	-1
UNASSIGNEDPEPTIDE	2975.226799999999912	646.328979492187955	0.0	0	GEPDLGFISAASK	2	R	C	q-value	MS-GF+_2026-09-01T17:45:52_7198454993515115019	NP_217791.1	317	329	-1
UNASSIGNEDPEPTIDE	1622.517100000000028	533.785827636718977	0.0	0	ALADHIEAAR	2	R	T	q-value	MS-GF+_2026-09-01T17:45:52_7198454993515115019	NP_217106.1	710	719	-1
UNASSIGNEDPEPTIDE	3076.672599999999875	607.860717773437955	0.0	0	ALLDVAGVTVTR	2	K	F	q-value	MS-GF+_2026-09-01T17:45:52_7198454993515115019	NP_217405.1	250	261	-1
UNASSIGNEDPEPTIDE	1257.464400000000069	576.912780761718977	0.0	0	QEIENSDSDYDREK	3	R	L	q-value	MS-GF+_2026-09-01T17:45:52_7198454993515115019	NP_214954.1	348	361	-1
UNASSIGNEDPEPTIDE	1477.009800000000041	375.212188720703011	0.0	0	IEAIVASGAHR	3	R	G	q-value	MS-GF+_2026-09-01T17:45:52_7198454993515115019	NP_215649.1	402	412	-1
UNASSIGNEDPEPTIDE	2336.54930000000013	515.308471679687955	0.0	0	IALTTLNAGR	2	K	L	q-value	MS-GF+_2026-09-01T17:45:52_7198454993515115019	NP_215388.1	281	290	-1
UNASSIGNEDPEPTIDE	3313.664800000000014	566.298583984375	0.0	0	LFEFGTVYR	2	R	Y	q-value	MS-GF+_2026-09-01T17:45:52_7198454993515115019	NP_217130.1	394	402	-1
UNASSIGNEDPEPTIDE	2681.333500000000186	552.291320800781023	0.0	0	WTDVIDQVK	2	R	S	q-value	MS-GF+_2026-09-01T17:45:52_7198454993515115019	NP_218385.1	148	156	-1
UNASSIGNEDPEPTIDE	1857.226400000000012	830.919616699218977	0.0	0	MAQQIDSLGPETSKR	2	K	Y	q-value	MS-GF+_2026-09-01T17:45:52_7198454993515115019	NP_217299.1	391	405	-1
UNASSIGNEDPEPTIDE	1659.569500000000062	595.260192871093977	0.0	0	SFSADADGYTR	2	K	S	q-value	MS-GF+_2026-09-01T17:45:52_7198454993515115019	NP_218317.1	340	350	-1
UNASSIGNEDPEPTIDE	2272.777599999999893	705.890075683593977	0.0	0	QGPSSNSALVVPVR	2	R	F	q-value	MS-GF+_2026-09-01T17:45:52_7198454993515115019	NP_217449.1	1151	1164	-1
UNASSIGNEDPEPTIDE	1425.028800000000047	521.815185546875	0.0	0	LGKDVQAAIK	2	R	A	q-value	MS-GF+_2026-09-01T17:45:52_7198454993515115019	NP_216052.1	892	901	-1
UNASSIGNEDPEPTIDE	2126.469000000000051	535.284912109375	0.0	0	LQGIDVGDPR	2	R	L	q-value	MS-GF+_2026-09-01T17:45:52_7198454993515115019	NP_217269.1	265	274	-1
UNASSIGNEDPEPTIDE	2471.397699999999986	527.244323730468977	0.0	0	TSLADEFDR	2	R	V	q-value	MS-GF+_2026-09-01T17:45:52_7198454993515115019	NP_217448.1	17	25	-1
UNASSIGNEDPEPTIDE	2020.62519999999995	485.236602783203011	0.0	0	NFYSVDPK	2	R	A	q-value	MS-GF+_2026-09-01T17:45:52_7198454993515115019	NP_216578.1	804	811	-1
UNASSIGNEDPEPTIDE	2513.185300000000098	740.343383789062045	0.0	0	ELWETTM(Oxidation)DPSVR	2	K	V	q-value	MS-GF+_2026-09-01T17:45:52_7198454993515115019	NP_214519.2	619	630	-1
UNASSIGNEDPEPTIDE	2579.482399999999871	697.903869628906023	0.0	0	DLVDGAPKPLLEK	2	K	V	q-value	MS-GF+_2026-09-01T17:45:52_7198454993515115019	NP_215166.1	94	106	-1
UNASSIGNEDPEPTIDE	3440.631600000000162	836.958312988281023	0.0	0	ILMLSSNNILSPASGR	2	R	P	q-value	MS-GF+_2026-09-01T17:45:52_7198454993515115019	NP_215182.1	556	571	-1
UNASSIGNEDPEPTIDE	3653.541999999999916	586.836303710937955	0.0	0	FLAELVDLPR	2	K	E	q-value	MS-GF+_2026-09-01T17:45:52_7198454993515115019	NP_216043.1	2014	2023	-1
UNASSIGNEDPEPTIDE	2226.210700000000088	502.743713378906023	0.0	0	LGDGVDWSR	2	R	D	q-value	MS-GF+_2026-09-01T17:45:52_7198454993515115019	NP_216964.1	131	139	-1
UNASSIGNEDPEPTIDE	3088.136700000000019	557.822509765625	0.0	0	LLTLGWQQR	2	R	A	q-value	MS-GF+_2026-09-01T17:45:52_7198454993515115019	NP_217456.1	1189	1197	-1
UNASSIGNEDPEPTIDE	2789.349900000000162	646.328125	0.0	0	NMLLVSEC(Carbamidomethyl)VAR	2	R	A	q-value	MS-GF+_2026-09-01T17:45:52_7198454993515115019	NP_214762.1	544	554	-1
UNASSIGNEDPEPTIDE	2989.380000000000109	743.91748046875	0.0	0	TTLEEISALTRPR	2	M	H	q-value	MS-GF+_2026-09-01T17:45:52_7198454993515115019	NP_215965.1	1	13	-1
UNASSIGNEDPEPTIDE	2248.236300000000028	526.240112304687955	0.0	0	TGDYGTYFK	2	R	D	q-value	MS-GF+_2026-09-01T17:45:52_7198454993515115019	NP_218318.1	473	481	-1
UNASSIGNEDPEPTIDE	2349.347200000000157	572.802429199218977	0.0	0	AGATALAADLDR	2	R	L	q-value	MS-GF+_2026-09-01T17:45:52_7198454993515115019	NP_217361.1	500	511	-1
UNASSIGNEDPEPTIDE	3419.697000000000116	625.838989257812045	0.0	0	DFVTALQLDTK	2	K	L	q-value	MS-GF+_2026-09-01T17:45:52_7198454993515115019	NP_217299.1	542	552	-1
UNASSIGNEDPEPTIDE	3391.9375	560.803527832031023	0.0	0	ELLSAVFEGR	2	R	A	q-value	MS-GF+_2026-09-01T17:45:52_7198454993515115019	YP_177782.1	389	398	-1
UNASSIGNEDPEPTIDE	3309.494000000000142	545.254211425781023	0.0	0	YNLFFDDR	2	R	T	q-value	MS-GF+_2026-09-01T17:45:52_7198454993515115019	NP_216720.1	51	58	-1
UNASSIGNEDPEPTIDE	2908.447999999999865	603.311096191406023	0.0	0	LLDEFAQDVR	2	R	T	q-value	MS-GF+_2026-09-01T17:45:52_7198454993515115019	NP_217040.1	210	219	-1
UNASSIGNEDPEPTIDE	2663.889999999999873	543.811706542968977	0.0	0	VPFTVPVEAK	2	R	S	q-value	MS-GF+_2026-09-01T17:45:52_7198454993515115019	NP_217677.1	247	256	-1
UNASSIGNEDPEPTIDE	2715.989500000000135	623.005004882812045	0.0	0	AGTLATALSAEPAIRPGDR	3	R	V	q-value	MS-GF+_2026-09-01T17:45:52_7198454993515115019	NP_217106.1	94	112	-1
UNASSIGNEDPEPTIDE	1312.266800000000103	864.875427246093977	0.0	0	QEIENSDSDYDREK	2	R	L	q-value	MS-GF+_2026-09-01T17:45:52_7198454993515115019	NP_214954.1	348	361	-1
UNASSIGNEDPEPTIDE	2314.162600000000111	549.28662109375	0.0	0	WNAAIMVHR	2	R	A	q-value	MS-GF+_2026-09-01T17:45:52_7198454993515115019	NP_216757.3	85	93	-1
UNASSIGNEDPEPTIDE	1775.994799999999941	675.884582519531023	0.0	0	ARIEAIVASGAHR	2	R	G	q-value	MS-GF+_2026-09-01T17:45:52_7198454993515115019	NP_215649.1	400	412	-1
UNASSIGNEDPEPTIDE	2213.536399999999958	641.373596191406023	0.0	0	APPAPAPALAHLR	2	K	G	q-value	MS-GF+_2026-09-01T17:45:52_7198454993515115019	NP_216731.1	302	314	-1
UNASSIGNEDPEPTIDE	1887.254599999999982	517.251281738281023	0.0	0	VVDDEFPGR	2	K	V	q-value	MS-GF+_2026-09-01T17:45:52_7198454993515115019	NP_214640.1	266	274	-1
UNASSIGNEDPEPTIDE	1651.723799999999983	619.800170898437955	0.0	0	DRFEQM(Oxidation)LQR	2	R	A	q-value	MS-GF+_2026-09-01T17:45:52_7198454993515115019	NP_217040.1	770	778	-1
UNASSIGNEDPEPTIDE	1407.167500000000018	563.328125	0.0	0	RLQVQAPSAR	2	R	F	q-value	MS-GF+_2026-09-01T17:45:52_7198454993515115019	NP_216899.1	822	831	-1
UNASSIGNEDPEPTIDE	1249.150100000000066	551.265197753906023	0.0	0	FNHYLHDR	2	R	G	q-value	MS-GF+_2026-09-01T17:45:52_7198454993515115019	NP_216757.3	207	214	-1
UNASSIGNEDPEPTIDE	3182.738299999999981	627.353515625	0.0	0	TGPTIAVLYYR	2	K	A	q-value	MS-GF+_2026-09-01T17:45:52_7198454993515115019	NP_216578.1	150	160	-1
UNASSIGNEDPEPTIDE	2749.166499999999814	645.303283691406023	0.0	0	M(Oxidation)DEPVGELLDR	2	R	F	q-value	MS-GF+_2026-09-01T17:45:52_7198454993515115019	NP_217040.1	889	899	-1
UNASSIGNEDPEPTIDE	2242.44360000000006	668.312683105468977	0.0	0	LFIDDDGQEQR	2	R	A	q-value	MS-GF+_2026-09-01T17:45:52_7198454993515115019	NP_217456.1	875	885	-1
UNASSIGNEDPEPTIDE	2299.68119999999999	544.290405273437955	0.0	0	SLVDNVDAVR	2	R	G	q-value	MS-GF+_2026-09-01T17:45:52_7198454993515115019	NP_216145.1	226	235	-1
UNASSIGNEDPEPTIDE	1970.177200000000084	515.752075195312045	0.0	0	IPTQDDWR	2	R	R	q-value	MS-GF+_2026-09-01T17:45:52_7198454993515115019	NP_217567.1	538	545	-1
UNASSIGNEDPEPTIDE	2170.369999999999891	493.785186767578011	0.0	0	TLVAGVVDGR	2	K	N	q-value	MS-GF+_2026-09-01T17:45:52_7198454993515115019	NP_215649.1	287	296	-1
UNASSIGNEDPEPTIDE	2987.097200000000157	748.381103515625	0.0	0	AGAALDYSALYPAGR	2	R	L	q-value	MS-GF+_2026-09-01T17:45:52_7198454993515115019	NP_217456.1	847	861	-1
UNASSIGNEDPEPTIDE	3602.7175000000002	736.871704101562045	0.0	0	TDVELPWEQLDK	2	R	V	q-value	MS-GF+_2026-09-01T17:45:52_7198454993515115019	NP_215908.1	383	394	-1
UNASSIGNEDPEPTIDE	2500.546600000000126	773.070129394531023	0.0	0	VVVTKDETTIVEGAGDTDAIAGR	3	K	V	q-value	MS-GF+_2026-09-01T17:45:52_7198454993515115019	NP_214954.1	320	342	-1
UNASSIGNEDPEPTIDE	2743.950400000000173	542.330383300781023	0.0	0	VLQAIALAER	2	R	D	q-value	MS-GF+_2026-09-01T17:45:52_7198454993515115019	NP_218376.1	1502	1511	-1
UNASSIGNEDPEPTIDE	2240.10739999999987	396.898712158203011	0.0	0	LHVVLPGSPNR	3	R	G	q-value	MS-GF+_2026-09-01T17:45:52_7198454993515115019	NP_217040.1	2266	2276	-1
UNASSIGNEDPEPTIDE	1741.28690000000006	569.298095703125	0.0	0	FLSAATSSTPR	2	K	E	q-value	MS-GF+_2026-09-01T17:45:52_7198454993515115019	NP_216496.1	76	86	-1
UNASSIGNEDPEPTIDE	3115.856699999999819	502.793609619141023	0.0	0	IQIADIGFK	2	R	G	q-value	MS-GF+_2026-09-01T17:45:52_7198454993515115019	NP_216907.1	477	485	-1
UNASSIGNEDPEPTIDE	2424.092299999999796	533.790405273437955	0.0	0	VM(Oxidation)NLIAAYR	2	R	N	q-value	MS-GF+_2026-09-01T17:45:52_7198454993515115019	NP_215764.2	371	379	-1
UNASSIGNEDPEPTIDE	2651.242400000000089	556.764282226562045	0.0	0	VC(Carbamidomethyl)FTMAEVR	2	R	E	q-value	MS-GF+_2026-09-01T17:45:52_7198454993515115019	YP_177804.1	152	160	-1
UNASSIGNEDPEPTIDE	2047.574000000000069	559.307312011718977	0.0	0	RDEIIAAMAK	2	R	T	q-value	MS-GF+_2026-09-01T17:45:52_7198454993515115019	NP_217040.1	712	721	-1
UNASSIGNEDPEPTIDE	2757.828599999999824	485.256805419921989	0.0	0	VFSGGFDLK	2	R	I	q-value	MS-GF+_2026-09-01T17:45:52_7198454993515115019	NP_215146.1	56	64	-1
UNASSIGNEDPEPTIDE	2641.860799999999927	635.857421875	0.0	0	TVGELIQNQIR	2	R	V	q-value	MS-GF+_2026-09-01T17:45:52_7198454993515115019	NP_215181.1	373	383	-1
UNASSIGNEDPEPTIDE	2547.435800000000199	663.377197265625	0.0	0	DQVAQVTLIGPGK	2	K	G	q-value	MS-GF+_2026-09-01T17:45:52_7198454993515115019	NP_218291.1	13	25	-1
UNASSIGNEDPEPTIDE	1756.809600000000046	503.765594482421989	0.0	0	SEGGGM(Oxidation)LVLK	2	R	R	q-value	MS-GF+_2026-09-01T17:45:52_7198454993515115019	NP_218317.1	351	360	-1
UNASSIGNEDPEPTIDE	3042.745800000000145	933.952514648437955	0.0	0	VMGLFPEGTGTVASTDQR	2	R	L	q-value	MS-GF+_2026-09-01T17:45:52_7198454993515115019	NP_216564.2	3468	3485	-1
UNASSIGNEDPEPTIDE	2121.557600000000093	626.299621582031023	0.0	0	AGEIDEAEYVR	2	R	R	q-value	MS-GF+_2026-09-01T17:45:52_7198454993515115019	NP_215649.1	454	464	-1
UNASSIGNEDPEPTIDE	2724.300299999999879	598.860412597656023	0.0	0	RPLDSVLQIR	2	R	Q	q-value	MS-GF+_2026-09-01T17:45:52_7198454993515115019	NP_217643.1	311	320	-1
UNASSIGNEDPEPTIDE	3461.4050000000002	525.772827148437955	0.0	0	DYIGWLAGR	2	R	D	q-value	MS-GF+_2026-09-01T17:45:52_7198454993515115019	NP_216895.1	190	198	-1
UNASSIGNEDPEPTIDE	1863.837199999999939	609.300598144531023	0.0	0	QC(Carbamidomethyl)LVEVEGQR	2	R	K	q-value	MS-GF+_2026-09-01T17:45:52_7198454993515115019	NP_217667.1	61	70	-1
UNASSIGNEDPEPTIDE	3374.45679999999993	635.874084472656023	0.0	0	ATVGGLMLPVGVR	2	K	R	q-value	MS-GF+_2026-09-01T17:45:52_7198454993515115019	NP_215697.1	608	620	-1
UNASSIGNEDPEPTIDE	2578.143799999999828	640.326293945312045	0.0	0	PLPADPSPTLSAYAHPER	3	M	L	q-value	MS-GF+_2026-09-01T17:45:52_7198454993515115019	NP_217800.1	1	18	-1
UNASSIGNEDPEPTIDE	2121.281700000000001	744.905029296875	0.0	0	LVSENGVGTVAAGVSK	2	K	A	q-value	MS-GF+_2026-09-01T17:45:52_7198454993515115019	NP_218376.1	1033	1048	-1
UNASSIGNEDPEPTIDE	1690.725500000000011	515.797119140625	0.0	0	IVSVVTEQR	2	R	R	q-value	MS-GF+_2026-09-01T17:45:52_7198454993515115019	NP_216127.1	87	95	-1
UNASSIGNEDPEPTIDE	2342.314499999999953	628.850280761718977	0.0	0	ADILVNNAGITR	2	K	D	q-value	MS-GF+_2026-09-01T17:45:52_7198454993515115019	NP_214756.1	288	299	-1
UNASSIGNEDPEPTIDE	1381.841899999999896	789.718383789062045	0.0	0	TAASPSPSRPQSSSNNSVPGAPNR	3	K	V	q-value	MS-GF+_2026-09-01T17:45:52_7198454993515115019	NP_215181.1	8	31	-1
UNASSIGNEDPEPTIDE	2016.087299999999914	559.208129882812045	0.0	0	DWEC(Carbamidomethyl)YC(Carbamidomethyl)GK	2	R	Y	q-value	MS-GF+_2026-09-01T17:45:52_7198454993515115019	NP_215182.1	56	63	-1
UNASSIGNEDPEPTIDE	1532.430499999999938	591.280883789062045	0.0	0	RDYLDETGGR	2	R	Y	q-value	MS-GF+_2026-09-01T17:45:52_7198454993515115019	NP_217927.1	249	258	-1
UNASSIGNEDPEPTIDE	2525.292699999999968	602.961486816406023	0.0	0	LGEELYSAQC(Carbamidomethyl)VSRPPT	3	K	]	q-value	MS-GF+_2026-09-01T17:45:52_7198454993515115019	NP_216392.1	143	158	-1
UNASSIGNEDPEPTIDE	1688.876500000000078	486.267486572266023	0.0	0	ANLEQAGLR	2	R	G	q-value	MS-GF+_2026-09-01T17:45:52_7198454993515115019	NP_217456.1	1336	1344	-1
UNASSIGNEDPEPTIDE	1521.04079999999999	627.874084472656023	0.0	0	AKVNIKPLEDK	2	M	I	q-value	MS-GF+_2026-09-01T17:45:52_7198454993515115019	NP_217935.1	1	11	-1
UNASSIGNEDPEPTIDE	1731.119400000000041	508.898803710938012	0.0	0	SAAAAAGADEWHDPR	3	R	T	q-value	MS-GF+_2026-09-01T17:45:52_7198454993515115019	NP_215590.1	145	159	-1
UNASSIGNEDPEPTIDE	2015.800500000000056	581.249816894531023	0.0	0	YYEMVDDAR	2	K	I	q-value	MS-GF+_2026-09-01T17:45:52_7198454993515115019	NP_217567.1	309	317	-1
UNASSIGNEDPEPTIDE	1549.742999999999938	705.015502929687955	0.0	0	GAHTGAAASGDAVTAPM(Oxidation)QGTVVK	3	R	F	q-value	MS-GF+_2026-09-01T17:45:52_7198454993515115019	NP_217802.1	521	543	-1
UNASSIGNEDPEPTIDE	2663.239999999999782	722.385620117187955	0.0	0	SATTVDAEVLAAAPK	2	R	L	q-value	MS-GF+_2026-09-01T17:45:52_7198454993515115019	YP_177916.1	50	64	-1
UNASSIGNEDPEPTIDE	1594.188799999999901	602.648071289062045	0.0	0	RPPLPTGDPAADRDATR	3	K	A	q-value	MS-GF+_2026-09-01T17:45:52_7198454993515115019	NP_216992.1	851	867	-1
UNASSIGNEDPEPTIDE	1847.736200000000054	529.793884277343977	0.0	0	SLQLNEVQK	2	K	S	q-value	MS-GF+_2026-09-01T17:45:52_7198454993515115019	NP_217677.1	257	265	-1
UNASSIGNEDPEPTIDE	1830.544699999999921	429.202209472656023	0.0	0	SDSLWQAHDAR	3	R	Y	q-value	MS-GF+_2026-09-01T17:45:52_7198454993515115019	NP_217040.1	858	868	-1
UNASSIGNEDPEPTIDE	3182.387200000000121	779.428588867187955	0.0	0	LGLAFAADPSQQLAR	2	K	L	q-value	MS-GF+_2026-09-01T17:45:52_7198454993515115019	NP_216718.1	161	175	-1
UNASSIGNEDPEPTIDE	2618.078599999999824	722.715576171875	0.0	0	VISNGAPLAAANGVHTFATTPR	3	K	M	q-value	MS-GF+_2026-09-01T17:45:52_7198454993515115019	YP_177885.1	162	183	-1
UNASSIGNEDPEPTIDE	2204.090999999999895	477.720611572266023	0.0	0	FGTPDDFR	2	R	A	q-value	MS-GF+_2026-09-01T17:45:52_7198454993515115019	NP_215842.1	317	324	-1
UNASSIGNEDPEPTIDE	1260.788500000000113	864.871826171875	0.0	0	QEIENSDSDYDREK	2	R	L	q-value	MS-GF+_2026-09-01T17:45:52_7198454993515115019	NP_214954.1	348	361	-1
UNASSIGNEDPEPTIDE	2763.39429999999993	585.839782714843977	0.0	0	VDAENGVLLIK	2	K	G	q-value	MS-GF+_2026-09-01T17:45:52_7198454993515115019	NP_215215.1	184	194	-1
UNASSIGNEDPEPTIDE	2283.026100000000042	515.781921386718977	0.0	0	DETIAAIAAR	2	R	A	q-value	MS-GF+_2026-09-01T17:45:52_7198454993515115019	NP_215610.1	208	217	-1
UNASSIGNEDPEPTIDE	2728.270500000000084	512.784606933593977	0.0	0	FTAFLAQAR	2	R	E	q-value	MS-GF+_2026-09-01T17:45:52_7198454993515115019	NP_217940.1	214	222	-1
UNASSIGNEDPEPTIDE	1930.58179999999993	560.784423828125	0.0	0	LMLETQETR	2	R	N	q-value	MS-GF+_2026-09-01T17:45:52_7198454993515115019	NP_216960.1	95	103	-1
UNASSIGNEDPEPTIDE	1422.463700000000017	586.800720214843977	0.0	0	LGGGAPTVEESR	2	R	Q	q-value	MS-GF+_2026-09-01T17:45:52_7198454993515115019	NP_218331.1	219	230	-1
UNASSIGNEDPEPTIDE	2450.528299999999945	620.311279296875	0.0	0	ILEIGYDSSDK	2	R	G	q-value	MS-GF+_2026-09-01T17:45:52_7198454993515115019	NP_215908.1	77	87	-1
UNASSIGNEDPEPTIDE	2999.619900000000143	780.863403320312045	0.0	0	IAFLPNYDM(Oxidation)SM(Oxidation)AR	2	R	L	q-value	MS-GF+_2026-09-01T17:45:52_7198454993515115019	NP_215844.1	579	591	-1
UNASSIGNEDPEPTIDE	1548.89689999999996	611.830322265625	0.0	0	GVHESVAPSALR	2	R	Q	q-value	MS-GF+_2026-09-01T17:45:52_7198454993515115019	NP_217447.1	1399	1410	-1
UNASSIGNEDPEPTIDE	3122.127700000000004	582.307922363281023	0.0	0	WMQLLATSGR	2	R	C	q-value	MS-GF+_2026-09-01T17:45:52_7198454993515115019	NP_217446.2	253	262	-1
UNASSIGNEDPEPTIDE	2400.087599999999838	516.744323730468977	0.0	0	YPTFEGYR	2	R	Q	q-value	MS-GF+_2026-09-01T17:45:52_7198454993515115019	NP_215697.1	946	953	-1
UNASSIGNEDPEPTIDE	1792.721700000000055	474.753601074218977	0.0	0	ISEGAAMIR	2	R	S	q-value	MS-GF+_2026-09-01T17:45:52_7198454993515115019	NP_217122.1	143	151	-1
UNASSIGNEDPEPTIDE	3570.169199999999819	611.828430175781023	0.0	0	LDAVPYLFER	2	R	E	q-value	MS-GF+_2026-09-01T17:45:52_7198454993515115019	NP_214640.1	236	245	-1
UNASSIGNEDPEPTIDE	1498.225300000000061	474.233093261718977	0.0	0	VAC(Carbamidomethyl)DVIDR	2	R	A	q-value	MS-GF+_2026-09-01T17:45:52_7198454993515115019	NP_214668.1	338	345	-1
UNASSIGNEDPEPTIDE	2819.596700000000055	522.309326171875	0.0	0	ALETIELVR	2	K	A	q-value	MS-GF+_2026-09-01T17:45:52_7198454993515115019	NP_216043.1	1803	1811	-1
UNASSIGNEDPEPTIDE	2686.868199999999888	796.942321777343977	0.0	0	INAIANPQLPTVGER	2	K	F	q-value	MS-GF+_2026-09-01T17:45:52_7198454993515115019	NP_217299.1	653	667	-1
UNASSIGNEDPEPTIDE	2965.952999999999975	457.790802001953011	6.1652281134402e-04	0	PLIVFTPK	2	R	S	q-value	MS-GF+_2026-09-01T17:45:52_7198454993515115019	NP_215764.2	1066	1073	-1
UNASSIGNEDPEPTIDE	2495.597400000000107	471.791412353516023	6.1652281134402e-04	0	ASLGIIAAAR	2	R	S	q-value	MS-GF+_2026-09-01T17:45:52_7198454993515115019	YP_177816.1	287	296	-1
UNASSIGNEDPEPTIDE	1678.049600000000055	352.540710449218977	6.1652281134402e-04	0	VNIKPLEDK	3	K	I	q-value	MS-GF+_2026-09-01T17:45:52_7198454993515115019	NP_217935.1	3	11	-1
UNASSIGNEDPEPTIDE	2955.457800000000134	572.772827148437955	6.1652281134402e-04	0	MDLFEYQAK	2	[	E	q-value	MS-GF+_2026-09-01T17:45:52_7198454993515115019	NP_215466.1	0	8	-1
UNASSIGNEDPEPTIDE	2920.677999999999884	565.29638671875	6.1652281134402e-04	0	DAGALVEAIDR	2	R	F	q-value	MS-GF+_2026-09-01T17:45:52_7198454993515115019	NP_216895.1	681	691	-1
UNASSIGNEDPEPTIDE	2112.560800000000199	601.276672363281023	6.1652281134402e-04	0	TFDASADGYVR	2	K	G	q-value	MS-GF+_2026-09-01T17:45:52_7198454993515115019	NP_217449.1	262	272	-1
UNASSIGNEDPEPTIDE	2521.359899999999925	443.7744140625	6.1652281134402e-04	0	YLGPLVPK	2	R	Q	q-value	MS-GF+_2026-09-01T17:45:52_7198454993515115019	NP_216424.1	425	432	-1
UNASSIGNEDPEPTIDE	2011.251199999999926	655.805725097656023	6.1652281134402e-04	0	EGGGVPYSEYPR	2	R	F	q-value	MS-GF+_2026-09-01T17:45:52_7198454993515115019	NP_216774.1	125	136	-1
UNASSIGNEDPEPTIDE	1473.747800000000098	571.818786621093977	6.1652281134402e-04	0	GAAGTAAQAAVVR	2	R	F	q-value	MS-GF+_2026-09-01T17:45:52_7198454993515115019	NP_218391.1	44	56	-1
UNASSIGNEDPEPTIDE	1896.924299999999903	553.286376953125	6.1652281134402e-04	0	LATPDQGFTR	2	K	S	q-value	MS-GF+_2026-09-01T17:45:52_7198454993515115019	NP_217487.1	82	91	-1
UNASSIGNEDPEPTIDE	2259.647199999999884	653.845275878906023	6.1652281134402e-04	0	SVGADAYAVAVQR	2	R	L	q-value	MS-GF+_2026-09-01T17:45:52_7198454993515115019	NP_218331.1	92	104	-1
UNASSIGNEDPEPTIDE	2428.411999999999807	453.749603271483977	6.1652281134402e-04	0	VDAIVFDK	2	R	T	q-value	MS-GF+_2026-09-01T17:45:52_7198454993515115019	NP_217787.1	401	408	-1
UNASSIGNEDPEPTIDE	1813.052699999999959	529.796081542968977	6.1652281134402e-04	0	VEIADIDKR	2	R	G	q-value	MS-GF+_2026-09-01T17:45:52_7198454993515115019	NP_217299.1	718	726	-1
UNASSIGNEDPEPTIDE	2573.552000000000135	588.822082519531023	6.1652281134402e-04	0	QTVLFDQAVR	2	R	N	q-value	MS-GF+_2026-09-01T17:45:52_7198454993515115019	NP_216564.2	804	813	-1
UNASSIGNEDPEPTIDE	2649.433799999999792	891.955200195312045	6.1652281134402e-04	0	SNGLIAPNQDAQADVLR	2	R	R	q-value	MS-GF+_2026-09-01T17:45:52_7198454993515115019	NP_218317.1	387	403	-1
UNASSIGNEDPEPTIDE	1373.79079999999999	726.856323242187955	6.1652281134402e-04	0	FRPGDDDAPAHVR	2	R	A	q-value	MS-GF+_2026-09-01T17:45:52_7198454993515115019	NP_215145.1	1038	1050	-1
UNASSIGNEDPEPTIDE	2242.965799999999945	634.816711425781023	6.1652281134402e-04	0	PGANFTYNSIGK	2	K	D	q-value	MS-GF+_2026-09-01T17:45:52_7198454993515115019	NP_217561.1	109	120	-1
UNASSIGNEDPEPTIDE	2557.265600000000177	525.26611328125	6.1652281134402e-04	0	GEEIFAEVR	2	R	L	q-value	MS-GF+_2026-09-01T17:45:52_7198454993515115019	NP_216564.2	1092	1100	-1
UNASSIGNEDPEPTIDE	2441.244599999999991	545.82177734375	6.1652281134402e-04	0	LILDVPHAGR	2	K	S	q-value	MS-GF+_2026-09-01T17:45:52_7198454993515115019	NP_216043.1	1738	1747	-1
UNASSIGNEDPEPTIDE	1676.851400000000012	505.249694824218977	6.1652281134402e-04	0	EVLDQYSR	2	R	N	q-value	MS-GF+_2026-09-01T17:45:52_7198454993515115019	NP_217567.1	53	60	-1
UNASSIGNEDPEPTIDE	1820.374000000000024	521.287170410156023	6.1652281134402e-04	0	QIPAADASLR	2	R	E	q-value	MS-GF+_2026-09-01T17:45:52_7198454993515115019	YP_177916.1	115	124	-1
UNASSIGNEDPEPTIDE	3129.865200000000186	545.815612792968977	6.1652281134402e-04	0	LAAEGILFTR	2	R	A	q-value	MS-GF+_2026-09-01T17:45:52_7198454993515115019	YP_177712.1	40	49	-1
UNASSIGNEDPEPTIDE	1914.535200000000032	437.743896484375	6.1652281134402e-04	0	ILGPTSMR	2	R	D	q-value	MS-GF+_2026-09-01T17:45:52_7198454993515115019	NP_215980.1	330	337	-1
UNASSIGNEDPEPTIDE	1839.239700000000084	492.708190917968977	6.1652281134402e-04	0	AESFDEMR	2	R	H	q-value	MS-GF+_2026-09-01T17:45:52_7198454993515115019	NP_216392.1	45	52	-1
UNASSIGNEDPEPTIDE	1934.517499999999927	523.3046875	6.1652281134402e-04	0	LTTQVSLAGR	2	R	F	q-value	MS-GF+_2026-09-01T17:45:52_7198454993515115019	NP_216960.1	449	458	-1
UNASSIGNEDPEPTIDE	3180.223399999999856	487.296203613281023	6.1652281134402e-04	0	LGTMGLILR	2	K	G	q-value	MS-GF+_2026-09-01T17:45:52_7198454993515115019	NP_217791.1	101	109	-1
UNASSIGNEDPEPTIDE	2489.520799999999781	620.30322265625	6.1652281134402e-04	0	ADVGAMQSFVSK	2	R	Y	q-value	MS-GF+_2026-09-01T17:45:52_7198454993515115019	NP_217394.1	101	112	-1
UNASSIGNEDPEPTIDE	1370.625700000000052	576.782104492187955	6.1652281134402e-04	0	GQYSPTSEVGK	2	K	V	q-value	MS-GF+_2026-09-01T17:45:52_7198454993515115019	NP_216970.1	167	177	-1
UNASSIGNEDPEPTIDE	3258.207499999999982	538.290893554687955	6.1652281134402e-04	0	MQLGMIGLGR	2	[	M	q-value	MS-GF+_2026-09-01T17:45:52_7198454993515115019	NP_215638.1	0	9	-1
UNASSIGNEDPEPTIDE	2289.475600000000213	503.774688720703011	6.1652281134402e-04	0	AM(Oxidation)DLILTGR	2	K	T	q-value	MS-GF+_2026-09-01T17:45:52_7198454993515115019	NP_215586.1	154	162	-1
UNASSIGNEDPEPTIDE	1766.232500000000073	468.592712402343977	6.1652281134402e-04	0	ALHSVGAPLEPGQK	3	K	D	q-value	MS-GF+_2026-09-01T17:45:52_7198454993515115019	NP_214725.1	178	191	-1
UNASSIGNEDPEPTIDE	3243.858400000000074	521.759399414062045	6.1652281134402e-04	0	TFWTQFGR	2	R	V	q-value	MS-GF+_2026-09-01T17:45:52_7198454993515115019	NP_216815.1	389	396	-1
UNASSIGNEDPEPTIDE	3578.156700000000001	764.872680664062045	6.1652281134402e-04	0	IAFLPNYDMSMAR	2	R	L	q-value	MS-GF+_2026-09-01T17:45:52_7198454993515115019	NP_215844.1	579	591	-1
UNASSIGNEDPEPTIDE	3102.460399999999936	633.331787109375	6.1652281134402e-04	0	LEFFNPANSVK	2	K	D	q-value	MS-GF+_2026-09-01T17:45:52_7198454993515115019	YP_177868.1	33	43	-1
UNASSIGNEDPEPTIDE	3286.322000000000116	599.838012695312045	6.1652281134402e-04	0	AAELMGIQIPR	2	R	F	q-value	MS-GF+_2026-09-01T17:45:52_7198454993515115019	NP_217667.1	36	46	-1
UNASSIGNEDPEPTIDE	2871.797900000000027	479.775207519531023	6.1652281134402e-04	0	TMVELLPR	2	R	F	q-value	MS-GF+_2026-09-01T17:45:52_7198454993515115019	NP_217106.1	74	81	-1
UNASSIGNEDPEPTIDE	3571.727800000000116	515.81787109375	6.1652281134402e-04	0	IGVLSFPLGK	2	R	Q	q-value	MS-GF+_2026-09-01T17:45:52_7198454993515115019	NP_214634.1	373	382	-1
UNASSIGNEDPEPTIDE	2464.491700000000037	659.879699707031023	6.1652281134402e-04	0	VPPGPGQIEVAVR	2	R	A	q-value	MS-GF+_2026-09-01T17:45:52_7198454993515115019	NP_218342.1	1448	1460	-1
UNASSIGNEDPEPTIDE	2165.244400000000041	515.798217773437955	6.1652281134402e-04	0	VSAELITAAR	2	K	A	q-value	MS-GF+_2026-09-01T17:45:52_7198454993515115019	NP_217544.1	17	26	-1
UNASSIGNEDPEPTIDE	3079.894999999999982	601.814086914062045	6.1652281134402e-04	0	DLQMLEGQLR	2	R	I	q-value	MS-GF+_2026-09-01T17:45:52_7198454993515115019	NP_215454.1	169	178	-1
UNASSIGNEDPEPTIDE	3428.172599999999875	507.819396972656023	6.1652281134402e-04	0	NVLLTVLSR	2	R	L	q-value	MS-GF+_2026-09-01T17:45:52_7198454993515115019	NP_215611.1	356	364	-1
UNASSIGNEDPEPTIDE	3241.393000000000029	552.796875	6.1652281134402e-04	0	VPFMVLAGDR	2	K	D	q-value	MS-GF+_2026-09-01T17:45:52_7198454993515115019	NP_217130.1	630	639	-1
UNASSIGNEDPEPTIDE	1927.989100000000008	527.24072265625	6.1652281134402e-04	0	NDQWYTAR	2	R	L	q-value	MS-GF+_2026-09-01T17:45:52_7198454993515115019	NP_216043.1	1390	1397	-1
UNASSIGNEDPEPTIDE	3253.307099999999991	714.364807128906023	6.1652281134402e-04	0	LFMLSSTSSDALR	2	R	Q	q-value	MS-GF+_2026-09-01T17:45:52_7198454993515115019	NP_217456.1	448	460	-1
UNASSIGNEDPEPTIDE	2157.890400000000227	619.793579101562045	6.1652281134402e-04	0	YLDGASNGAWGK	2	K	G	q-value	MS-GF+_2026-09-01T17:45:52_7198454993515115019	YP_177769.1	199	210	-1
UNASSIGNEDPEPTIDE	1811.748000000000047	498.264709472656023	6.1652281134402e-04	0	TDHGLSLPR	2	K	R	q-value	MS-GF+_2026-09-01T17:45:52_7198454993515115019	NP_218227.3	442	450	-1
UNASSIGNEDPEPTIDE	2162.227499999999964	595.299011230468977	6.1652281134402e-04	0	ILSDWSGQQR	2	R	H	q-value	MS-GF+_2026-09-01T17:45:52_7198454993515115019	NP_218376.1	1480	1489	-1
UNASSIGNEDPEPTIDE	1847.213400000000092	571.351684570312045	6.1652281134402e-04	0	RLVIVESPTK	2	R	A	q-value	MS-GF+_2026-09-01T17:45:52_7198454993515115019	NP_218163.1	18	27	-1
UNASSIGNEDPEPTIDE	2638.388699999999972	501.752990722656023	6.1652281134402e-04	0	AEFIYTMK	2	M	K	q-value	MS-GF+_2026-09-01T17:45:52_7198454993515115019	NP_216993.1	1	8	-1
UNASSIGNEDPEPTIDE	1646.34030000000007	559.277893066406023	6.1652281134402e-04	0	EATAELADAAR	2	R	T	q-value	MS-GF+_2026-09-01T17:45:52_7198454993515115019	NP_216895.1	244	254	-1
UNASSIGNEDPEPTIDE	1916.325700000000097	520.237609863281023	6.1652281134402e-04	0	DADDTVTFR	2	R	T	q-value	MS-GF+_2026-09-01T17:45:52_7198454993515115019	NP_217448.1	863	871	-1
UNASSIGNEDPEPTIDE	1372.348899999999958	458.899200439453011	6.1652281134402e-04	0	SAVLSTHC(Carbamidomethyl)STVGR	3	K	N	q-value	MS-GF+_2026-09-01T17:45:52_7198454993515115019	NP_214558.1	196	208	-1
UNASSIGNEDPEPTIDE	1860.370699999999943	636.282775878906023	6.1652281134402e-04	0	ASLAEYM(Oxidation)DAER	2	R	L	q-value	MS-GF+_2026-09-01T17:45:52_7198454993515115019	YP_177885.1	218	228	-1
UNASSIGNEDPEPTIDE	2783.065200000000004	487.273895263671989	6.1652281134402e-04	0	MPAVTDLVK	2	R	E	q-value	MS-GF+_2026-09-01T17:45:52_7198454993515115019	NP_214864.1	318	326	-1
UNASSIGNEDPEPTIDE	1468.313400000000001	438.226104736328011	6.1652281134402e-04	0	GGVHVTDVTNASR	3	R	T	q-value	MS-GF+_2026-09-01T17:45:52_7198454993515115019	NP_218213.1	189	201	-1
UNASSIGNEDPEPTIDE	2437.944300000000112	477.79150390625	6.1652281134402e-04	0	PTIQQLVR	2	M	K	q-value	MS-GF+_2026-09-01T17:45:52_7198454993515115019	NP_215196.1	1	8	-1
UNASSIGNEDPEPTIDE	2038.034000000000106	594.814086914062045	6.1652281134402e-04	0	VLSLAQDTADR	2	R	L	q-value	MS-GF+_2026-09-01T17:45:52_7198454993515115019	NP_216661.1	105	115	-1
UNASSIGNEDPEPTIDE	3400.08199999999988	603.8134765625	6.1652281134402e-04	0	NEVFAAWIEK	2	R	V	q-value	MS-GF+_2026-09-01T17:45:52_7198454993515115019	NP_218317.1	733	742	-1
UNASSIGNEDPEPTIDE	3735.419699999999921	645.332397460937955	6.1652281134402e-04	0	FFEAFAPYGLK	2	K	Q	q-value	MS-GF+_2026-09-01T17:45:52_7198454993515115019	NP_218318.1	331	341	-1
UNASSIGNEDPEPTIDE	1606.318400000000111	583.792785644531023	6.1652281134402e-04	0	LTGMTSSVASGR	2	R	V	q-value	MS-GF+_2026-09-01T17:45:52_7198454993515115019	NP_216564.2	173	184	-1
UNASSIGNEDPEPTIDE	1864.760299999999916	415.248809814453011	6.1652281134402e-04	0	ANLASVVR	2	R	N	q-value	MS-GF+_2026-09-01T17:45:52_7198454993515115019	NP_216145.1	244	251	-1
UNASSIGNEDPEPTIDE	3212.400000000000091	542.823425292968977	6.1652281134402e-04	0	KNHKVFRR	2	R	R	q-value	MS-GF+_2026-09-01T17:45:52_7198454993515115019	YP_177821.1;DECOY_YP_177821.1	587;587	594;594	-1
UNASSIGNEDPEPTIDE	2392.153600000000097	523.259887695312045	6.1652281134402e-04	0	VYSYWATR	2	K	N	q-value	MS-GF+_2026-09-01T17:45:52_7198454993515115019	NP_216027.1	157	164	-1
UNASSIGNEDPEPTIDE	1999.457799999999907	473.746307373046989	6.1652281134402e-04	0	SEIEEALR	2	K	Y	q-value	MS-GF+_2026-09-01T17:45:52_7198454993515115019	NP_214877.1	259	266	-1
UNASSIGNEDPEPTIDE	3227.06269999999995	511.289093017578011	6.1652281134402e-04	0	VGLTDLTFR	2	R	L	q-value	MS-GF+_2026-09-01T17:45:52_7198454993515115019	NP_214516.1	7	15	-1
UNASSIGNEDPEPTIDE	1472.260700000000043	576.287902832031023	6.1652281134402e-04	0	YPDATTGTAVR	2	K	A	q-value	MS-GF+_2026-09-01T17:45:52_7198454993515115019	YP_177769.1	321	331	-1
UNASSIGNEDPEPTIDE	1592.607899999999972	470.732391357421989	6.1652281134402e-04	0	DVVAAYM(Oxidation)R	2	R	H	q-value	MS-GF+_2026-09-01T17:45:52_7198454993515115019	NP_214780.1	901	908	-1
UNASSIGNEDPEPTIDE	1499.407799999999952	469.731201171875	6.1652281134402e-04	0	VTADDVYR	2	R	E	q-value	MS-GF+_2026-09-01T17:45:52_7198454993515115019	NP_215810.1	219	226	-1
UNASSIGNEDPEPTIDE	2256.295399999999972	499.223602294921989	6.1652281134402e-04	0	NDVDMFTR	2	R	S	q-value	MS-GF+_2026-09-01T17:45:52_7198454993515115019	NP_215839.1	160	167	-1
UNASSIGNEDPEPTIDE	2284.361300000000028	578.322692871093977	6.1652281134402e-04	0	IVAGDVPESLR	2	R	D	q-value	MS-GF+_2026-09-01T17:45:52_7198454993515115019	NP_214898.1	222	232	-1
UNASSIGNEDPEPTIDE	1566.524799999999914	558.805725097656023	6.1652281134402e-04	0	TDRVSVGNLR	2	M	I	q-value	MS-GF+_2026-09-01T17:45:52_7198454993515115019	NP_216353.1	1	10	-1
UNASSIGNEDPEPTIDE	1711.196500000000015	530.307373046875	6.1652281134402e-04	0	LEAAGATVTVK	2	K	]	q-value	MS-GF+_2026-09-01T17:45:52_7198454993515115019	NP_215166.1	119	129	-1
UNASSIGNEDPEPTIDE	2043.133000000000038	499.291687011718977	6.1652281134402e-04	0	SNLVAAGPIR	2	R	T	q-value	MS-GF+_2026-09-01T17:45:52_7198454993515115019	NP_216000.1	185	194	-1
UNASSIGNEDPEPTIDE	1672.48720000000003	590.79248046875	6.1652281134402e-04	0	TC(Carbamidomethyl)TGYPVVQR	2	K	N	q-value	MS-GF+_2026-09-01T17:45:52_7198454993515115019	NP_217800.1	143	152	-1
UNASSIGNEDPEPTIDE	1594.488399999999956	429.264312744141023	6.1652281134402e-04	0	IVLAAGGTR	2	R	E	q-value	MS-GF+_2026-09-01T17:45:52_7198454993515115019	NP_215315.1	285	293	-1
UNASSIGNEDPEPTIDE	1680.24980000000005	669.35498046875	6.1652281134402e-04	0	LC(Carbamidomethyl)PAPLRPEER	2	R	Q	q-value	MS-GF+_2026-09-01T17:45:52_7198454993515115019	NP_216043.1	1398	1408	-1
UNASSIGNEDPEPTIDE	2991.702400000000125	443.217102050781023	6.1652281134402e-04	0	FFDGFPR	2	R	N	q-value	MS-GF+_2026-09-01T17:45:52_7198454993515115019	NP_215411.1	122	128	-1
UNASSIGNEDPEPTIDE	1699.189300000000003	629.869995117187955	6.1652281134402e-04	0	AKLEAAGATVTVK	2	K	]	q-value	MS-GF+_2026-09-01T17:45:52_7198454993515115019	NP_215166.1	117	129	-1
UNASSIGNEDPEPTIDE	2305.153800000000047	596.782775878906023	6.1652281134402e-04	0	NADGDIEFVGR	2	R	A	q-value	MS-GF+_2026-09-01T17:45:52_7198454993515115019	NP_216896.3	809	819	-1
UNASSIGNEDPEPTIDE	2364.229499999999916	656.848083496093977	6.1652281134402e-04	0	KPPAFEELEPR	2	R	T	q-value	MS-GF+_2026-09-01T17:45:52_7198454993515115019	NP_215826.1	133	143	-1
UNASSIGNEDPEPTIDE	3257.028999999999996	467.789215087891023	6.1652281134402e-04	0	ISYLLGLR	2	R	G	q-value	MS-GF+_2026-09-01T17:45:52_7198454993515115019	NP_217448.1	187	194	-1
UNASSIGNEDPEPTIDE	1562.725200000000086	591.810119628906023	6.1652281134402e-04	0	PSDLGGNNLPAK	2	K	F	q-value	MS-GF+_2026-09-01T17:45:52_7198454993515115019	NP_218321.1	258	269	-1
UNASSIGNEDPEPTIDE	3595.248799999999846	681.925170898437955	6.1652281134402e-04	0	AAIEALGPIALPVK	2	K	T	q-value	MS-GF+_2026-09-01T17:45:52_7198454993515115019	NP_214570.1	69	82	-1
UNASSIGNEDPEPTIDE	2321.521699999999782	635.365600585937955	6.1652281134402e-04	0	IIVGQDQLVER	2	R	M	q-value	MS-GF+_2026-09-01T17:45:52_7198454993515115019	YP_177816.1	52	62	-1
UNASSIGNEDPEPTIDE	2259.388699999999972	538.754028320312045	6.1652281134402e-04	0	EATWLGDER	2	K	Y	q-value	MS-GF+_2026-09-01T17:45:52_7198454993515115019	NP_216424.1	200	208	-1
UNASSIGNEDPEPTIDE	1461.150900000000092	485.749786376953011	6.1652281134402e-04	0	GAQLVDDPR	2	R	V	q-value	MS-GF+_2026-09-01T17:45:52_7198454993515115019	YP_177953.1	213	221	-1
UNASSIGNEDPEPTIDE	2532.87960000000021	592.311889648437955	6.1652281134402e-04	0	AVIFGTYEQR	2	R	]	q-value	MS-GF+_2026-09-01T17:45:52_7198454993515115019	NP_216656.1	166	175	-1
UNASSIGNEDPEPTIDE	2050.682999999999993	542.263427734375	6.1652281134402e-04	0	VQADFANYR	2	R	K	q-value	MS-GF+_2026-09-01T17:45:52_7198454993515115019	NP_214865.1	64	72	-1
UNASSIGNEDPEPTIDE	2283.285199999999804	650.362182617187955	6.1652281134402e-04	0	IEDTLVVAGGTPK	2	R	M	q-value	MS-GF+_2026-09-01T17:45:52_7198454993515115019	NP_217051.1	337	349	-1
UNASSIGNEDPEPTIDE	2321.023999999999887	539.781127929687955	6.1652281134402e-04	0	SVEFAEQIR	2	R	R	q-value	MS-GF+_2026-09-01T17:45:52_7198454993515115019	NP_216043.1;NP_217456.1	1611;1611	1619;1619	-1
UNASSIGNEDPEPTIDE	1998.330999999999904	467.260986328125	6.1652281134402e-04	0	YPNVAITR	2	R	V	q-value	MS-GF+_2026-09-01T17:45:52_7198454993515115019	NP_217139.1	230	237	-1
UNASSIGNEDPEPTIDE	1624.126299999999901	576.327514648437955	6.1652281134402e-04	0	VVLTHDIAQR	2	R	D	q-value	MS-GF+_2026-09-01T17:45:52_7198454993515115019	NP_215611.1	371	380	-1
UNASSIGNEDPEPTIDE	1735.83829999999989	429.228912353516023	6.1652281134402e-04	0	LAYATYR	2	R	E	q-value	MS-GF+_2026-09-01T17:45:52_7198454993515115019	NP_215964.1	239	245	-1
UNASSIGNEDPEPTIDE	2281.43119999999999	548.269714355468977	6.1652281134402e-04	0	TTLIDVDEHTDVER	3	R	V	q-value	MS-GF+_2026-09-01T17:45:52_7198454993515115019	NP_217456.1	1359	1372	-1
UNASSIGNEDPEPTIDE	2315.305199999999786	448.23779296875	6.1652281134402e-04	0	FPFTANAK	2	K	A	q-value	MS-GF+_2026-09-01T17:45:52_7198454993515115019	NP_214976.1	376	383	-1
UNASSIGNEDPEPTIDE	1625.27819999999997	486.757507324218977	6.1652281134402e-04	0	ALGQIEADR	2	R	T	q-value	MS-GF+_2026-09-01T17:45:52_7198454993515115019	NP_218317.1	1717	1725	-1
UNASSIGNEDPEPTIDE	2804.330599999999777	480.251403808593977	6.1652281134402e-04	0	ALDWIGER	2	K	L	q-value	MS-GF+_2026-09-01T17:45:52_7198454993515115019	YP_177855.1	446	453	-1
UNASSIGNEDPEPTIDE	2013.866600000000062	753.352294921875	6.1652281134402e-04	0	FDGTPLYEHSDPK	2	R	R	q-value	MS-GF+_2026-09-01T17:45:52_7198454993515115019	NP_215842.1	356	368	-1
UNASSIGNEDPEPTIDE	2285.996999999999844	434.909790039061988	6.1652281134402e-04	0	VGLRPDQVSFGK	3	R	L	q-value	MS-GF+_2026-09-01T17:45:52_7198454993515115019	NP_214914.1	319	330	-1
UNASSIGNEDPEPTIDE	2714.795700000000124	472.260009765625	6.1652281134402e-04	0	ANGINLWR	2	K	V	q-value	MS-GF+_2026-09-01T17:45:52_7198454993515115019	NP_216348.1	404	411	-1
UNASSIGNEDPEPTIDE	1899.940000000000055	758.370483398437955	6.1652281134402e-04	0	IAEHEM(Oxidation)PGLM(Oxidation)SLR	2	R	R	q-value	MS-GF+_2026-09-01T17:45:52_7198454993515115019	NP_217765.1	37	49	-1
UNASSIGNEDPEPTIDE	1718.984099999999899	491.825286865233977	6.1652281134402e-04	0	IVASIPVKR	2	R	L	q-value	MS-GF+_2026-09-01T17:45:52_7198454993515115019	NP_216564.2	4090	4098	-1
UNASSIGNEDPEPTIDE	2272.515100000000075	594.336791992187955	6.1652281134402e-04	0	VLVLSTPSDTR	2	K	A	q-value	MS-GF+_2026-09-01T17:45:52_7198454993515115019	NP_217643.1	229	239	-1
UNASSIGNEDPEPTIDE	1391.188000000000102	489.914794921875	6.1652281134402e-04	0	RVDQDELAAASHR	3	K	N	q-value	MS-GF+_2026-09-01T17:45:52_7198454993515115019	NP_214757.1	197	209	-1
UNASSIGNEDPEPTIDE	1480.081899999999905	606.783081054687955	6.1652281134402e-04	0	AGITAGM(Oxidation)SMTEK	2	K	Q	q-value	MS-GF+_2026-09-01T17:45:52_7198454993515115019	NP_215186.1	170	181	-1
UNASSIGNEDPEPTIDE	2950.539000000000215	460.260986328125	6.1652281134402e-04	0	FAQWVIR	2	R	A	q-value	MS-GF+_2026-09-01T17:45:52_7198454993515115019	NP_216907.1	549	555	-1
UNASSIGNEDPEPTIDE	1771.234300000000076	407.197509765625	6.1652281134402e-04	0	AGYAFER	2	K	I	q-value	MS-GF+_2026-09-01T17:45:52_7198454993515115019	NP_216631.1	225	231	-1
UNASSIGNEDPEPTIDE	1551.275900000000092	667.317077636718977	6.1652281134402e-04	0	SGTTEPDAGLTER	2	K	L	q-value	MS-GF+_2026-09-01T17:45:52_7198454993515115019	NP_217105.1	387	399	-1
UNASSIGNEDPEPTIDE	2645.203399999999874	423.921508789061988	6.1652281134402e-04	0	LVSAATATGLPLR	3	R	G	q-value	MS-GF+_2026-09-01T17:45:52_7198454993515115019	NP_217456.1	1833	1845	-1
UNASSIGNEDPEPTIDE	3202.213900000000194	492.803894042968977	6.1652281134402e-04	0	VLLWAVQR	2	K	L	q-value	MS-GF+_2026-09-01T17:45:52_7198454993515115019	NP_217040.1	2241	2248	-1
UNASSIGNEDPEPTIDE	3330.235000000000127	693.384399414062045	6.1652281134402e-04	0	ALAGFQGADGLLPR	2	R	R	q-value	MS-GF+_2026-09-01T17:45:52_7198454993515115019	NP_215145.1	251	264	-1
UNASSIGNEDPEPTIDE	1951.684400000000096	498.299011230468977	6.1652281134402e-04	0	AIITEALHK	2	R	I	q-value	MS-GF+_2026-09-01T17:45:52_7198454993515115019	NP_217449.1	9	17	-1
UNASSIGNEDPEPTIDE	2924.170700000000124	611.823974609375	6.1652281134402e-04	0	ELSGSSNLLFR	2	R	R	q-value	MS-GF+_2026-09-01T17:45:52_7198454993515115019	NP_215717.1	279	289	-1
UNASSIGNEDPEPTIDE	1536.071699999999964	507.768798828125	6.1652281134402e-04	0	GAAAAAIADGAR	2	R	I	q-value	MS-GF+_2026-09-01T17:45:52_7198454993515115019	NP_218376.1	616	627	-1
UNASSIGNEDPEPTIDE	2453.80600000000004	450.760986328125	6.1652281134402e-04	0	VLDVEGLR	2	R	S	q-value	MS-GF+_2026-09-01T17:45:52_7198454993515115019	NP_217621.1	28	35	-1
UNASSIGNEDPEPTIDE	2014.467499999999973	578.820495605468977	6.1652281134402e-04	0	SVLETGQPGLR	2	K	I	q-value	MS-GF+_2026-09-01T17:45:52_7198454993515115019	NP_216631.1	532	542	-1
UNASSIGNEDPEPTIDE	1368.576299999999947	403.545806884766023	6.1652281134402e-04	0	LRPQSAM(Oxidation)SFR	3	R	E	q-value	MS-GF+_2026-09-01T17:45:52_7198454993515115019	NP_216896.3	277	286	-1
UNASSIGNEDPEPTIDE	2789.981699999999819	409.204986572266023	6.1652281134402e-04	0	EWDALLHADR	3	R	D	q-value	MS-GF+_2026-09-01T17:45:52_7198454993515115019	NP_216757.3	297	306	-1
UNASSIGNEDPEPTIDE	2700.934000000000197	412.227203369141023	6.1652281134402e-04	0	IPGSFFR	2	R	R	q-value	MS-GF+_2026-09-01T17:45:52_7198454993515115019	NP_217299.1	84	90	-1
UNASSIGNEDPEPTIDE	2559.58640000000014	456.732788085938012	6.1652281134402e-04	0	GGFELAYR	2	R	L	q-value	MS-GF+_2026-09-01T17:45:52_7198454993515115019	NP_215146.1	80	87	-1
UNASSIGNEDPEPTIDE	2968.91820000000007	435.253295898438012	6.1652281134402e-04	0	LGLAGWPR	2	R	A	q-value	MS-GF+_2026-09-01T17:45:52_7198454993515115019	NP_215897.1	198	205	-1
UNASSIGNEDPEPTIDE	2789.688200000000052	521.816528320312045	6.1652281134402e-04	0	LTAAGLVLER	2	R	I	q-value	MS-GF+_2026-09-01T17:45:52_7198454993515115019	NP_215127.1	163	172	-1
UNASSIGNEDPEPTIDE	3096.179399999999987	613.343505859375	6.1652281134402e-04	0	ELGLPEEIVAR	2	R	Q	q-value	MS-GF+_2026-09-01T17:45:52_7198454993515115019	NP_217913.1	388	398	-1
UNASSIGNEDPEPTIDE	1841.043300000000045	523.757080078125	6.1652281134402e-04	0	AEQLDSDRL	2	K	]	q-value	MS-GF+_2026-09-01T17:45:52_7198454993515115019	NP_215614.1	465	473	-1
UNASSIGNEDPEPTIDE	1585.258499999999913	372.721984863281023	6.1652281134402e-04	0	VSVGNLR	2	R	I	q-value	MS-GF+_2026-09-01T17:45:52_7198454993515115019	NP_216353.1	4	10	-1
UNASSIGNEDPEPTIDE	1889.107799999999997	433.246307373046989	6.1652281134402e-04	0	RIPAATAEALER	3	R	T	q-value	MS-GF+_2026-09-01T17:45:52_7198454993515115019	NP_217451.1	1432	1443	-1
UNASSIGNEDPEPTIDE	2197.052499999999782	744.9033203125	6.1652281134402e-04	0	LVSENGVGTVAAGVSK	2	K	A	q-value	MS-GF+_2026-09-01T17:45:52_7198454993515115019	NP_218376.1	1033	1048	-1
UNASSIGNEDPEPTIDE	1675.455899999999929	409.222290039061988	6.1652281134402e-04	0	MAFHAIK	2	R	A	q-value	MS-GF+_2026-09-01T17:45:52_7198454993515115019	NP_215590.1	98	104	-1
UNASSIGNEDPEPTIDE	1795.354199999999992	517.223571777343977	6.1652281134402e-04	0	SNAM(Oxidation)EYFR	2	R	Q	q-value	MS-GF+_2026-09-01T17:45:52_7198454993515115019	YP_177855.1	1206	1213	-1
UNASSIGNEDPEPTIDE	2631.233999999999924	612.299682617187955	6.1652281134402e-04	0	FLC(Carbamidomethyl)PVPGYDR	2	K	H	q-value	MS-GF+_2026-09-01T17:45:52_7198454993515115019	NP_218239.2	131	140	-1
UNASSIGNEDPEPTIDE	3250.911399999999958	443.272888183593977	6.1652281134402e-04	0	NILGLDIK	2	K	G	q-value	MS-GF+_2026-09-01T17:45:52_7198454993515115019	NP_215466.1	73	80	-1
UNASSIGNEDPEPTIDE	1619.565900000000056	472.751190185546989	6.1652281134402e-04	0	DHLYIAGR	2	K	I	q-value	MS-GF+_2026-09-01T17:45:52_7198454993515115019	NP_218318.1	482	489	-1
UNASSIGNEDPEPTIDE	3093.154799999999796	650.849487304687955	6.1652281134402e-04	0	EDYQILGPLPR	2	K	K	q-value	MS-GF+_2026-09-01T17:45:52_7198454993515115019	NP_217071.1	214	224	-1
UNASSIGNEDPEPTIDE	1796.854100000000017	525.262084960937955	6.1652281134402e-04	0	LAEEDPTFK	2	K	V	q-value	MS-GF+_2026-09-01T17:45:52_7198454993515115019	YP_177746.1	434	442	-1
UNASSIGNEDPEPTIDE	2605.662600000000111	438.233306884766023	6.1652281134402e-04	0	FPIIDDR	2	R	E	q-value	MS-GF+_2026-09-01T17:45:52_7198454993515115019	NP_217456.1	1469	1475	-1
UNASSIGNEDPEPTIDE	3440.288300000000163	737.411071777343977	1.21580547112462e-03	0	GIGGPVIPASAYLMK	2	R	S	q-value	MS-GF+_2026-09-01T17:45:52_7198454993515115019	NP_214560.1	331	345	-1
UNASSIGNEDPEPTIDE	2358.978999999999815	604.320678710937955	1.21580547112462e-03	0	ELAELPGEPPR	2	R	L	q-value	MS-GF+_2026-09-01T17:45:52_7198454993515115019	NP_215697.1	785	795	-1
UNASSIGNEDPEPTIDE	3254.195299999999861	561.300476074218977	1.21580547112462e-03	0	VLDIDDLYR	2	R	R	q-value	MS-GF+_2026-09-01T17:45:52_7198454993515115019	NP_217809.1	229	237	-1
UNASSIGNEDPEPTIDE	3219.455300000000079	531.783081054687955	1.21580547112462e-03	0	ALDFGLDVGR	2	R	A	q-value	MS-GF+_2026-09-01T17:45:52_7198454993515115019	NP_217447.1	1259	1268	-1
UNASSIGNEDPEPTIDE	2008.098600000000033	481.765411376953011	1.21580547112462e-03	0	FAVAVHYR	2	R	N	q-value	MS-GF+_2026-09-01T17:45:52_7198454993515115019	YP_177855.1	394	401	-1
UNASSIGNEDPEPTIDE	2450.809799999999996	601.850830078125	1.21580547112462e-03	0	RIEVNPFVTK	2	R	H	q-value	MS-GF+_2026-09-01T17:45:52_7198454993515115019	NP_215800.1	132	141	-1
UNASSIGNEDPEPTIDE	1939.386799999999994	484.286193847656023	1.21580547112462e-03	0	RTPDLLPR	2	R	D	q-value	MS-GF+_2026-09-01T17:45:52_7198454993515115019	NP_214762.1	314	321	-1
UNASSIGNEDPEPTIDE	3345.720499999999902	714.863708496093977	1.21580547112462e-03	0	VPYYSATLFDPR	2	K	E	q-value	MS-GF+_2026-09-01T17:45:52_7198454993515115019	NP_217456.1	751	762	-1
UNASSIGNEDPEPTIDE	1580.838700000000017	448.728393554688012	1.68255748738082e-03	0	EASYASLR	2	K	M	q-value	MS-GF+_2026-09-01T17:45:52_7198454993515115019	NP_215218.1	168	175	-1
UNASSIGNEDPEPTIDE	2132.149699999999939	555.805725097656023	1.68255748738082e-03	0	NFLAAPPPQR	2	R	A	q-value	MS-GF+_2026-09-01T17:45:52_7198454993515115019	NP_215690.1	70	79	-1
UNASSIGNEDPEPTIDE	1501.932900000000018	717.337219238281023	1.68255748738082e-03	0	FDRDPNGDWRR	2	R	S	q-value	MS-GF+_2026-09-01T17:45:52_7198454993515115019	NP_218376.1	927	937	-1
UNASSIGNEDPEPTIDE	2122.963999999999942	467.256591796875	1.68255748738082e-03	0	DLQPYIGK	2	R	E	q-value	MS-GF+_2026-09-01T17:45:52_7198454993515115019	NP_216146.1	159	166	-1
UNASSIGNEDPEPTIDE	2609.260000000000218	534.314025878906023	1.68255748738082e-03	0	QALLPGAELR	2	R	G	q-value	MS-GF+_2026-09-01T17:45:52_7198454993515115019	NP_217051.1	261	270	-1
UNASSIGNEDPEPTIDE	1849.036599999999908	452.247009277343977	1.68255748738082e-03	0	SLQTALDR	2	R	I	q-value	MS-GF+_2026-09-01T17:45:52_7198454993515115019	YP_177885.1	549	556	-1
UNASSIGNEDPEPTIDE	2646.678699999999935	553.774780273437955	1.68255748738082e-03	0	AGAFVNWEGR	2	K	Y	q-value	MS-GF+_2026-09-01T17:45:52_7198454993515115019	NP_217667.1	621	630	-1
UNASSIGNEDPEPTIDE	2910.830599999999777	650.839111328125	1.68255748738082e-03	0	ADGIASNTLWPR	2	R	T	q-value	MS-GF+_2026-09-01T17:45:52_7198454993515115019	NP_217740.1	181	192	-1
UNASSIGNEDPEPTIDE	1352.041899999999941	586.843078613281023	1.68255748738082e-03	0	IREAGVTTAVR	2	R	V	q-value	MS-GF+_2026-09-01T17:45:52_7198454993515115019	NP_217927.1	129	139	-1
UNASSIGNEDPEPTIDE	2919.510499999999865	587.310913085937955	1.68255748738082e-03	0	LMLMVEPGAGR	2	R	I	q-value	MS-GF+_2026-09-01T17:45:52_7198454993515115019	NP_217677.1	98	108	-1
UNASSIGNEDPEPTIDE	2061.279500000000098	508.771606445311988	1.68255748738082e-03	0	DITVDPVTR	2	R	T	q-value	MS-GF+_2026-09-01T17:45:52_7198454993515115019	NP_215773.1	95	103	-1
UNASSIGNEDPEPTIDE	1700.897799999999961	507.801605224608977	1.68255748738082e-03	0	LKDELLRQ	2	R	]	q-value	MS-GF+_2026-09-01T17:45:52_7198454993515115019	NP_215346.1	263	270	-1
UNASSIGNEDPEPTIDE	3214.307999999999993	504.762390136718977	1.68255748738082e-03	0	SWLAFGAEK	2	R	V	q-value	MS-GF+_2026-09-01T17:45:52_7198454993515115019	NP_215649.1	347	355	-1
UNASSIGNEDPEPTIDE	1663.620599999999968	469.7255859375	1.68255748738082e-03	0	SYAQQWR	2	K	A	q-value	MS-GF+_2026-09-01T17:45:52_7198454993515115019	NP_216918.3	461	467	-1
UNASSIGNEDPEPTIDE	2806.541000000000167	562.844421386718977	1.68255748738082e-03	0	APAIATGLALAR	2	R	E	q-value	MS-GF+_2026-09-01T17:45:52_7198454993515115019	NP_216970.1	109	120	-1
UNASSIGNEDPEPTIDE	2442.563700000000154	495.770294189453011	1.68255748738082e-03	0	SEGGGMLVLK	2	R	R	q-value	MS-GF+_2026-09-01T17:45:52_7198454993515115019	NP_218317.1	351	360	-1
UNASSIGNEDPEPTIDE	2003.000900000000001	535.271118164062045	1.68255748738082e-03	0	VRPYGMAGGSPGELGR	3	R	N	q-value	MS-GF+_2026-09-01T17:45:52_7198454993515115019	NP_214780.1	1145	1160	-1
UNASSIGNEDPEPTIDE	2592.033699999999953	542.806213378906023	1.68255748738082e-03	0	VEIPGVDTVR	2	R	N	q-value	MS-GF+_2026-09-01T17:45:52_7198454993515115019	NP_218358.1	72	81	-1
UNASSIGNEDPEPTIDE	2143.684600000000046	613.55517578125	1.68255748738082e-03	0	NAQEAHEAIRPAGETFATPDAVR	4	K	R	q-value	MS-GF+_2026-09-01T17:45:52_7198454993515115019	NP_218163.1	383	405	-1
UNASSIGNEDPEPTIDE	1744.612300000000005	473.253814697266023	1.68255748738082e-03	0	GVEVIDTGR	2	R	S	q-value	MS-GF+_2026-09-01T17:45:52_7198454993515115019	NP_215826.1	86	94	-1
UNASSIGNEDPEPTIDE	3508.888699999999972	498.27099609375	1.68255748738082e-03	0	LAFGIGDFR	2	R	R	q-value	MS-GF+_2026-09-01T17:45:52_7198454993515115019	NP_217591.1	155	163	-1
UNASSIGNEDPEPTIDE	2303.943000000000211	454.758697509766023	1.68255748738082e-03	0	ALISVYDK	2	R	T	q-value	MS-GF+_2026-09-01T17:45:52_7198454993515115019	NP_215472.1	12	19	-1
UNASSIGNEDPEPTIDE	1353.344800000000078	470.571594238281023	1.68255748738082e-03	0	RYINQVADQM(Oxidation)R	3	R	G	q-value	MS-GF+_2026-09-01T17:45:52_7198454993515115019	NP_214780.1	217	227	-1
UNASSIGNEDPEPTIDE	2555.62480000000005	612.791015625	1.68255748738082e-03	0	SGVGSPTVFATSD	2	R	]	q-value	MS-GF+_2026-09-01T17:45:52_7198454993515115019	NP_218318.1	624	636	-1
UNASSIGNEDPEPTIDE	2744.248999999999796	460.746398925781023	1.68255748738082e-03	0	DFIQEIR	2	R	D	q-value	MS-GF+_2026-09-01T17:45:52_7198454993515115019	NP_217040.1	1611	1617	-1
UNASSIGNEDPEPTIDE	1369.255400000000009	671.810607910156023	1.68255748738082e-03	0	TAVLDPDHDGM(Oxidation)R	2	R	V	q-value	MS-GF+_2026-09-01T17:45:52_7198454993515115019	NP_217456.1	1410	1421	-1
UNASSIGNEDPEPTIDE	2783.554999999999836	543.30126953125	1.68255748738082e-03	0	EDVQALLAAR	2	R	D	q-value	MS-GF+_2026-09-01T17:45:52_7198454993515115019	NP_217447.1	1568	1577	-1
UNASSIGNEDPEPTIDE	3156.314199999999801	467.754089355468977	1.68255748738082e-03	0	DLSFSLPR	2	K	N	q-value	MS-GF+_2026-09-01T17:45:52_7198454993515115019	NP_216993.1	338	345	-1
UNASSIGNEDPEPTIDE	1727.569500000000062	375.218811035156023	1.68255748738082e-03	0	LLGAGYR	2	R	E	q-value	MS-GF+_2026-09-01T17:45:52_7198454993515115019	NP_215315.1	28	34	-1
UNASSIGNEDPEPTIDE	2727.981400000000122	650.361328125	1.68255748738082e-03	0	TISLQPTDGLVR	2	R	G	q-value	MS-GF+_2026-09-01T17:45:52_7198454993515115019	NP_215826.1	74	85	-1
UNASSIGNEDPEPTIDE	2732.766999999999825	412.226898193358977	1.68255748738082e-03	0	IPGSFFR	2	R	R	q-value	MS-GF+_2026-09-01T17:45:52_7198454993515115019	NP_217299.1	84	90	-1
UNASSIGNEDPEPTIDE	1460.844800000000078	589.244018554687955	1.68255748738082e-03	0	YYEM(Oxidation)VDDAR	2	K	I	q-value	MS-GF+_2026-09-01T17:45:52_7198454993515115019	NP_217567.1	309	317	-1
UNASSIGNEDPEPTIDE	1718.642499999999927	641.361083984375	1.68255748738082e-03	0	KLDAALPQAQAR	2	K	E	q-value	MS-GF+_2026-09-01T17:45:52_7198454993515115019	NP_214898.1	512	523	-1
UNASSIGNEDPEPTIDE	1474.045000000000073	613.304382324218977	1.68255748738082e-03	0	VGAVC(Carbamidomethyl)PGDPTPR	2	R	F	q-value	MS-GF+_2026-09-01T17:45:52_7198454993515115019	YP_177992.1	330	341	-1
UNASSIGNEDPEPTIDE	1677.734899999999925	374.219696044921989	1.68255748738082e-03	0	THAIGQIVPGK	3	R	V	q-value	MS-GF+_2026-09-01T17:45:52_7198454993515115019	NP_216146.1	289	299	-1
UNASSIGNEDPEPTIDE	1613.266000000000076	407.21728515625	1.68255748738082e-03	0	YYQIAR	2	R	C	q-value	MS-GF+_2026-09-01T17:45:52_7198454993515115019	NP_217088.1	212	217	-1
UNASSIGNEDPEPTIDE	3189.277000000000044	551.301025390625	1.68255748738082e-03	0	NEALVEIWK	2	R	E	q-value	MS-GF+_2026-09-01T17:45:52_7198454993515115019	NP_215182.1	770	778	-1
UNASSIGNEDPEPTIDE	2417.009000000000015	513.815979003906023	1.68255748738082e-03	0	C(Carbamidomethyl)RVPLILR	2	R	L	q-value	MS-GF+_2026-09-01T17:45:52_7198454993515115019	NP_217451.1	1038	1045	-1
UNASSIGNEDPEPTIDE	2879.669699999999921	504.284210205078011	1.68255748738082e-03	0	AFLASLTER	2	R	K	q-value	MS-GF+_2026-09-01T17:45:52_7198454993515115019	NP_215216.1	148	156	-1
UNASSIGNEDPEPTIDE	1678.889499999999998	381.715789794921989	1.68255748738082e-03	0	AIAANFR	2	R	D	q-value	MS-GF+_2026-09-01T17:45:52_7198454993515115019	NP_216564.2	1393	1399	-1
UNASSIGNEDPEPTIDE	3099.18139999999994	564.328186035156023	1.68255748738082e-03	0	VNDLMLPVVK	2	K	G	q-value	MS-GF+_2026-09-01T17:45:52_7198454993515115019	NP_214758.1	394	403	-1
UNASSIGNEDPEPTIDE	1848.802599999999984	376.208587646483977	1.68255748738082e-03	0	SIASFAR	2	K	R	q-value	MS-GF+_2026-09-01T17:45:52_7198454993515115019	YP_177855.1	128	134	-1
UNASSIGNEDPEPTIDE	2552.343299999999999	424.753387451171989	1.68255748738082e-03	0	AFQTLLR	2	R	Y	q-value	MS-GF+_2026-09-01T17:45:52_7198454993515115019	NP_215697.1	1442	1448	-1
UNASSIGNEDPEPTIDE	2292.984100000000126	374.22509765625	1.68255748738082e-03	0	TILC(Carbamidomethyl)LK	2	K	N	q-value	MS-GF+_2026-09-01T17:45:52_7198454993515115019	NP_217451.1	373	378	-1
UNASSIGNEDPEPTIDE	3040.699999999999818	378.245391845703011	1.68255748738082e-03	0	LLWPVK	2	R	K	q-value	MS-GF+_2026-09-01T17:45:52_7198454993515115019	NP_216424.1	146	151	-1
UNASSIGNEDPEPTIDE	1918.577800000000025	407.742889404296989	1.68255748738082e-03	0	NAIEIVR	2	K	D	q-value	MS-GF+_2026-09-01T17:45:52_7198454993515115019	NP_214898.1	467	473	-1
UNASSIGNEDPEPTIDE	1504.144700000000057	539.281127929687955	1.68255748738082e-03	0	SSGESVALTAR	2	K	H	q-value	MS-GF+_2026-09-01T17:45:52_7198454993515115019	YP_177756.1	143	153	-1
UNASSIGNEDPEPTIDE	1863.023699999999963	488.783111572266023	1.68255748738082e-03	0	VVVNVYQR	2	R	Y	q-value	MS-GF+_2026-09-01T17:45:52_7198454993515115019	NP_215454.1	607	614	-1
UNASSIGNEDPEPTIDE	1875.680299999999988	397.213806152343977	1.68255748738082e-03	0	ALEGFTR	2	R	S	q-value	MS-GF+_2026-09-01T17:45:52_7198454993515115019	NP_214756.1	139	145	-1
UNASSIGNEDPEPTIDE	1955.686799999999948	474.283813476561988	1.68255748738082e-03	0	GRPADRPALLGAVK	3	R	T	q-value	MS-GF+_2026-09-01T17:45:52_7198454993515115019	NP_218317.1	444	457	-1
UNASSIGNEDPEPTIDE	1464.481999999999971	473.251495361328011	1.68255748738082e-03	0	AVVLAHDHDEAIK	3	R	G	q-value	MS-GF+_2026-09-01T17:45:52_7198454993515115019	NP_218317.1	674	686	-1
UNASSIGNEDPEPTIDE	2087.364999999999782	484.286987304688012	1.68255748738082e-03	0	GVQILAPGGR	2	R	F	q-value	MS-GF+_2026-09-01T17:45:52_7198454993515115019	NP_217449.1	1679	1688	-1
UNASSIGNEDPEPTIDE	1921.877799999999979	493.769989013671989	1.68255748738082e-03	0	LANDVLEGR	2	R	Y	q-value	MS-GF+_2026-09-01T17:45:52_7198454993515115019	NP_215388.1	594	602	-1
UNASSIGNEDPEPTIDE	1772.552899999999909	471.771697998046989	1.68255748738082e-03	0	QLAVAVEGR	2	K	G	q-value	MS-GF+_2026-09-01T17:45:52_7198454993515115019	NP_217071.1	859	867	-1
UNASSIGNEDPEPTIDE	2362.689699999999903	405.203491210938012	1.68255748738082e-03	0	M(Oxidation)FELPR	2	R	S	q-value	MS-GF+_2026-09-01T17:45:52_7198454993515115019	NP_216992.1	1033	1038	-1
UNASSIGNEDPEPTIDE	2131.061299999999846	382.238708496093977	1.68255748738082e-03	0	FLGTVVK	2	R	T	q-value	MS-GF+_2026-09-01T17:45:52_7198454993515115019	NP_217299.1	668	674	-1
UNASSIGNEDPEPTIDE	2370.137499999999818	545.756225585937955	1.68255748738082e-03	0	TWQENWAR	2	R	L	q-value	MS-GF+_2026-09-01T17:45:52_7198454993515115019	NP_214555.1	37	44	-1
UNASSIGNEDPEPTIDE	1776.619799999999941	455.278686523438012	1.68255748738082e-03	0	LPAGTPVVR	2	K	A	q-value	MS-GF+_2026-09-01T17:45:52_7198454993515115019	NP_215014.1	115	123	-1
UNASSIGNEDPEPTIDE	1261.145999999999958	744.339477539062045	1.68255748738082e-03	0	ADVAESQENAPAER	2	M	A	q-value	MS-GF+_2026-09-01T17:45:52_7198454993515115019	NP_218317.1	1	14	-1
UNASSIGNEDPEPTIDE	1512.15300000000002	379.20849609375	1.68255748738082e-03	0	KYTAPEISAR	3	K	I	q-value	MS-GF+_2026-09-01T17:45:52_7198454993515115019	NP_214864.1	84	93	-1
UNASSIGNEDPEPTIDE	1898.264599999999973	451.732299804688012	1.68255748738082e-03	0	ELDALADR	2	R	L	q-value	MS-GF+_2026-09-01T17:45:52_7198454993515115019	NP_216895.1	500	507	-1
UNASSIGNEDPEPTIDE	1847.488200000000006	496.725891113281023	1.68255748738082e-03	0	TGADNPFDR	2	R	A	q-value	MS-GF+_2026-09-01T17:45:52_7198454993515115019	NP_216359.1	396	404	-1
UNASSIGNEDPEPTIDE	1843.391599999999926	393.248504638671989	2.23463687150838e-03	0	AEIVVVR	2	R	G	q-value	MS-GF+_2026-09-01T17:45:52_7198454993515115019	NP_217450.1	1488	1494	-1
UNASSIGNEDPEPTIDE	1160.086499999999887	571.792114257812045	2.23463687150838e-03	0	THVETETGIR	2	R	L	q-value	MS-GF+_2026-09-01T17:45:52_7198454993515115019	NP_217456.1	2067	2076	-1
UNASSIGNEDPEPTIDE	1625.536499999999933	430.541900634766023	2.23463687150838e-03	0	EYVDGSVVEHR	3	R	F	q-value	MS-GF+_2026-09-01T17:45:52_7198454993515115019	NP_216992.1	300	310	-1
UNASSIGNEDPEPTIDE	1588.656199999999899	498.243499755858977	3.34261838440111e-03	0	AETYGDIAR	2	R	L	q-value	MS-GF+_2026-09-01T17:45:52_7198454993515115019	NP_216578.1	583	591	-1
UNASSIGNEDPEPTIDE	2284.121299999999792	448.237213134766023	3.882418191902381e-03	0	FPFTANAK	2	K	A	q-value	MS-GF+_2026-09-01T17:45:52_7198454993515115019	NP_214976.1	376	383	-1
UNASSIGNEDPEPTIDE	3172.453599999999824	657.856872558593977	3.882418191902381e-03	0	VEPSFLPGVVDR	2	R	M	q-value	MS-GF+_2026-09-01T17:45:52_7198454993515115019	NP_218201.3	238	249	-1
UNASSIGNEDPEPTIDE	2717.197500000000218	699.916687011718977	3.882418191902381e-03	0	LTPISQSRRIAR	2	R	T	q-value	MS-GF+_2026-09-01T17:45:52_7198454993515115019	NP_217687.1	240	251	-1
UNASSIGNEDPEPTIDE	1917.726300000000038	400.891906738281023	4.3956043956044e-03	0	ALADKDIALDR	3	R	S	q-value	MS-GF+_2026-09-01T17:45:52_7198454993515115019	NP_216348.1	477	487	-1
UNASSIGNEDPEPTIDE	3531.969500000000153	566.805419921875	4.3956043956044e-03	0	DFPISVADLR	2	R	H	q-value	MS-GF+_2026-09-01T17:45:52_7198454993515115019	NP_216899.1	173	182	-1
UNASSIGNEDPEPTIDE	2183.432400000000143	438.241607666016023	4.3956043956044e-03	0	VTSWNLR	2	R	D	q-value	MS-GF+_2026-09-01T17:45:52_7198454993515115019	NP_216546.1	485	491	-1
UNASSIGNEDPEPTIDE	1754.502600000000029	431.760589599608977	4.3956043956044e-03	0	FIEIGKR	2	R	D	q-value	MS-GF+_2026-09-01T17:45:52_7198454993515115019	NP_216043.1	1652	1658	-1
UNASSIGNEDPEPTIDE	2187.84960000000001	638.832580566406023	4.3956043956044e-03	0	TSVPPFTWWR	2	R	G	q-value	MS-GF+_2026-09-01T17:45:52_7198454993515115019	NP_217575.1	236	245	-1
UNASSIGNEDPEPTIDE	2710.260699999999815	750.377014160156023	4.3956043956044e-03	0	GVEKDTFFETVAR	2	K	E	q-value	MS-GF+_2026-09-01T17:45:52_7198454993515115019	NP_214745.1	351	363	-1
UNASSIGNEDPEPTIDE	1516.782500000000027	465.764587402343977	5.353319057815841e-03	0	ATAEGLVAAK	2	R	D	q-value	MS-GF+_2026-09-01T17:45:52_7198454993515115019	NP_217405.1	55	64	-1
UNASSIGNEDPEPTIDE	2064.418700000000172	360.718688964843977	5.353319057815841e-03	0	LPYSLK	2	K	V	q-value	MS-GF+_2026-09-01T17:45:52_7198454993515115019	NP_215991.1	35	40	-1
UNASSIGNEDPEPTIDE	1716.406400000000076	469.726715087891023	5.353319057815841e-03	0	QAWASGYR	2	R	G	q-value	MS-GF+_2026-09-01T17:45:52_7198454993515115019	NP_217376.1	158	165	-1
UNASSIGNEDPEPTIDE	1968.597999999999956	464.776702880858977	5.353319057815841e-03	0	GEGAGVVVLK	2	R	R	q-value	MS-GF+_2026-09-01T17:45:52_7198454993515115019	NP_217447.1;NP_217448.1	336;268	345;277	-1
UNASSIGNEDPEPTIDE	1384.508000000000038	427.243011474608977	5.353319057815841e-03	0	VVTPPRPDAATR	3	R	A	q-value	MS-GF+_2026-09-01T17:45:52_7198454993515115019	NP_214780.1	672	683	-1
UNASSIGNEDPEPTIDE	2115.303199999999833	636.851806640625	5.353319057815841e-03	0	GVVTLGGNTVEAR	2	K	A	q-value	MS-GF+_2026-09-01T17:45:52_7198454993515115019	NP_214932.1	114	126	-1
UNASSIGNEDPEPTIDE	1769.291099999999915	384.228302001953011	5.353319057815841e-03	0	AAIAVGHGVTVR	3	R	D	q-value	MS-GF+_2026-09-01T17:45:52_7198454993515115019	NP_218318.1	579	590	-1
UNASSIGNEDPEPTIDE	2371.483000000000175	580.805725097656023	5.353319057815841e-03	0	VQFLPDGTQR	2	R	I	q-value	MS-GF+_2026-09-01T17:45:52_7198454993515115019	NP_216899.1	155	164	-1
UNASSIGNEDPEPTIDE	3216.175999999999931	567.318786621093977	5.353319057815841e-03	0	LFTGIDALAGR	2	R	R	q-value	MS-GF+_2026-09-01T17:45:52_7198454993515115019	NP_214795.1	193	203	-1
UNASSIGNEDPEPTIDE	1759.007599999999911	493.291198730468977	5.353319057815841e-03	0	ASISGAVPVGK	2	K	M	q-value	MS-GF+_2026-09-01T17:45:52_7198454993515115019	NP_217268.1	435	445	-1
UNASSIGNEDPEPTIDE	1394.119099999999889	508.256011962891023	5.353319057815841e-03	0	IDPETGEVR	2	R	H	q-value	MS-GF+_2026-09-01T17:45:52_7198454993515115019	NP_214865.1	23	31	-1
UNASSIGNEDPEPTIDE	1976.324699999999893	491.262786865233977	5.353319057815841e-03	0	LMVYSAAAR	2	R	A	q-value	MS-GF+_2026-09-01T17:45:52_7198454993515115019	NP_217791.1	305	313	-1
UNASSIGNEDPEPTIDE	3542.021000000000186	659.36328125	5.353319057815841e-03	0	LVAPGGVFLEMGK	2	R	T	q-value	MS-GF+_2026-09-01T17:45:52_7198454993515115019	NP_216564.2;NP_216564.2	1580;3610	1592;3622	-1
UNASSIGNEDPEPTIDE	1914.260299999999916	478.257904052733977	5.353319057815841e-03	0	RDPGPHDVAIDIK	3	R	F	q-value	MS-GF+_2026-09-01T17:45:52_7198454993515115019	NP_217561.1	23	35	-1
UNASSIGNEDPEPTIDE	2932.869400000000042	458.254608154296989	5.353319057815841e-03	0	AAELLGWR	2	K	A	q-value	MS-GF+_2026-09-01T17:45:52_7198454993515115019	NP_216027.1	295	302	-1
UNASSIGNEDPEPTIDE	1741.053000000000111	352.709899902343977	5.353319057815841e-03	0	LLTMAR	2	R	A	q-value	MS-GF+_2026-09-01T17:45:52_7198454993515115019	NP_216992.1	372	377	-1
UNASSIGNEDPEPTIDE	2951.602800000000116	588.855529785156023	5.353319057815841e-03	0	VAQVITFGTIK	2	R	T	q-value	MS-GF+_2026-09-01T17:45:52_7198454993515115019	NP_216063.1	446	456	-1
UNASSIGNEDPEPTIDE	3652.346000000000004	512.296569824218977	5.353319057815841e-03	0	TLTFPGFLK	2	R	A	q-value	MS-GF+_2026-09-01T17:45:52_7198454993515115019	NP_218163.1	460	468	-1
UNASSIGNEDPEPTIDE	2088.102800000000116	377.71240234375	5.353319057815841e-03	0	LLSMYK	2	K	A	q-value	MS-GF+_2026-09-01T17:45:52_7198454993515115019	YP_177754.1	326	331	-1
UNASSIGNEDPEPTIDE	1368.916999999999916	421.256195068358977	5.353319057815841e-03	0	LRPGPLRPAER	3	R	R	q-value	MS-GF+_2026-09-01T17:45:52_7198454993515115019	NP_215697.1	875	885	-1
UNASSIGNEDPEPTIDE	2380.595499999999902	599.831420898437955	5.353319057815841e-03	0	FIPAGPSGSPLR	2	R	G	q-value	MS-GF+_2026-09-01T17:45:52_7198454993515115019	NP_216578.1	782	793	-1
UNASSIGNEDPEPTIDE	2526.973399999999856	401.246307373046989	5.353319057815841e-03	0	TGLELIR	2	R	T	q-value	MS-GF+_2026-09-01T17:45:52_7198454993515115019	NP_214762.1	135	141	-1
UNASSIGNEDPEPTIDE	1869.400000000000091	463.786987304688012	5.353319057815841e-03	0	GQPTVILAK	2	K	T	q-value	MS-GF+_2026-09-01T17:45:52_7198454993515115019	NP_216757.3	381	389	-1
UNASSIGNEDPEPTIDE	3270.827000000000226	502.265014648438012	5.353319057815841e-03	0	DLLAPFGDR	2	R	V	q-value	MS-GF+_2026-09-01T17:45:52_7198454993515115019	NP_216564.2	699	707	-1
UNASSIGNEDPEPTIDE	2963.471700000000055	551.320007324218977	5.353319057815841e-03	0	ELSEALKRR	2	R	C	q-value	MS-GF+_2026-09-01T17:45:52_7198454993515115019	NP_216942.1	184	192	-1
UNASSIGNEDPEPTIDE	2610.089599999999791	645.796569824218977	5.82627118644068e-03	0	DDATAILDDADR	2	R	F	q-value	MS-GF+_2026-09-01T17:45:52_7198454993515115019	NP_215896.1	14	25	-1
UNASSIGNEDPEPTIDE	1420.962800000000016	631.336181640625	5.82627118644068e-03	0	GYLGRPAETAAR	2	R	F	q-value	MS-GF+_2026-09-01T17:45:52_7198454993515115019	NP_216895.1	810	821	-1
UNASSIGNEDPEPTIDE	1742.878799999999956	513.231201171875	5.82627118644068e-03	0	DYLDETGGR	2	R	Y	q-value	MS-GF+_2026-09-01T17:45:52_7198454993515115019	NP_217927.1	250	258	-1
UNASSIGNEDPEPTIDE	1891.131200000000035	619.881591796875	5.82627118644068e-03	0	TKPGVIIVNAAR	2	K	G	q-value	MS-GF+_2026-09-01T17:45:52_7198454993515115019	YP_177916.1	220	231	-1
UNASSIGNEDPEPTIDE	3206.388699999999972	407.263793945311988	5.82627118644068e-03	0	LGLLELR	2	R	G	q-value	MS-GF+_2026-09-01T17:45:52_7198454993515115019	NP_217082.1	861	867	-1
UNASSIGNEDPEPTIDE	2894.105199999999968	894.925415039062045	5.82627118644068e-03	0	WFQLYM(Oxidation)WRDRDR	2	K	S	q-value	MS-GF+_2026-09-01T17:45:52_7198454993515115019	NP_216388.1	156	167	-1
UNASSIGNEDPEPTIDE	1789.718399999999974	582.289001464843977	5.82627118644068e-03	0	SSDGSPPYVVR	2	R	W	q-value	MS-GF+_2026-09-01T17:45:52_7198454993515115019	NP_215083.1	29	39	-1
UNASSIGNEDPEPTIDE	1840.001299999999901	365.247589111328011	6.27943485086342e-03	0	VIITVGK	2	K	L	q-value	MS-GF+_2026-09-01T17:45:52_7198454993515115019	YP_177754.1	257	263	-1
UNASSIGNEDPEPTIDE	2808.109599999999773	1051.525634765619998	6.27943485086342e-03	0	NGEHREMTREALEIM(Oxidation)LR	2	K	I	q-value	MS-GF+_2026-09-01T17:45:52_7198454993515115019	NP_216452.1	122	138	-1
UNASSIGNEDPEPTIDE	1925.790899999999965	403.730407714843977	6.27943485086342e-03	0	FGLAATAR	2	R	A	q-value	MS-GF+_2026-09-01T17:45:52_7198454993515115019	NP_215980.1	380	387	-1
UNASSIGNEDPEPTIDE	1906.332400000000007	393.247009277343977	6.27943485086342e-03	0	DVLVLAR	2	R	E	q-value	MS-GF+_2026-09-01T17:45:52_7198454993515115019	NP_217168.1	167	173	-1
UNASSIGNEDPEPTIDE	2172.31860000000006	372.213195800781023	6.27943485086342e-03	0	APWLTR	2	R	A	q-value	MS-GF+_2026-09-01T17:45:52_7198454993515115019	NP_214712.1	295	300	-1
UNASSIGNEDPEPTIDE	2462.880999999999858	610.340087890625	6.27943485086342e-03	0	TNLYTPLQAAK	2	R	L	q-value	MS-GF+_2026-09-01T17:45:52_7198454993515115019	NP_215155.1	17	27	-1
UNASSIGNEDPEPTIDE	2005.886799999999994	504.73388671875	6.27943485086342e-03	0	DC(Carbamidomethyl)AAAMLTR	2	R	H	q-value	MS-GF+_2026-09-01T17:45:52_7198454993515115019	NP_216895.1	67	75	-1
UNASSIGNEDPEPTIDE	2547.73700000000008	396.734191894531023	6.27943485086342e-03	0	LDYLIR	2	K	E	q-value	MS-GF+_2026-09-01T17:45:52_7198454993515115019	NP_217567.1	41	46	-1
UNASSIGNEDPEPTIDE	1463.21550000000002	569.304870605468977	6.27943485086342e-03	0	QLVEENHLR	2	K	W	q-value	MS-GF+_2026-09-01T17:45:52_7198454993515115019	NP_214580.1	594	602	-1
UNASSIGNEDPEPTIDE	1951.13799999999992	725.334899902343977	6.27943485086342e-03	0	AC(Carbamidomethyl)NDPVADQLM(Oxidation)AK	2	K	I	q-value	MS-GF+_2026-09-01T17:45:52_7198454993515115019	YP_177758.1	179	191	-1
UNASSIGNEDPEPTIDE	1866.416300000000092	468.499603271483977	6.27943485086342e-03	0	ELGTDPASGKPMVIKDGR	4	R	F	q-value	MS-GF+_2026-09-01T17:45:52_7198454993515115019	NP_218163.1	855	872	-1
UNASSIGNEDPEPTIDE	2688.622800000000098	500.806884765625	6.77436164669099e-03	0	ATKILDLAR	2	R	A	q-value	MS-GF+_2026-09-01T17:45:52_7198454993515115019	NP_217591.1	273	281	-1
UNASSIGNEDPEPTIDE	1919.138699999999972	652.852478027343977	6.77436164669099e-03	0	IAGVAYPQGTTAR	2	R	R	q-value	MS-GF+_2026-09-01T17:45:52_7198454993515115019	NP_216166.1	428	440	-1
UNASSIGNEDPEPTIDE	2529.20069999999987	571.331420898437955	6.77436164669099e-03	0	AASGAVLSALGPK	2	R	L	q-value	MS-GF+_2026-09-01T17:45:52_7198454993515115019	NP_215965.1	378	390	-1
UNASSIGNEDPEPTIDE	1858.98070000000007	412.218597412108977	7.284079084287201e-03	0	LSFAETR	2	K	V	q-value	MS-GF+_2026-09-01T17:45:52_7198454993515115019	NP_216907.1	432	438	-1
UNASSIGNEDPEPTIDE	1553.500900000000001	477.227813720703011	8.31600831600832e-03	0	GHHAEIGGITPGSM(Oxidation)PADSR	4	R	E	q-value	MS-GF+_2026-09-01T17:45:52_7198454993515115019	NP_214780.1	813	831	-1
UNASSIGNEDPEPTIDE	1374.136500000000069	617.651184082031023	8.31600831600832e-03	0	RREESLHPVGEDAVEK	3	K	V	q-value	MS-GF+_2026-09-01T17:45:52_7198454993515115019	NP_217797.1	34	49	-1
UNASSIGNEDPEPTIDE	2565.530299999999897	572.840576171875	8.803728638011389e-03	0	LGTSVIQLSAR	2	R	T	q-value	MS-GF+_2026-09-01T17:45:52_7198454993515115019	NP_218037.1	62	72	-1
UNASSIGNEDPEPTIDE	1892.671299999999974	466.246887207031023	8.803728638011389e-03	0	IASWTEPK	2	K	G	q-value	MS-GF+_2026-09-01T17:45:52_7198454993515115019	NP_218239.2	337	344	-1
UNASSIGNEDPEPTIDE	2037.808999999999969	368.192596435546989	8.803728638011389e-03	0	GFGDALR	2	R	I	q-value	MS-GF+_2026-09-01T17:45:52_7198454993515115019	NP_214780.1	90	96	-1
UNASSIGNEDPEPTIDE	1652.024699999999939	420.756011962891023	8.803728638011389e-03	0	RLPDALR	2	K	D	q-value	MS-GF+_2026-09-01T17:45:52_7198454993515115019	NP_217456.1	250	256	-1
UNASSIGNEDPEPTIDE	2090.559000000000196	411.781799316406023	9.25925925925926e-03	0	VRLPLPK	2	R	L	q-value	MS-GF+_2026-09-01T17:45:52_7198454993515115019	NP_216052.1;DECOY_NP_216052.1	834;834	840;840	-1
UNASSIGNEDPEPTIDE	1952.958699999999908	359.699493408203011	9.25925925925926e-03	0	MIELGR	2	K	S	q-value	MS-GF+_2026-09-01T17:45:52_7198454993515115019	NP_215375.1	589	594	-1
UNASSIGNEDPEPTIDE	2477.516000000000076	562.298583984375	9.25925925925926e-03	0	EVLETEYLK	2	R	R	q-value	MS-GF+_2026-09-01T17:45:52_7198454993515115019	NP_216907.1	312	320	-1
UNASSIGNEDPEPTIDE	1928.248700000000099	458.755798339843977	9.25925925925926e-03	0	NAVLLAC(Carbamidomethyl)R	2	K	A	q-value	MS-GF+_2026-09-01T17:45:52_7198454993515115019	NP_217643.1	3	10	-1
UNASSIGNEDPEPTIDE	2461.746599999999944	536.619323730468977	9.25925925925926e-03	0	TLGLDPETGHEIVAR	3	R	E	q-value	MS-GF+_2026-09-01T17:45:52_7198454993515115019	NP_218163.1	709	723	-1
UNASSIGNEDPEPTIDE	2648.020500000000084	561.788024902343977	9.25925925925926e-03	0	AETPFFTGPR	2	R	V	q-value	MS-GF+_2026-09-01T17:45:52_7198454993515115019	NP_217192.1	210	219	-1
FEATURE	2847.110562346276765	614.316912324223267	3.778613e09	1	48.505505	0.909796	0.0	0.0	2795.782999999999902	2897.610299999999825
FEATURE	1574.856698901977325	523.284435242585687	1.624863e09	2	18.685501	0.860874	0.0	0.0	1556.20679999999993	1579.717399999999998
FEATURE	2272.291976958175383	476.306013424791388	1.592385e09	1	20.558826	0.849809	0.0	0.0	2251.169300000000021	2293.496799999999894
FEATURE	2072.89463168783459	432.279595750156943	1.54363e09	1	23.202244	0.831648	0.0	0.0	2049.81939999999986	2096.864199999999983
FEATURE	1983.774031658158947	421.757687884292807	1.371225e09	2	22.600548	0.807166	0.0	0.0	1959.913199999999961	2007.302500000000009
FEATURE	1825.209157856577576	388.253560223313343	1.288535e09	1	30.865538	0.814345	0.0	0.0	1792.98479999999995	1857.904800000000023
FEATURE	2445.379506851581482	520.331988821050572	1.193098e09	1	18.973766	0.872993	0.0	0.0	2425.551399999999831	2464.818000000000211
FEATURE	3015.615586526330844	614.31721155971502	1.030207e09	1	62.777851	0.758679	0.0	0.0	2949.618199999999888	3082.044800000000123
FEATURE	2073.004941572284679	415.253307042062147	8.697303e08	1	22.3668	0.853439	0.0	0.0	2049.81939999999986	2095.983099999999922
FEATURE	2095.507115176479147	435.773286955683204	7.143501e08	2	21.465866	0.840982	0.0	0.0	2072.953300000000127	2118.26760000000013
FEATURE	2846.20913122231741	912.462178655375283	6.926079e08	1	40.165722	0.89759	0.0	0.0	2803.733299999999872	2888.241799999999785
FEATURE	2600.820115690558396	564.358309917738779	6.514258e08	1	18.434248	0.899506	0.0	0.0	2581.6878999999999	2619.409599999999955
FEATURE	2272.422163818392619	459.27965873410858	6.394887e08	1	20.165104	0.841213	0.0	0.0	2251.169300000000021	2293.496799999999894
FEATURE	2847.345904528479423	597.29210647166758	6.120688e08	1	41.609222	0.921617	0.0	0.0	2803.733299999999872	2891.08869999999979
FEATURE	2202.429604204989573	738.39549148832225	6.007725e08	2	14.516104	0.804844	0.0	0.0	2187.063599999999951	2217.5945999999999
FEATURE	3404.870544524033448	388.037078678923024	4.666569e08	1	63.667061	0.706691	0.0	0.0	3343.272500000000036	3471.539400000000114
FEATURE	1636.607206732609257	517.26087913503784	4.068986e08	2	18.139875	0.832513	0.0	0.0	1617.920200000000023	1655.246799999999894
FEATURE	2006.40248538463743	691.327195814252832	3.784002e08	2	13.899357	0.789676	0.0	0.0	1992.310799999999972	2020.881399999999985
FEATURE	2445.211363135080774	503.305899685938243	3.764458e08	1	18.960575	0.861506	0.0	0.0	2425.551399999999831	2464.818000000000211
FEATURE	1943.531749710206896	416.227565285009177	3.515085e08	1	39.181431	0.8601	0.0	0.0	1907.415199999999913	1984.736200000000054
FEATURE	2033.55148606632406	428.765566281725171	3.354121e08	2	22.628206	0.85231	0.0	0.0	2010.494400000000042	2056.9675000000002
FEATURE	2319.533368295312357	715.885308491996966	3.265388e08	2	15.774473	0.849993	0.0	0.0	2303.118399999999838	2335.199700000000121
PEPTIDE	2333.050299999999879	715.885986328125	0.0	0	SVAVTPEQAPLYR	2	R	R	q-value	MS-GF+_2026-09-01T17:45:52_7198454993515115019	NP_217456.1	1749	1761	-1
PEPTIDE	2301.96309999999994	715.885314941406023	0.0	0	SVAVTPEQAPLYR	2	R	R	q-value	MS-GF+_2026-09-01T17:45:52_7198454993515115019	NP_217456.1	1749	1761	-1
FEATURE	2265.746644033579287	668.312747238857241	2.935058e08	2	17.101971	0.827853	0.0	0.0	2247.654799999999796	2283.610499999999775
PEPTIDE	2273.790300000000116	668.313171386718977	0.0	0	LFIDDDGQEQR	2	R	A	q-value	MS-GF+_2026-09-01T17:45:52_7198454993515115019	NP_217456.1	875	885	-1
FEATURE	2133.842613157675714	493.784466648178523	2.847308e08	2	15.269113	0.823137	0.0	0.0	2118.26760000000013	2150.029599999999846
PEPTIDE	2139.280799999999999	493.784912109375	0.0	0	TLVAGVVDGR	2	K	N	q-value	MS-GF+_2026-09-01T17:45:52_7198454993515115019	NP_215649.1	287	296	-1
FEATURE	2656.54252970061998	635.379486260284125	2.799528e08	2	15.213597	0.817353	0.0	0.0	2641.383100000000013	2671.328700000000026
PEPTIDE	2673.619999999999891	635.38037109375	0.0	0	LVSAATATGLPLR	2	R	G	q-value	MS-GF+_2026-09-01T17:45:52_7198454993515115019	NP_217456.1	1833	1845	-1
FEATURE	2740.318722944428373	608.384799177877198	2.689729e08	1	18.449114	0.875097	0.0	0.0	2721.159099999999853	2759.287499999999909
FEATURE	2540.799977726950601	903.938042378483033	2.645338e08	2	18.172159	0.867124	0.0	0.0	2521.878299999999854	2558.468299999999999
PEPTIDE	2543.338999999999942	903.939086914062045	0.0	0	LGEELYSAQC(Carbamidomethyl)VSRPPT	2	K	]	q-value	MS-GF+_2026-09-01T17:45:52_7198454993515115019	NP_216392.1	143	158	-1
FEATURE	1702.701154746853945	522.768758998205044	2.516043e08	2	17.636587	0.818272	0.0	0.0	1684.777900000000045	1720.103800000000092
PEPTIDE	1688.643600000000106	522.769287109375	0.0	0	VSPVSDGLDR	2	R	Y	q-value	MS-GF+_2026-09-01T17:45:52_7198454993515115019	NP_215649.1	90	99	-1
FEATURE	4598.392721110418279	487.374134884393584	2.465769e08	1	4.129656	0.83105	0.0	0.0	4594.494800000000396	4602.525099999999839
FEATURE	4145.220772905277045	504.218236546685318	2.408896e08	1	28.474266	0.862018	0.0	0.0	4115.185599999999795	4175.134799999999814
FEATURE	2847.42516345235299	415.212533454466268	2.355399e08	1	43.171585	0.89655	0.0	0.0	2802.29260000000022	2892.300200000000132
FEATURE	2263.402533297049558	590.303936844245072	2.235227e08	2	14.996685	0.785563	0.0	0.0	2247.654799999999796	2279.203100000000177
FEATURE	1839.842562592163404	515.752659552468799	2.207007e08	2	20.10084	0.81161	0.0	0.0	1823.345299999999952	1860.665500000000066
PEPTIDE	1822.324699999999893	515.753723144531023	6.1652281134402e-04	0	MQGDPDVLR	2	[	L	q-value	MS-GF+_2026-09-01T17:45:52_7198454993515115019	NP_216392.1	0	8	-1
PEPTIDE	1852.920900000000074	515.752319335937955	1.21580547112462e-03	0	MQGDPDVLR	2	[	L	q-value	MS-GF+_2026-09-01T17:45:52_7198454993515115019	NP_216392.1	0	8	-1
FEATURE	2847.559695066807308	619.274203258416946	2.126333e08	1	57.141499	0.921171	0.0	0.0	2787.593199999999797	2907.27390000000014
FEATURE	1812.54586475185306	492.707925325664746	2.066423e08	2	14.746224	0.755879	0.0	0.0	1797.636700000000019	1827.823000000000093
FEATURE	1435.461482422758309	533.262934840355911	2.037879e08	2	14.336603	0.865135	0.0	0.0	1421.29729999999995	1450.451099999999997
FEATURE	2945.582322943801501	748.380644335445368	2.033649e08	2	17.206751	0.85662	0.0	0.0	2928.679000000000087	2962.621700000000146
PEPTIDE	2926.253200000000106	748.383117675781023	0.0	0	AGAALDYSALYPAGR	2	R	L	q-value	MS-GF+_2026-09-01T17:45:52_7198454993515115019	NP_217456.1	847	861	-1
PEPTIDE	2956.346199999999953	748.380920410156023	6.1652281134402e-04	0	AGAALDYSALYPAGR	2	R	L	q-value	MS-GF+_2026-09-01T17:45:52_7198454993515115019	NP_217456.1	847	861	-1
FEATURE	2759.700917470918739	652.811079747198619	2.022362e08	2	20.138992	0.881611	0.0	0.0	2739.109899999999925	2780.63779999999997
PEPTIDE	2757.58809999999994	652.811584472656023	0.0	0	VPSAEEMADSLR	2	R	A	q-value	MS-GF+_2026-09-01T17:45:52_7198454993515115019	NP_215649.1	703	714	-1
FEATURE	1929.828051084131175	631.832113115271341	1.992366e08	2	14.92403	0.820922	0.0	0.0	1915.176799999999957	1945.338899999999967
PEPTIDE	1942.622800000000098	631.832580566406023	0.0	0	GVTEETTTGVLR	2	K	L	q-value	MS-GF+_2026-09-01T17:45:52_7198454993515115019	NP_217765.1	213	224	-1
PEPTIDE	1912.25240000000008	631.82421875	6.1652281134402e-04	0	TAIEEYPVQGR	2	R	G	q-value	MS-GF+_2026-09-01T17:45:52_7198454993515115019	NP_214520.1	734	744	-1
FEATURE	2377.232134177857915	633.321359613525715	1.988141e08	2	16.478992	0.870899	0.0	0.0	2359.884900000000016	2394.511399999999867
FEATURE	2899.918128764511039	645.322475196097912	1.916496e08	2	16.608929	0.882087	0.0	0.0	2882.535600000000159	2916.715400000000045
PEPTIDE	2880.909700000000157	645.325805664062045	0.0	0	ELAEFEGELPR	2	R	L	q-value	MS-GF+_2026-09-01T17:45:52_7198454993515115019	NP_217456.1	1306	1316	-1
PEPTIDE	2911.695000000000164	645.322570800781023	0.0	0	ELAEFEGELPR	2	R	L	q-value	MS-GF+_2026-09-01T17:45:52_7198454993515115019	NP_217456.1	1306	1316	-1
FEATURE	3295.299540300835815	614.317405779668206	1.912565e08	1	26.692869	0.920362	0.0	0.0	3268.064100000000053	3322.913700000000063
FEATURE	1689.872667919789365	405.22331048912298	1.910552e08	2	19.611286	0.84462	0.0	0.0	1687.248399999999947	1709.805399999999963
FEATURE	1984.16132113194567	842.510337969906573	1.87781e08	1	23.307039	0.870812	0.0	0.0	1959.913199999999961	2008.354700000000094
FEATURE	1599.67699658040965	545.768559339315516	1.824192e08	2	20.411896	0.843896	0.0	0.0	1578.910499999999956	1619.821899999999914
FEATURE	2529.167028050548652	530.785285756542976	1.759422e08	2	16.518036	0.842151	0.0	0.0	2512.090599999999995	2545.461299999999937
FEATURE	2524.433544737056764	652.331335242586079	1.743132e08	2	15.243173	0.870054	0.0	0.0	2510.053800000000138	2539.653299999999945
PEPTIDE	2507.771200000000135	652.333312988281023	0.0	0	GTDQIAPLEMTK	2	R	W	q-value	MS-GF+_2026-09-01T17:45:52_7198454993515115019	NP_215649.1	106	117	-1
PEPTIDE	2538.831000000000131	652.332824707031023	0.0	0	GTDQIAPLEMTK	2	R	W	q-value	MS-GF+_2026-09-01T17:45:52_7198454993515115019	NP_215649.1	106	117	-1
FEATURE	1649.450409542116404	486.266331051164855	1.738694e08	2	20.287201	0.782557	0.0	0.0	1628.888899999999921	1670.048800000000028
FEATURE	2600.484206435358374	547.332378151847252	1.724331e08	1	18.123352	0.894553	0.0	0.0	2581.6878999999999	2619.409599999999955
FEATURE	1823.490030182983219	731.393449310361461	1.707152e08	2	16.121817	0.84687	0.0	0.0	1807.361300000000028	1840.538199999999961
PEPTIDE	1838.981199999999944	731.392883300781023	0.0	0	EKQDTTSAVLLEK	2	R	I	q-value	MS-GF+_2026-09-01T17:45:52_7198454993515115019	NP_216392.1	109	121	-1
PEPTIDE	1808.136799999999994	731.393127441406023	0.0	0	EKQDTTSAVLLEK	2	R	I	q-value	MS-GF+_2026-09-01T17:45:52_7198454993515115019	NP_216392.1	109	121	-1
FEATURE	2507.974494826909904	686.368072142772462	1.680079e08	2	14.727701	0.840747	0.0	0.0	2492.748399999999947	2521.878299999999854
PEPTIDE	2522.362799999999879	686.369018554687955	0.0	0	IAGAGAMGSVELPAK	2	R	Q	q-value	MS-GF+_2026-09-01T17:45:52_7198454993515115019	NP_217456.1	654	668	-1
PEPTIDE	2492.145300000000134	686.369812011718977	0.0	0	IAGAGAMGSVELPAK	2	R	Q	q-value	MS-GF+_2026-09-01T17:45:52_7198454993515115019	NP_217456.1	654	668	-1
FEATURE	2712.855474636133749	614.318027045220788	1.595856e08	1	78.247017	0.772309	0.0	0.0	2658.207699999999932	2786.038500000000113
FEATURE	1825.162091944317808	404.20327090631946	1.579739e08	2	14.378097	0.8379	0.0	0.0	1810.702199999999948	1839.482700000000023
FEATURE	4617.36468127446642	376.175407238315643	1.526117e08	1	8.057224	0.792926	0.0	0.0	4609.613199999999779	4625.565700000000106
FEATURE	2069.072118452637369	626.296269607168597	1.510037e08	2	15.306204	0.872707	0.0	0.0	2053.23030000000017	2084.911599999999908
PEPTIDE	2084.125	626.296325683593977	0.0	0	AGEIDEAEYVR	2	R	R	q-value	MS-GF+_2026-09-01T17:45:52_7198454993515115019	NP_215649.1	454	464	-1
PEPTIDE	2052.954000000000178	626.297119140625	0.0	0	AGEIDEAEYVR	2	R	R	q-value	MS-GF+_2026-09-01T17:45:52_7198454993515115019	NP_215649.1	454	464	-1
FEATURE	3839.641654241206652	670.307115606185221	1.450404e08	1	23.336033	0.886805	0.0	0.0	3814.912899999999809	3863.873799999999847
FEATURE	2178.838865418738351	623.824462536947976	1.418888e08	2	18.318739	0.877874	0.0	0.0	2159.632700000000114	2198.133499999999913
PEPTIDE	2187.610999999999876	623.824584960937955	0.0	0	GAEIFATAGNPAK	2	K	R	q-value	MS-GF+_2026-09-01T17:45:52_7198454993515115019	NP_217456.1	1582	1594	-1
PEPTIDE	2157.604699999999866	623.825500488281023	0.0	0	GAEIFATAGNPAK	2	K	R	q-value	MS-GF+_2026-09-01T17:45:52_7198454993515115019	NP_217456.1	1582	1594	-1
FEATURE	1575.262661496368992	1045.564853596174316	1.357973e08	1	16.699064	0.848319	0.0	0.0	1558.230299999999943	1592.119500000000016
FEATURE	1934.063269851905488	538.784230796703469	1.342432e08	2	15.02574	0.850584	0.0	0.0	1919.442099999999982	1949.635199999999941
PEPTIDE	1942.392200000000003	538.784118652343977	0.0	0	EYAEVQPLK	2	R	G	q-value	MS-GF+_2026-09-01T17:45:52_7198454993515115019	NP_217765.1	51	59	-1
FEATURE	2539.857145647123616	406.255417446032254	1.339326e08	2	16.495998	0.814679	0.0	0.0	2523.699099999999817	2555.900200000000041
PEPTIDE	2522.619599999999991	406.255615234375	1.68255748738082e-03	0	LVLDVPR	2	K	S	q-value	MS-GF+_2026-09-01T17:45:52_7198454993515115019	NP_217456.1	1738	1744	-1
PEPTIDE	2553.746299999999792	406.255615234375	1.68255748738082e-03	0	LVLDVPR	2	K	S	q-value	MS-GF+_2026-09-01T17:45:52_7198454993515115019	NP_217456.1	1738	1744	-1
FEATURE	2846.239504708390086	635.249309756028651	1.333538e08	1	52.585693	0.88886	0.0	0.0	2792.075800000000072	2901.738199999999779
FEATURE	2295.935668440715745	539.779876046344839	1.329295e08	2	15.783541	0.880937	0.0	0.0	2279.203100000000177	2312.29320000000007
PEPTIDE	2290.55789999999979	539.780517578125	6.1652281134402e-04	0	SVEFAEQIR	2	R	R	q-value	MS-GF+_2026-09-01T17:45:52_7198454993515115019	NP_216043.1;NP_217456.1	1611;1611	1619;1619	-1
FEATURE	2054.46216872073046	512.780104445790698	1.318371e08	2	14.801114	0.869963	0.0	0.0	2039.616199999999935	2069.635200000000168
PEPTIDE	2036.136199999999917	512.780029296875	0.0	0	HSLIDGINR	2	R	G	q-value	MS-GF+_2026-09-01T17:45:52_7198454993515115019	NP_217765.1	258	266	-1
PEPTIDE	2066.808799999999792	512.780212402343977	0.0	0	HSLIDGINR	2	R	G	q-value	MS-GF+_2026-09-01T17:45:52_7198454993515115019	NP_217765.1	258	266	-1
FEATURE	1637.443959868269758	524.266340759408081	1.310029e08	2	17.757694	0.810957	0.0	0.0	1619.0150000000001	1655.246799999999894
FEATURE	1893.973276315867452	676.336465973707959	1.304861e08	2	14.132634	0.824548	0.0	0.0	1878.986799999999903	1907.415199999999913
PEPTIDE	1909.899300000000039	676.337219238281023	0.0	0	VYGAGTPC(Carbamidomethyl)ALGSAK	2	R	S	q-value	MS-GF+_2026-09-01T17:45:52_7198454993515115019	NP_217456.1	329	342	-1
PEPTIDE	1879.576999999999998	676.3369140625	0.0	0	VYGAGTPC(Carbamidomethyl)ALGSAK	2	R	S	q-value	MS-GF+_2026-09-01T17:45:52_7198454993515115019	NP_217456.1	329	342	-1
FEATURE	2766.116447207021793	630.333585028216248	1.299248e08	2	17.723167	0.919771	0.0	0.0	2747.818099999999959	2784.098599999999806
PEPTIDE	2779.264200000000074	630.334716796875	0.0	0	VTPVAVIGMGC(Carbamidomethyl)R	2	R	L	q-value	MS-GF+_2026-09-01T17:45:52_7198454993515115019	NP_216043.1;NP_217456.1	13;4	24;15	-1
PEPTIDE	2748.348399999999856	630.337707519531023	0.0	0	VTPVAVIGMGC(Carbamidomethyl)R	2	R	L	q-value	MS-GF+_2026-09-01T17:45:52_7198454993515115019	NP_216043.1;NP_217456.1	13;4	24;15	-1
FEATURE	2016.975315360741206	437.752896834373757	1.28823e08	2	16.023655	0.815	0.0	0.0	2000.995799999999917	2033.692600000000084
FEATURE	2100.464546961185533	602.824326716478254	1.274201e08	2	17.648396	0.880671	0.0	0.0	2084.911599999999908	2119.1878999999999
PEPTIDE	2085.383499999999913	602.824829101562045	0.0	0	QDTTSAVLLEK	2	K	I	q-value	MS-GF+_2026-09-01T17:45:52_7198454993515115019	NP_216392.1	111	121	-1
FEATURE	1588.961863778454926	631.801965938036005	1.234484e08	2	19.087765	0.848732	0.0	0.0	1569.598799999999983	1608.617299999999887
FEATURE	2011.219368330548377	416.747912444392796	1.209533e08	2	18.71316	0.830648	0.0	0.0	1991.522999999999911	2030.648500000000013
FEATURE	2764.992822275339677	504.301546300951031	1.207289e08	1	20.464838	0.842721	0.0	0.0	2743.369099999999889	2786.038500000000113
FEATURE	2717.224734307290419	601.305529780475808	1.189527e08	2	15.819644	0.831643	0.0	0.0	2701.825600000000122	2733.894600000000082
PEPTIDE	2736.820299999999861	601.306518554687955	6.1652281134402e-04	0	LWVNPDC(Carbamidomethyl)GLK	2	R	T	q-value	MS-GF+_2026-09-01T17:45:52_7198454993515115019	NP_215649.1	725	734	-1
PEPTIDE	2705.54930000000013	601.305480957031023	6.1652281134402e-04	0	LWVNPDC(Carbamidomethyl)GLK	2	R	T	q-value	MS-GF+_2026-09-01T17:45:52_7198454993515115019	NP_215649.1	725	734	-1
FEATURE	1823.91627436891531	505.738092702763879	1.169368e08	2	16.825478	0.8589	0.0	0.0	1807.361300000000028	1841.598799999999983
PEPTIDE	1820.14670000000001	505.738098144531023	0.0	0	ATEGYWAGR	2	R	T	q-value	MS-GF+_2026-09-01T17:45:52_7198454993515115019	NP_215649.1	28	36	-1
FEATURE	2581.233671516211416	460.275163135861078	1.157934e08	1	21.569874	0.836983	0.0	0.0	2558.468299999999999	2603.981900000000223
FEATURE	2642.243392777710596	516.302835090522649	1.136816e08	2	15.371161	0.860695	0.0	0.0	2626.80619999999999	2658.207699999999932
FEATURE	3979.169522405436965	670.307326183224973	1.125559e08	1	25.402472	0.902019	0.0	0.0	3952.554700000000139	4005.89469999999983
FEATURE	2866.192658838951047	652.413901205682691	1.112691e08	1	18.074806	0.883935	0.0	0.0	2847.264900000000125	2884.117799999999988
FEATURE	1544.430138281565178	554.273960777391494	1.101114e08	2	14.102854	0.81629	0.0	0.0	1530.392700000000104	1559.252899999999954
FEATURE	4617.370768027473787	734.317999167868152	1.09967e08	1	5.689784	0.943462	0.0	0.0	4611.373400000000402	4622.954800000000432
FEATURE	4617.31595939433555	359.148893435683931	1.092083e08	1	7.950438	0.803548	0.0	0.0	4609.613199999999779	4625.565700000000106
FEATURE	2344.926254950680232	606.266308629663286	1.086342e08	2	16.836308	0.874478	0.0	0.0	2327.451700000000074	2361.262900000000172
PEPTIDE	2329.715599999999995	606.268615722656023	0.0	0	VGGFSEGGC(Carbamidomethyl)WR	2	R	T	q-value	MS-GF+_2026-09-01T17:45:52_7198454993515115019	NP_217456.1	1503	1513	-1
FEATURE	2208.760408808705961	487.269279607071269	1.085754e08	2	14.997293	0.862253	0.0	0.0	2192.9699999999998	2223.501299999999901
FEATURE	2145.3310945520102	561.295540189240455	1.077646e08	2	15.702072	0.909042	0.0	0.0	2129.71369999999979	2161.040399999999863
FEATURE	1874.82247383062554	393.247192152367461	1.070325e08	2	17.425419	0.804771	0.0	0.0	1856.638999999999896	1893.262099999999919
FEATURE	2190.611720510115447	579.299027624376777	1.070012e08	2	13.448642	0.863418	0.0	0.0	2176.761800000000221	2204.351200000000063
FEATURE	3284.773793717864464	714.86296110488729	1.06472e08	2	23.130383	0.881298	0.0	0.0	3269.909700000000157	3308.683300000000145
PEPTIDE	3283.997299999999996	714.8623046875	6.1652281134402e-04	0	VPYYSATLFDPR	2	K	E	q-value	MS-GF+_2026-09-01T17:45:52_7198454993515115019	NP_217456.1	751	762	-1
FEATURE	2557.700888819080774	650.768524861333845	1.057293e08	2	14.785575	0.896595	0.0	0.0	2542.787800000000061	2572.672500000000127
FEATURE	2364.187538002507154	416.248981142822515	1.047671e08	1	22.17478	0.840691	0.0	0.0	2340.882999999999811	2387.072299999999814
FEATURE	1559.554267859615266	500.226074814592664	1.042312e08	2	17.433113	0.82098	0.0	0.0	1542.11239999999998	1577.841100000000097
FEATURE	2594.364826366093894	430.243548692548245	1.034976e08	1	23.167635	0.864045	0.0	0.0	2570.969500000000153	2617.267699999999877
FEATURE	1936.116251257099293	697.369413805173281	1.031144e08	2	16.893137	0.828613	0.0	0.0	1919.442099999999982	1953.480299999999943
FEATURE	2304.785481751279349	638.338658286391478	1.010597e08	2	15.96247	0.909396	0.0	0.0	2288.418799999999919	2320.463000000000193
PEPTIDE	2320.210000000000036	638.338073730468977	0.0	0	QPFTATITGSPR	2	R	I	q-value	MS-GF+_2026-09-01T17:45:52_7198454993515115019	NP_215649.1	7	18	-1
PEPTIDE	2288.949700000000121	638.339172363281023	0.0	0	QPFTATITGSPR	2	R	I	q-value	MS-GF+_2026-09-01T17:45:52_7198454993515115019	NP_215649.1	7	18	-1
FEATURE	2284.457156795601804	702.852708597817241	1.001556e08	2	21.25316	0.800215	0.0	0.0	2263.203500000000076	2305.682600000000093
PEPTIDE	2295.544199999999819	702.851684570312045	0.0	0	SVPTDDSSLGALSR	2	R	D	q-value	MS-GF+_2026-09-01T17:45:52_7198454993515115019	NP_218376.1	122	135	-1
PEPTIDE	2264.487500000000182	702.85302734375	0.0	0	SVPTDDSSLGALSR	2	R	D	q-value	MS-GF+_2026-09-01T17:45:52_7198454993515115019	NP_218376.1	122	135	-1
FEATURE	1661.0034678341774	683.322029600772908	9.92348e07	2	13.199966	0.826765	0.0	0.0	1647.814800000000105	1674.227900000000091
FEATURE	2730.214229966160929	555.248822256623271	9.859448e07	2	17.588842	0.89508	0.0	0.0	2712.679200000000037	2747.818099999999959
FEATURE	3403.559744966060407	405.064100558927976	9.782772e07	1	62.434624	0.717532	0.0	0.0	3348.173099999999977	3469.792899999999918
FEATURE	1623.728262696426782	627.806343224236798	9.7732e07	2	17.14196	0.848586	0.0	0.0	1605.785599999999931	1641.511600000000044
FEATURE	2474.48294797835888	487.287233265786256	9.708548e07	2	16.487284	0.841516	0.0	0.0	2457.643000000000029	2491.037299999999959
PEPTIDE	2455.742400000000089	487.286895751953011	6.1652281134402e-04	0	SIIVLSEGR	2	R	L	q-value	MS-GF+_2026-09-01T17:45:52_7198454993515115019	NP_217765.1	397	405	-1
PEPTIDE	2486.378999999999905	487.286804199218977	1.68255748738082e-03	0	SIIVLSEGR	2	R	L	q-value	MS-GF+_2026-09-01T17:45:52_7198454993515115019	NP_217765.1	397	405	-1
FEATURE	1574.81614554018438	521.282136721068696	9.496612e07	2	13.879736	0.792866	0.0	0.0	1560.269399999999905	1589.198699999999917
FEATURE	3266.781730250703276	692.349208140430619	9.18122e07	2	15.285643	0.835983	0.0	0.0	3251.214199999999892	3282.146000000000186
FEATURE	2774.594559474265225	357.214510843598987	8.973144e07	2	19.50218	0.831421	0.0	0.0	2755.079499999999825	2793.815000000000055
FEATURE	1960.845641633620971	654.28759425428018	8.939421e07	2	15.348886	0.881847	0.0	0.0	1945.338899999999967	1976.569099999999935
PEPTIDE	1949.122000000000071	654.288024902343977	0.0	0	DMGVEHVYDSR	2	R	S	q-value	MS-GF+_2026-09-01T17:45:52_7198454993515115019	NP_217456.1	1600	1610	-1
PEPTIDE	1980.451700000000074	654.289184570312045	0.0	0	DMGVEHVYDSR	2	R	S	q-value	MS-GF+_2026-09-01T17:45:52_7198454993515115019	NP_217456.1	1600	1610	-1
FEATURE	1691.866820965803981	809.440192567543136	8.914854e07	1	19.990265	0.866342	0.0	0.0	1671.678000000000111	1712.325399999999945
FEATURE	1985.619565901053193	683.342188997216681	8.652043e07	2	18.178143	0.844855	0.0	0.0	1967.342100000000073	2003.266399999999976
PEPTIDE	1969.898400000000038	683.3427734375	0.0	0	VGDPDEHSLLAGR	2	R	E	q-value	MS-GF+_2026-09-01T17:45:52_7198454993515115019	NP_217456.1	1282	1294	-1
PEPTIDE	2000.249499999999898	683.341369628906023	0.0	0	VGDPDEHSLLAGR	2	R	E	q-value	MS-GF+_2026-09-01T17:45:52_7198454993515115019	NP_217456.1	1282	1294	-1
FEATURE	2533.60925245635417	537.800861999233689	8.622448e07	2	19.227062	0.86519	0.0	0.0	2513.528999999999996	2553.256400000000212
PEPTIDE	2544.675299999999879	537.801025390625	0.0	0	DGVVIVYGPR	2	R	V	q-value	MS-GF+_2026-09-01T17:45:52_7198454993515115019	NP_217456.1	1272	1281	-1
PEPTIDE	2514.068000000000211	537.800598144531023	6.1652281134402e-04	0	DGVVIVYGPR	2	R	V	q-value	MS-GF+_2026-09-01T17:45:52_7198454993515115019	NP_217456.1	1272	1281	-1
FEATURE	2186.696371707100298	367.731360634884368	8.493524e07	2	14.903134	0.854671	0.0	0.0	2171.428300000000036	2201.454299999999876
PEPTIDE	2170.636700000000019	367.731506347656023	5.353319057815841e-03	0	LFVVTR	2	R	S	q-value	MS-GF+_2026-09-01T17:45:52_7198454993515115019	NP_215697.1;NP_217456.1	796;1317	801;1322	-1
FEATURE	2073.351475106260295	453.209760966779982	8.379848e07	1	22.085602	0.871563	0.0	0.0	2052.413100000000213	2095.983099999999922
FEATURE	1825.392693013250891	409.183545673167316	8.358232e07	1	29.459322	0.871914	0.0	0.0	1797.636700000000019	1856.638999999999896
FEATURE	1483.586736703583256	507.768949585337509	8.308472e07	2	18.695414	0.771071	0.0	0.0	1468.65560000000005	1502.610500000000002
PEPTIDE	1470.41170000000011	507.769714355468977	0.0	0	GAAAAAIADGAR	2	R	I	q-value	MS-GF+_2026-09-01T17:45:52_7198454993515115019	NP_218376.1	616	627	-1
PEPTIDE	1501.105800000000045	507.769409179688012	1.68255748738082e-03	0	GAAAAAIADGAR	2	R	I	q-value	MS-GF+_2026-09-01T17:45:52_7198454993515115019	NP_218376.1	616	627	-1
FEATURE	2993.830540262021714	580.320738353737397	8.144917e07	2	15.31293	0.878748	0.0	0.0	2978.900500000000193	3009.291499999999814
PEPTIDE	3006.604699999999866	580.321594238281023	0.0	0	SELEAVAATLR	2	R	R	q-value	MS-GF+_2026-09-01T17:45:52_7198454993515115019	NP_215649.1	40	50	-1
PEPTIDE	2976.130999999999858	580.319702148437955	6.1652281134402e-04	0	SELEAVAATLR	2	R	R	q-value	MS-GF+_2026-09-01T17:45:52_7198454993515115019	NP_215649.1	40	50	-1
FEATURE	2147.143043817539819	504.279599519361511	8.026032e07	2	16.037756	0.872203	0.0	0.0	2130.515699999999924	2163.894800000000032
PEPTIDE	2160.253999999999905	504.279693603516023	0.0	0	TAALNNYIK	2	R	A	q-value	MS-GF+_2026-09-01T17:45:52_7198454993515115019	NP_218376.1	715	723	-1
PEPTIDE	2129.456499999999778	504.279113769531023	1.21580547112462e-03	0	TAALNNYIK	2	R	A	q-value	MS-GF+_2026-09-01T17:45:52_7198454993515115019	NP_218376.1	715	723	-1
FEATURE	2127.98900568170393	490.73274281673946	7.904514e07	2	16.759394	0.842384	0.0	0.0	2110.918999999999869	2145.676300000000083
PEPTIDE	2141.396999999999935	490.732788085938012	0.0	0	NGDWYVAR	2	R	L	q-value	MS-GF+_2026-09-01T17:45:52_7198454993515115019	NP_217456.1	1390	1397	-1
PEPTIDE	2110.672399999999925	490.731994628906023	0.0	0	NGDWYVAR	2	R	L	q-value	MS-GF+_2026-09-01T17:45:52_7198454993515115019	NP_217456.1	1390	1397	-1
FEATURE	1543.745181167347255	523.749518302649904	7.825938e07	2	16.198654	0.800447	0.0	0.0	1527.523599999999988	1560.269399999999905
FEATURE	3604.017964174779081	582.327346281764449	7.794555e07	1	29.15362	0.871524	0.0	0.0	3579.193299999999908	3625.322900000000118
FEATURE	3422.959437686044566	387.176000971731355	7.793176e07	1	28.719318	0.854722	0.0	0.0	3393.193000000000211	3452.859899999999925
FEATURE	3023.177994798941654	619.273952299382927	7.728913e07	1	80.453667	0.860284	0.0	0.0	2947.016000000000076	3101.26339999999982
FEATURE	3650.462772234482145	707.906119582647079	7.714156e07	2	15.327812	0.857186	0.0	0.0	3634.202999999999975	3665.894800000000032
PEPTIDE	3661.379399999999805	707.906127929687955	0.0	0	ILLLDGLPNYQR	2	R	I	q-value	MS-GF+_2026-09-01T17:45:52_7198454993515115019	NP_216392.1	61	72	-1
PEPTIDE	3631.0625	707.908996582031023	0.0	0	ILLLDGLPNYQR	2	R	I	q-value	MS-GF+_2026-09-01T17:45:52_7198454993515115019	NP_216392.1	61	72	-1
FEATURE	2846.342351887219593	1359.682224040531764	7.704103e07	2	30.770281	0.877679	0.0	0.0	2818.363100000000031	2870.487599999999929
FEATURE	3426.623344847570934	582.32754227184455	7.65178e07	1	19.259712	0.905867	0.0	0.0	3406.751000000000204	3446.998799999999847
FEATURE	2092.777681215056418	793.886552382625837	7.627539e07	2	14.305462	0.852203	0.0	0.0	2078.312199999999848	2107.466600000000199
FEATURE	3404.555840443206762	390.033410499016668	7.61925e07	1	63.983089	0.737574	0.0	0.0	3349.052000000000135	3472.482899999999972
FEATURE	3040.108718383248743	557.822673805036516	7.607097e07	2	15.699233	0.85831	0.0	0.0	3024.472699999999804	3056.169499999999971
PEPTIDE	3025.05639999999994	557.824584960937955	0.0	0	LLTLGWQQR	2	R	A	q-value	MS-GF+_2026-09-01T17:45:52_7198454993515115019	NP_217456.1	1189	1197	-1
PEPTIDE	3056.711699999999837	557.822814941406023	0.0	0	LLTLGWQQR	2	R	A	q-value	MS-GF+_2026-09-01T17:45:52_7198454993515115019	NP_217456.1	1189	1197	-1
FEATURE	2925.455290151843656	548.32787895285378	7.45617e07	1	20.393034	0.857185	0.0	0.0	2904.550999999999931	2947.016000000000076
FEATURE	1823.880385413041495	487.931567131031727	7.384257e07	3	12.40413	0.757646	0.0	0.0	1812.016900000000078	1835.779600000000073
PEPTIDE	1832.191900000000032	487.930786132811988	5.353319057815841e-03	0	SRYPGLNATEVVR	3	R	R	q-value	MS-GF+_2026-09-01T17:45:52_7198454993515115019	NP_214805.1	356	368	-1
FEATURE	2574.962311053475787	626.806517672836321	7.349629e07	2	16.697369	0.886409	0.0	0.0	2557.598399999999856	2592.331299999999828
PEPTIDE	2588.681999999999789	626.80712890625	0.0	0	TDIFGSAADVEK	2	K	L	q-value	MS-GF+_2026-09-01T17:45:52_7198454993515115019	NP_218376.1	270	281	-1
FEATURE	1970.33289971030581	694.366326947758353	7.257045e07	2	19.889584	0.869572	0.0	0.0	1956.2179000000001	1990.556800000000067
PEPTIDE	1958.957300000000032	694.369384765625	0.0	0	IAGAGAM(Oxidation)GSVELPAK	2	R	Q	q-value	MS-GF+_2026-09-01T17:45:52_7198454993515115019	NP_217456.1	654	668	-1
PEPTIDE	1989.727399999999989	694.365478515625	0.0	0	IAGAGAM(Oxidation)GSVELPAK	2	R	Q	q-value	MS-GF+_2026-09-01T17:45:52_7198454993515115019	NP_217456.1	654	668	-1
FEATURE	3008.863705462575581	597.292400872250369	7.247814e07	1	36.298195	0.900193	0.0	0.0	2971.02370000000019	3029.127800000000207
FEATURE	2781.082033830006822	959.95838652193811	7.179761e07	2	13.713009	0.871112	0.0	0.0	2767.284500000000207	2793.815000000000055
PEPTIDE	2784.583500000000186	959.962524414062045	0.0	0	VAQQLLSGSEEDETAWR	2	R	N	q-value	MS-GF+_2026-09-01T17:45:52_7198454993515115019	NP_217456.1	1373	1389	-1
FEATURE	1972.46979785966596	554.790874955968093	7.179428e07	2	14.182448	0.883211	0.0	0.0	1958.404299999999921	1986.494599999999991
PEPTIDE	1956.781600000000026	554.792114257812045	1.68255748738082e-03	0	FSTTIGNVNR	2	R	T	q-value	MS-GF+_2026-09-01T17:45:52_7198454993515115019	NP_218376.1	1267	1276	-1
FEATURE	2142.596146318837327	603.805581309556487	7.16215e07	2	19.13122	0.89059	0.0	0.0	2123.233099999999922	2162.519200000000183
FEATURE	762.072917816154472	462.146418312589105	7.113535e07	1	351.00943	0.921414	0.0	0.0	575.164800000000014	905.654800000001956
FEATURE	2142.202648705107094	549.293345086993327	7.054035e07	3	15.228587	0.824773	0.0	0.0	2127.339100000000144	2158.210799999999836
PEPTIDE	2158.83199999999988	549.293212890625	0.0	0	AAAEPAEAPTLAGHALR	3	K	F	q-value	MS-GF+_2026-09-01T17:45:52_7198454993515115019	NP_218317.1	559	575	-1
PEPTIDE	2127.869999999999891	549.294616699218977	0.0	0	AAAEPAEAPTLAGHALR	3	K	F	q-value	MS-GF+_2026-09-01T17:45:52_7198454993515115019	NP_218317.1	559	575	-1
FEATURE	3423.169643713320966	404.202722174788562	7.025635e07	1	28.181004	0.844435	0.0	0.0	3394.065599999999904	3452.859899999999925
FEATURE	2269.756585376569092	519.267284927463606	6.978099e07	2	18.897818	0.842501	0.0	0.0	2251.169300000000021	2288.418799999999919
FEATURE	2272.380346191564058	497.236491123121937	6.879348e07	1	19.868406	0.876619	0.0	0.0	2252.260299999999916	2291.919600000000173
FEATURE	1765.696957658505426	600.779610812384135	6.869823e07	2	13.994642	0.860461	0.0	0.0	1751.161299999999983	1780.289600000000064
FEATURE	1885.263609947604891	721.82883271596063	6.829189e07	2	14.053732	0.828466	0.0	0.0	1871.252999999999929	1898.885099999999966
PEPTIDE	1902.695699999999988	721.829284667968977	0.0	0	DGHDAVADEIASSR	2	R	A	q-value	MS-GF+_2026-09-01T17:45:52_7198454993515115019	NP_215649.1	368	381	-1
PEPTIDE	1871.857899999999972	721.830078125	0.0	0	DGHDAVADEIASSR	2	R	A	q-value	MS-GF+_2026-09-01T17:45:52_7198454993515115019	NP_215649.1	368	381	-1
FEATURE	1522.610588524383957	618.321598876050643	6.822871e07	2	14.32703	0.864721	0.0	0.0	1508.322599999999966	1537.550300000000107
PEPTIDE	1538.11220000000003	618.321472167968977	0.0	0	LTPSPLGHEER	2	R	R	q-value	MS-GF+_2026-09-01T17:45:52_7198454993515115019	NP_217456.1	1398	1408	-1
PEPTIDE	1507.655199999999923	618.325378417968977	0.0	0	LTPSPLGHEER	2	R	R	q-value	MS-GF+_2026-09-01T17:45:52_7198454993515115019	NP_217456.1	1398	1408	-1
FEATURE	2442.444614116520825	590.805647055114605	6.639956e07	2	13.89426	0.865645	0.0	0.0	2428.666999999999916	2456.297700000000077
PEPTIDE	2456.824500000000171	590.805908203125	0.0	0	VLIC(Carbamidomethyl)GYGDVGK	2	K	G	q-value	MS-GF+_2026-09-01T17:45:52_7198454993515115019	NP_217765.1	277	287	-1
PEPTIDE	2426.117699999999786	590.804809570312045	0.0	0	VLIC(Carbamidomethyl)GYGDVGK	2	K	G	q-value	MS-GF+_2026-09-01T17:45:52_7198454993515115019	NP_217765.1	277	287	-1
FEATURE	2711.948185238468795	561.829858105875246	6.617786e07	2	16.7321	0.904215	0.0	0.0	2694.790100000000166	2728.823100000000068
PEPTIDE	2694.148000000000138	561.830688476562045	6.1652281134402e-04	0	IVPIIPDEAR	2	R	T	q-value	MS-GF+_2026-09-01T17:45:52_7198454993515115019	NP_216757.3	519	528	-1
PEPTIDE	2725.201399999999921	561.830200195312045	6.1652281134402e-04	0	IVPIIPDEAR	2	R	T	q-value	MS-GF+_2026-09-01T17:45:52_7198454993515115019	NP_216757.3	519	528	-1
FEATURE	2117.691695202877327	665.8515455125073	6.577792e07	2	16.019217	0.853118	0.0	0.0	2101.398099999999886	2134.391299999999774
PEPTIDE	2114.49980000000005	665.851196289062045	0.0	0	TQVGLVVESGDAR	2	R	E	q-value	MS-GF+_2026-09-01T17:45:52_7198454993515115019	NP_218376.1	663	675	-1
FEATURE	1523.175149683030213	412.549964997139512	6.543481e07	3	12.361673	0.852458	0.0	0.0	1523.492500000000064	1535.501899999999978
FEATURE	1985.123869765477366	455.896948784751146	6.518865e07	3	15.959053	0.810413	0.0	0.0	1969.085299999999961	2001.823100000000068
PEPTIDE	2004.010700000000043	455.897613525391023	0.0	0	VGDPDEHSLLAGR	3	R	E	q-value	MS-GF+_2026-09-01T17:45:52_7198454993515115019	NP_217456.1	1282	1294	-1
PEPTIDE	1972.107999999999947	455.896392822266023	6.1652281134402e-04	0	VGDPDEHSLLAGR	3	R	E	q-value	MS-GF+_2026-09-01T17:45:52_7198454993515115019	NP_217456.1	1282	1294	-1
FEATURE	2126.161689179912173	595.30188925618495	6.472889e07	2	16.136126	0.865404	0.0	0.0	2110.14870000000019	2143.116100000000188
PEPTIDE	2128.96120000000019	595.30126953125	0.0	0	ILSDWSGQQR	2	R	H	q-value	MS-GF+_2026-09-01T17:45:52_7198454993515115019	NP_218376.1	1480	1489	-1
FEATURE	3879.32423507898875	520.213518950560911	6.470773e07	1	29.868584	0.859851	0.0	0.0	3848.084699999999884	3910.174799999999777
FEATURE	4611.171893176130652	585.338714073425081	6.430748e07	1	5.573666	0.877112	0.0	0.0	4606.07300000000032	4616.832999999999629
FEATURE	4145.011596928587096	487.192249797095599	6.429198e07	1	27.207901	0.877879	0.0	0.0	4116.153500000000349	4173.23319999999967
FEATURE	4482.134253699285182	448.22868491038713	6.420852e07	1	19.430553	0.862811	0.0	0.0	4461.892899999999827	4502.483000000000175
FEATURE	1758.956868437262074	660.808233982067918	6.415334e07	2	15.33179	0.859122	0.0	0.0	1743.146600000000035	1773.764799999999923
PEPTIDE	1744.035900000000083	660.806579589843977	0.0	0	VPSAEEM(Oxidation)ADSLR	2	R	A	q-value	MS-GF+_2026-09-01T17:45:52_7198454993515115019	NP_215649.1	703	714	-1
PEPTIDE	1774.294000000000096	660.807922363281023	0.0	0	VPSAEEM(Oxidation)ADSLR	2	R	A	q-value	MS-GF+_2026-09-01T17:45:52_7198454993515115019	NP_215649.1	703	714	-1
FEATURE	3633.910687812407105	582.327523080264086	6.329946e07	1	31.37097	0.883009	0.0	0.0	3616.047900000000027	3666.802999999999884
FEATURE	2016.875233489535503	874.499773476536234	6.301453e07	1	16.73156	0.87755	0.0	0.0	2000.995799999999917	2033.692600000000084
FEATURE	3261.120601180574795	714.865658376804277	6.274365e07	1	19.976301	0.752828	0.0	0.0	3240.473399999999856	3271.950200000000223
FEATURE	1835.198026876745644	583.296227191256776	6.266558e07	2	13.753734	0.868041	0.0	0.0	1822.565299999999979	1849.288399999999911
FEATURE	1833.389901666409969	537.301636476321733	6.264799e07	2	18.55554	0.784532	0.0	0.0	1820.652399999999943	1852.373800000000074
PEPTIDE	1844.079099999999926	537.301818847656023	6.1652281134402e-04	0	LKPGIVMC(Carbamidomethyl)R	2	R	E	q-value	MS-GF+_2026-09-01T17:45:52_7198454993515115019	NP_216392.1	100	108	-1
FEATURE	2004.709482282651834	660.330027878364376	6.098896e07	2	19.413311	0.896365	0.0	0.0	1984.736200000000054	2025.051999999999907
PEPTIDE	2008.895899999999983	660.328918457031023	0.0	0	GTDQIAPLEM(Oxidation)TK	2	R	W	q-value	MS-GF+_2026-09-01T17:45:52_7198454993515115019	NP_215649.1	106	117	-1
FEATURE	2099.429599742556547	372.222719594645241	6.085813e07	1	27.427637	0.882679	0.0	0.0	2072.095100000000002	2128.422300000000178
FEATURE	1417.479433202747032	747.369478878059908	5.999336e07	2	14.158484	0.81293	0.0	0.0	1402.851100000000088	1431.646400000000085
FEATURE	1752.140073491548947	663.808437801132982	5.94616e07	2	15.637798	0.807702	0.0	0.0	1736.994200000000092	1768.449399999999969
PEPTIDE	1764.972500000000082	663.808776855468977	6.1652281134402e-04	0	TAVLDPDHDGMR	2	R	V	q-value	MS-GF+_2026-09-01T17:45:52_7198454993515115019	NP_217456.1	1410	1421	-1
PEPTIDE	1734.487699999999904	663.807678222656023	6.1652281134402e-04	0	TAVLDPDHDGMR	2	R	V	q-value	MS-GF+_2026-09-01T17:45:52_7198454993515115019	NP_217456.1	1410	1421	-1
FEATURE	2563.862975948033636	632.801220619145738	5.936883e07	2	17.150728	0.880443	0.0	0.0	2546.861399999999776	2581.6878999999999
PEPTIDE	2577.090000000000146	632.801208496093977	0.0	0	EIELEDPYEK	2	K	I	q-value	MS-GF+_2026-09-01T17:45:52_7198454993515115019	NP_214954.1	57	66	-1
PEPTIDE	2546.265600000000177	632.800109863281023	0.0	0	EIELEDPYEK	2	K	I	q-value	MS-GF+_2026-09-01T17:45:52_7198454993515115019	NP_214954.1	57	66	-1
FEATURE	1605.672171158322499	408.731942705708775	5.856952e07	2	16.218206	0.812717	0.0	0.0	1589.198699999999917	1622.790400000000091
PEPTIDE	1590.755100000000084	408.732208251953011	1.68255748738082e-03	0	QTIEGLR	2	R	A	q-value	MS-GF+_2026-09-01T17:45:52_7198454993515115019	NP_217456.1	1805	1811	-1
FEATURE	2323.970918752672333	469.774600777426599	5.836982e07	2	15.315389	0.814567	0.0	0.0	2307.882999999999811	2340.199300000000221
PEPTIDE	2339.6875	469.774688720703011	6.1652281134402e-04	0	GLLTELHR	2	R	A	q-value	MS-GF+_2026-09-01T17:45:52_7198454993515115019	NP_217456.1	839	846	-1
PEPTIDE	2309.041000000000167	469.775604248046989	6.1652281134402e-04	0	GLLTELHR	2	R	A	q-value	MS-GF+_2026-09-01T17:45:52_7198454993515115019	NP_217456.1	839	846	-1
FEATURE	2364.29135988890539	399.222418179857925	5.833415e07	1	22.969557	0.83926	0.0	0.0	2340.199300000000221	2388.192500000000109
FEATURE	2643.724028340341647	453.343818707309652	5.827996e07	1	22.305065	0.881597	0.0	0.0	2620.797999999999775	2666.582600000000184
FEATURE	2910.746778944675498	722.366106857437671	5.78615e07	2	23.863569	0.78286	0.0	0.0	2885.954999999999927	2935.133800000000065
PEPTIDE	2915.045399999999972	722.361511230468977	0.0	0	LFM(Oxidation)LSSTSSDALR	2	R	Q	q-value	MS-GF+_2026-09-01T17:45:52_7198454993515115019	NP_217456.1	448	460	-1
PEPTIDE	2885.307600000000093	722.382690429687955	6.1652281134402e-04	0	VEDVLGLPQNTMK	2	R	I	q-value	MS-GF+_2026-09-01T17:45:52_7198454993515115019	NP_216353.1	415	427	-1
FEATURE	3694.650066593118936	583.16427891625824	5.717286e07	1	65.655746	0.876677	0.0	0.0	3632.342999999999847	3718.04300000000012
FEATURE	2802.810298131144919	753.376401399954489	5.675507e07	2	21.265202	0.89088	0.0	0.0	2780.63779999999997	2824.893000000000029
PEPTIDE	2784.854699999999866	753.377014160156023	0.0	0	LFPIC(Carbamidomethyl)TPGASDTAR	2	K	F	q-value	MS-GF+_2026-09-01T17:45:52_7198454993515115019	NP_218376.1	282	295	-1
PEPTIDE	2823.679399999999987	753.379211425781023	0.0	0	LFPIC(Carbamidomethyl)TPGASDTAR	2	K	F	q-value	MS-GF+_2026-09-01T17:45:52_7198454993515115019	NP_218376.1	282	295	-1
FEATURE	1521.031671254069806	412.54996121351752	5.590256e07	3	10.160695	0.871277	0.0	0.0	1511.578400000000102	1519.954799999999978
PEPTIDE	1506.769900000000007	412.550811767578011	0.0	0	LTPSPLGHEER	3	R	R	q-value	MS-GF+_2026-09-01T17:45:52_7198454993515115019	NP_217456.1	1398	1408	-1
FEATURE	2740.387022894291022	591.359246716312441	5.573273e07	1	17.949533	0.8823	0.0	0.0	2722.870399999999791	2759.287499999999909
FEATURE	1479.569554549634859	563.273998135808142	5.535188e07	2	15.893019	0.837593	0.0	0.0	1463.548500000000104	1496.41560000000004
FEATURE	2610.397451252948486	893.969737463127558	5.502081e07	2	13.859104	0.837772	0.0	0.0	2595.883800000000065	2624.966600000000199
PEPTIDE	2628.60129999999981	893.968872070312045	0.0	0	TVNEAVGQAGALDTTLAR	2	R	A	q-value	MS-GF+_2026-09-01T17:45:52_7198454993515115019	NP_218376.1	1190	1207	-1
PEPTIDE	2597.549599999999828	893.971801757812045	0.0	0	TVNEAVGQAGALDTTLAR	2	R	A	q-value	MS-GF+_2026-09-01T17:45:52_7198454993515115019	NP_218376.1	1190	1207	-1
FEATURE	2458.069552974500311	595.808572695168437	5.474407e07	2	15.321107	0.884462	0.0	0.0	2443.694899999999961	2473.822999999999865
FEATURE	2707.378780179136811	569.289932874887541	5.449208e07	2	18.169056	0.863983	0.0	0.0	2689.158199999999852	2725.744700000000194
PEPTIDE	2720.28879999999981	569.290588378906023	0.0	0	MFLVDTAQGR	2	R	I	q-value	MS-GF+_2026-09-01T17:45:52_7198454993515115019	NP_218376.1	409	418	-1
PEPTIDE	2688.898999999999887	569.290283203125	6.1652281134402e-04	0	MFLVDTAQGR	2	R	I	q-value	MS-GF+_2026-09-01T17:45:52_7198454993515115019	NP_218376.1	409	418	-1
FEATURE	1983.242980794071855	599.390884259011273	5.265427e07	1	26.121861	0.831946	0.0	0.0	1971.569999999999936	2009.392200000000003
FEATURE	2129.80640389173459	674.312643265791053	5.25245e07	2	14.916829	0.853703	0.0	0.0	2113.992999999999938	2144.779399999999896
PEPTIDE	2134.938000000000102	674.313110351562045	0.0	0	WSPDSGETIAER	2	R	L	q-value	MS-GF+_2026-09-01T17:45:52_7198454993515115019	NP_218317.1	1225	1236	-1
FEATURE	2717.116556358864727	542.33037023069403	5.20925e07	2	14.679451	0.863562	0.0	0.0	2701.825600000000122	2732.184299999999894
PEPTIDE	2711.466600000000199	542.330078125	0.0	0	VLQAIALAER	2	R	D	q-value	MS-GF+_2026-09-01T17:45:52_7198454993515115019	NP_218376.1	1502	1511	-1
FEATURE	2432.357203178499731	604.811640686072565	5.190593e07	2	16.63604	0.895021	0.0	0.0	2414.698899999999867	2448.990400000000136
FEATURE	2237.551298410248364	571.263034800553669	5.183691e07	2	14.124082	0.849918	0.0	0.0	2223.501299999999901	2252.260299999999916
FEATURE	2600.655998772960174	554.280962278645688	5.143207e07	2	19.370546	0.88384	0.0	0.0	2582.373099999999795	2620.797999999999775
PEPTIDE	2583.188700000000154	554.280517578125	0.0	0	SEGC(Carbamidomethyl)AMVLLK	2	R	R	q-value	MS-GF+_2026-09-01T17:45:52_7198454993515115019	NP_217456.1	240	249	-1
PEPTIDE	2613.708299999999781	554.280578613281023	0.0	0	SEGC(Carbamidomethyl)AMVLLK	2	R	R	q-value	MS-GF+_2026-09-01T17:45:52_7198454993515115019	NP_217456.1	240	249	-1
FEATURE	2851.810987959729118	765.339400805811806	5.114222e07	2	54.467728	0.843746	0.0	0.0	2804.949500000000171	2893.509199999999964
FEATURE	3139.735917450263514	460.776209262120119	5.063662e07	2	14.83676	0.885819	0.0	0.0	3124.266299999999774	3154.656500000000051
PEPTIDE	3125.111300000000028	460.776214599608977	6.1652281134402e-04	0	ELLATVFK	2	R	L	q-value	MS-GF+_2026-09-01T17:45:52_7198454993515115019	NP_217456.1	1695	1702	-1
PEPTIDE	3155.221700000000055	460.776306152343977	6.1652281134402e-04	0	ELLATVFK	2	R	L	q-value	MS-GF+_2026-09-01T17:45:52_7198454993515115019	NP_217456.1	1695	1702	-1
FEATURE	1956.764156710154339	416.250093462816267	5.009207e07	2	18.254051	0.850748	0.0	0.0	1937.776499999999942	1975.544000000000096
FEATURE	2674.935843940045743	449.210437324050645	5.00449e07	2	16.446943	0.822893	0.0	0.0	2658.207699999999932	2691.882599999999911
FEATURE	1944.790052523228269	414.270885769955896	5.00128e07	2	14.702021	0.829217	0.0	0.0	1930.052699999999959	1959.913199999999961
PEPTIDE	1932.685199999999895	414.27099609375	6.1652281134402e-04	0	LAGGVAVIK	2	K	A	q-value	MS-GF+_2026-09-01T17:45:52_7198454993515115019	NP_214954.1;NP_217934.1	369;369	377;377	-1
FEATURE	1859.637593440033697	533.263515744237566	4.974632e07	2	18.76527	0.877036	0.0	0.0	1840.538199999999961	1878.986799999999903
PEPTIDE	1844.580899999999929	533.248474121093977	0.0	0	DVC(Carbamidomethyl)SAASSLR	2	R	K	q-value	MS-GF+_2026-09-01T17:45:52_7198454993515115019	NP_216052.1	818	827	-1
PEPTIDE	1875.167599999999993	533.264892578125	0.0	0	DANLYNVEK	2	R	L	q-value	MS-GF+_2026-09-01T17:45:52_7198454993515115019	NP_218317.1	1291	1299	-1
FEATURE	2315.493912158216062	474.767032250602767	4.969111e07	2	16.401243	0.838973	0.0	0.0	2298.325600000000122	2332.534500000000207
PEPTIDE	2331.758299999999963	474.766510009766023	6.1652281134402e-04	0	GFVLGATAGR	2	R	T	q-value	MS-GF+_2026-09-01T17:45:52_7198454993515115019	NP_216757.3	625	634	-1
FEATURE	4578.044626228714151	567.371685256467117	4.967505e07	1	98.036263	0.84351	0.0	0.0	4497.922999999999775	4598.042999999999665
FEATURE	2558.913567576003061	370.736989651264537	4.96259e07	2	18.413681	0.873687	0.0	0.0	2539.653299999999945	2577.570299999999861
PEPTIDE	2577.347200000000157	370.736999511718977	9.25925925925926e-03	0	ELLPLR	2	R	R	q-value	MS-GF+_2026-09-01T17:45:52_7198454993515115019	NP_215649.1	610	615	-1
FEATURE	1401.34001310938379	528.276881206627991	4.92039e07	2	15.756176	0.839967	0.0	0.0	1385.225599999999986	1417.368199999999888
PEPTIDE	1380.602000000000089	528.278198242187955	6.1652281134402e-04	0	AVDGAGAPIER	2	K	L	q-value	MS-GF+_2026-09-01T17:45:52_7198454993515115019	NP_215649.1	173	183	-1
PEPTIDE	1411.328899999999976	528.276489257812045	6.1652281134402e-04	0	AVDGAGAPIER	2	K	L	q-value	MS-GF+_2026-09-01T17:45:52_7198454993515115019	NP_215649.1	173	183	-1
FEATURE	2277.363813708093403	665.324745658263169	4.914286e07	2	16.399025	0.852958	0.0	0.0	2261.255700000000161	2293.496799999999894
FEATURE	2011.238055286016106	832.489653112408632	4.885256e07	1	18.436216	0.870651	0.0	0.0	1993.108199999999897	2030.648500000000013
FEATURE	2346.609746876355075	494.778319082926771	4.862532e07	2	21.72093	0.854761	0.0	0.0	2324.157999999999902	2368.802599999999984
PEPTIDE	2363.988800000000083	494.778900146483977	6.1652281134402e-04	0	GMLTTPQLK	2	K	A	q-value	MS-GF+_2026-09-01T17:45:52_7198454993515115019	NP_218376.1	198	206	-1
PEPTIDE	2332.301800000000185	494.778411865233977	6.1652281134402e-04	0	GMLTTPQLK	2	K	A	q-value	MS-GF+_2026-09-01T17:45:52_7198454993515115019	NP_218376.1	198	206	-1
FEATURE	2529.860891642969818	858.930664103555273	4.826343e07	2	14.298173	0.848293	0.0	0.0	2515.795999999999822	2544.125700000000052
FEATURE	4528.226908616582477	615.403779628677739	4.824067e07	1	3.705192	0.79377	0.0	0.0	4525.023100000000341	4532.063100000000304
FEATURE	4648.540853732195501	584.398446332528692	4.810438e07	1	63.033806	0.875231	0.0	0.0	4616.832999999999629	4675.413099999999758
FEATURE	4515.920001592160588	488.223967964397787	4.807963e07	1	9.463212	0.871231	0.0	0.0	4506.143000000000029	4525.915100000000166
FEATURE	2414.357519133061942	562.824874151321637	4.804351e07	2	18.418114	0.885176	0.0	0.0	2395.943499999999858	2433.186900000000151
PEPTIDE	2400.869900000000143	562.82421875	0.0	0	NVAAGANPLGLK	2	R	R	q-value	MS-GF+_2026-09-01T17:45:52_7198454993515115019	NP_214954.1	104	115	-1
PEPTIDE	2432.08640000000014	562.824523925781023	5.82627118644068e-03	0	NVAAGANPLGLK	2	R	R	q-value	MS-GF+_2026-09-01T17:45:52_7198454993515115019	NP_214954.1	104	115	-1
FEATURE	1857.416335315141168	566.258354111592666	4.749776e07	2	18.357491	0.835158	0.0	0.0	1838.490299999999934	1876.211099999999988
FEATURE	2766.851482835136721	487.274856061652883	4.697156e07	1	23.506365	0.804464	0.0	0.0	2742.433599999999842	2790.280799999999999
FEATURE	2849.561478685462589	914.412684441048782	4.688694e07	2	45.395882	0.885196	0.0	0.0	2809.683599999999842	2882.535600000000159
FEATURE	1767.195620393295258	498.26311080656393	4.679287e07	2	17.286011	0.829818	0.0	0.0	1749.579300000000103	1785.416400000000067
FEATURE	2581.26584683415922	443.248914204513653	4.62809e07	1	21.117973	0.880599	0.0	0.0	2560.153800000000047	2603.192799999999806
FEATURE	3696.919344779480525	488.138362487728614	4.599381e07	1	72.793549	0.905665	0.0	0.0	3627.193099999999959	3770.289400000000114
FEATURE	1819.687959338743895	595.260307276920344	4.562184e07	2	14.550462	0.850594	0.0	0.0	1805.810699999999997	1834.792300000000068
PEPTIDE	1816.419699999999921	595.259582519531023	0.0	0	SFSADADGYTR	2	K	S	q-value	MS-GF+_2026-09-01T17:45:52_7198454993515115019	NP_218317.1	340	350	-1
FEATURE	1955.71425806824459	412.230942683717331	4.550449e07	3	13.405662	0.851806	0.0	0.0	1943.105299999999943	1969.085299999999961
FEATURE	1432.25332000651747	571.816626159782345	4.523044e07	2	15.479325	0.853552	0.0	0.0	1419.000500000000102	1448.409000000000106
PEPTIDE	1441.175199999999904	571.816589355468977	6.1652281134402e-04	0	GAAGTAAQAAVVR	2	R	F	q-value	MS-GF+_2026-09-01T17:45:52_7198454993515115019	NP_218391.1	44	56	-1
FEATURE	2874.037944063508803	498.805209445623802	4.472847e07	2	43.391354	0.797325	0.0	0.0	2857.244900000000143	2919.804799999999887
FEATURE	3376.160280408555991	679.512218350159856	4.463231e07	1	22.571888	0.903118	0.0	0.0	3352.334699999999884	3399.554399999999987
FEATURE	2982.097284730167758	696.438852898218443	4.446775e07	1	17.60754	0.890254	0.0	0.0	2964.41359999999986	2999.973899999999958
FEATURE	1609.812297718144919	420.755720095361994	4.42812e07	2	23.330032	0.837833	0.0	0.0	1588.163999999999987	1633.811500000000024
PEPTIDE	1620.333300000000008	420.755798339843977	3.882418191902381e-03	0	RLPDALR	2	K	D	q-value	MS-GF+_2026-09-01T17:45:52_7198454993515115019	NP_217456.1	250	256	-1
PEPTIDE	1589.701499999999896	420.755187988281023	5.353319057815841e-03	0	RLPDALR	2	K	D	q-value	MS-GF+_2026-09-01T17:45:52_7198454993515115019	NP_217456.1	250	256	-1
FEATURE	2101.534859591886288	487.269357163228221	4.405353e07	2	18.483578	0.864595	0.0	0.0	2083.643000000000029	2120.725300000000061
PEPTIDE	2086.402300000000196	487.270111083983977	6.1652281134402e-04	0	ITQDLLDR	2	R	T	q-value	MS-GF+_2026-09-01T17:45:52_7198454993515115019	NP_214864.1	280	287	-1
PEPTIDE	2118.01929999999993	487.269287109375	6.1652281134402e-04	0	ITQDLLDR	2	R	T	q-value	MS-GF+_2026-09-01T17:45:52_7198454993515115019	NP_214864.1	280	287	-1
FEATURE	1956.18532813425054	617.843282714570592	4.403051e07	2	13.717541	0.888365	0.0	0.0	1944.185600000000022	1970.459900000000062
FEATURE	2446.740820999523294	695.845718270687144	4.343762e07	2	15.651995	0.851317	0.0	0.0	2430.673200000000179	2463.159900000000107
FEATURE	3206.063487018217984	738.378783680374568	4.340782e07	2	16.720818	0.863928	0.0	0.0	3188.426300000000083	3222.012299999999868
FEATURE	1489.247562952656608	562.314044609721464	4.318374e07	2	15.580501	0.871573	0.0	0.0	1474.383599999999888	1504.457400000000007
PEPTIDE	1508.851599999999962	562.314025878906023	0.0	0	IEAIVASGAHR	2	R	G	q-value	MS-GF+_2026-09-01T17:45:52_7198454993515115019	NP_215649.1	402	412	-1
FEATURE	2131.453891124750953	592.811703975906198	4.280429e07	2	15.862236	0.815462	0.0	0.0	2115.616300000000138	2147.909299999999803
FEATURE	1625.248460824550648	584.810505906578214	4.277281e07	2	18.629154	0.874751	0.0	0.0	1608.617299999999887	1644.643100000000004
PEPTIDE	1637.836800000000039	584.81201171875	0.0	0	VISSEHPMLR	2	R	T	q-value	MS-GF+_2026-09-01T17:45:52_7198454993515115019	NP_217456.1	1349	1358	-1
FEATURE	1456.620636483350609	541.26921629898402	4.229673e07	3	12.924383	0.830899	0.0	0.0	1443.033200000000079	1469.830799999999954
PEPTIDE	1471.285599999999931	541.269470214843977	6.1652281134402e-04	0	DVVEKEPEPEPEPK	3	R	A	q-value	MS-GF+_2026-09-01T17:45:52_7198454993515115019	NP_218317.1	545	558	-1
FEATURE	2134.409951617944898	644.362489396711453	4.200371e07	2	18.305807	0.84644	0.0	0.0	2117.453100000000177	2152.662899999999809
PEPTIDE	2150.597400000000107	644.362487792968977	0.0	0	GRDGVVIVYGPR	2	R	V	q-value	MS-GF+_2026-09-01T17:45:52_7198454993515115019	NP_217456.1	1270	1281	-1
PEPTIDE	2119.922599999999875	644.360473632812045	0.0	0	GRDGVVIVYGPR	2	R	V	q-value	MS-GF+_2026-09-01T17:45:52_7198454993515115019	NP_217456.1	1270	1281	-1
FEATURE	2017.659940071757319	457.207857314200851	4.18583e07	2	18.726389	0.843225	0.0	0.0	1998.90300000000002	2033.692600000000084
FEATURE	3067.330039397794735	592.354750592820778	4.177591e07	1	19.210226	0.879343	0.0	0.0	3047.738199999999779	3086.958799999999883
FEATURE	1700.103962236197276	658.773127404906859	4.14296e07	2	15.016934	0.832019	0.0	0.0	1685.463199999999915	1715.550500000000056
PEPTIDE	1702.512699999999995	658.772277832031023	0.0	0	NDEYDNEVYR	2	K	L	q-value	MS-GF+_2026-09-01T17:45:52_7198454993515115019	NP_217765.1	438	447	-1
FEATURE	2166.913393042074858	420.762876218557949	4.124654e07	2	15.549142	0.86455	0.0	0.0	2151.415199999999913	2182.860099999999875
PEPTIDE	2176.02599999999984	420.763214111328011	1.68255748738082e-03	0	VALEAPLK	2	K	Q	q-value	MS-GF+_2026-09-01T17:45:52_7198454993515115019	NP_214954.1	441	448	-1
FEATURE	2336.56831035056257	799.431864003293413	4.120571e07	1	19.330517	0.903957	0.0	0.0	2317.850199999999859	2356.21309999999994
FEATURE	2912.602526722494076	579.822390988432971	4.103585e07	2	15.64292	0.884413	0.0	0.0	2896.384900000000016	2928.679000000000087
PEPTIDE	2896.071500000000015	579.824279785156023	0.0	0	LGGDDSLLGIAK	2	K	E	q-value	MS-GF+_2026-09-01T17:45:52_7198454993515115019	NP_215411.1	332	343	-1
PEPTIDE	2927.755099999999857	579.822082519531023	0.0	0	LGGDDSLLGIAK	2	K	E	q-value	MS-GF+_2026-09-01T17:45:52_7198454993515115019	NP_215411.1	332	343	-1
FEATURE	3010.605224765306048	415.212346328811066	4.100527e07	1	43.543469	0.867213	0.0	0.0	2964.41359999999986	3048.628299999999854
FEATURE	2337.044437931822813	672.440690651677869	4.067047e07	1	17.716742	0.874124	0.0	0.0	2320.463000000000193	2355.513699999999972
FEATURE	1416.350184140735792	498.582073373913033	4.047781e07	3	11.391094	0.796104	0.0	0.0	1405.042999999999893	1427.912299999999959
FEATURE	1800.49354712734953	402.247153691243341	4.040791e07	2	18.463532	0.85694	0.0	0.0	1781.925899999999956	1819.621900000000096
PEPTIDE	1814.655899999999974	402.247497558593977	6.1652281134402e-04	0	VTETLLK	2	K	G	q-value	MS-GF+_2026-09-01T17:45:52_7198454993515115019	NP_214954.1	125	131	-1
PEPTIDE	1783.018299999999954	402.246795654296989	1.21580547112462e-03	0	VTETLLK	2	K	G	q-value	MS-GF+_2026-09-01T17:45:52_7198454993515115019	NP_214954.1	125	131	-1
FEATURE	2093.973731128535292	744.407724131442706	4.039947e07	2	13.584912	0.850814	0.0	0.0	2081.904899999999998	2107.466600000000199
PEPTIDE	2089.804700000000139	744.406677246093977	0.0	0	LVSENGVGTVAAGVSK	2	K	A	q-value	MS-GF+_2026-09-01T17:45:52_7198454993515115019	NP_218376.1	1033	1048	-1
FEATURE	3661.013180720465698	552.313898704136591	4.031776e07	2	15.646351	0.886148	0.0	0.0	3644.95490000000018	3677.230199999999968
PEPTIDE	3646.356000000000222	552.314575195312045	0.0	0	AGLELLAFGGR	2	R	F	q-value	MS-GF+_2026-09-01T17:45:52_7198454993515115019	NP_217456.1	1641	1651	-1
PEPTIDE	3676.97440000000006	552.314514160156023	0.0	0	AGLELLAFGGR	2	R	F	q-value	MS-GF+_2026-09-01T17:45:52_7198454993515115019	NP_217456.1	1641	1651	-1
FEATURE	2759.490227222352587	531.80125583625977	4.028283e07	2	15.581224	0.85459	0.0	0.0	2743.369099999999889	2775.990299999999934
PEPTIDE	2766.43769999999995	531.80126953125	0.0	0	TTPSIVAFAR	2	R	N	q-value	MS-GF+_2026-09-01T17:45:52_7198454993515115019	NP_214864.1	34	43	-1
FEATURE	3078.752727019723807	482.311561787905987	4.022029e07	1	20.922377	0.876695	0.0	0.0	3057.295000000000073	3099.509100000000217
FEATURE	1561.121652706667874	451.240477690406465	4.020347e07	2	15.112995	0.7977	0.0	0.0	1545.591499999999996	1577.065100000000029
PEPTIDE	1571.820600000000013	451.240203857421989	0.0	0	NSLTPDVR	2	K	N	q-value	MS-GF+_2026-09-01T17:45:52_7198454993515115019	NP_217765.1	8	15	-1
PEPTIDE	1541.852499999999964	451.240112304688012	6.1652281134402e-04	0	NSLTPDVR	2	K	N	q-value	MS-GF+_2026-09-01T17:45:52_7198454993515115019	NP_217765.1	8	15	-1
FEATURE	3063.191266859686948	613.847252906142558	4.017996e07	2	15.890092	0.888643	0.0	0.0	3046.543099999999868	3078.741599999999835
PEPTIDE	3061.639400000000023	613.847229003906023	0.0	0	DAGQIAGLNVLR	2	K	I	q-value	MS-GF+_2026-09-01T17:45:52_7198454993515115019	NP_214864.1	131	142	-1
FEATURE	3150.647259628804022	504.761205188287192	4.012554e07	2	18.383553	0.863431	0.0	0.0	3131.897100000000137	3169.794199999999819
FEATURE	3292.168035252049776	509.251682643474624	3.965759e07	1	39.482288	0.865766	0.0	0.0	3251.214199999999892	3333.656500000000051
FEATURE	2029.935514588657952	658.765954422523123	3.954862e07	2	13.736053	0.912006	0.0	0.0	2016.38149999999996	2043.368999999999915
FEATURE	3567.884703521481242	582.327788662764078	3.949265e07	1	35.311798	0.853603	0.0	0.0	3531.04340000000002	3586.092999999999847
FEATURE	3424.839891256148349	369.165720296679467	3.93097e07	1	30.331425	0.904107	0.0	0.0	3393.193000000000211	3456.584699999999884
FEATURE	3375.003780300289236	589.314227971690571	3.921782e07	2	16.41757	0.868507	0.0	0.0	3357.832899999999881	3392.261300000000119
PEPTIDE	3355.557999999999993	589.314819335937955	0.0	0	IADLSLADFGR	2	K	K	q-value	MS-GF+_2026-09-01T17:45:52_7198454993515115019	NP_217765.1	22	32	-1
PEPTIDE	3394.585199999999986	589.314819335937955	0.0	0	IADLSLADFGR	2	K	K	q-value	MS-GF+_2026-09-01T17:45:52_7198454993515115019	NP_217765.1	22	32	-1
FEATURE	1574.526397178767866	521.783872517068858	3.891165e07	1	10.762365	0.7452	0.0	0.0	1570.367199999999912	1581.993199999999888
FEATURE	2209.754429919677932	704.445938733550065	3.884526e07	1	18.549709	0.893811	0.0	0.0	2191.689100000000053	2229.361300000000028
FEATURE	3118.85225760847743	495.292611785489783	3.88378e07	2	18.057133	0.867101	0.0	0.0	3101.26339999999982	3137.41379999999981
PEPTIDE	3100.637200000000121	495.293090820311988	6.1652281134402e-04	0	FVGLIDAVR	2	R	A	q-value	MS-GF+_2026-09-01T17:45:52_7198454993515115019	NP_218317.1	1554	1562	-1
PEPTIDE	3130.986600000000181	495.293304443358977	1.68255748738082e-03	0	FVGLIDAVR	2	R	A	q-value	MS-GF+_2026-09-01T17:45:52_7198454993515115019	NP_218317.1	1554	1562	-1
FEATURE	4646.763941362515652	567.371855062201121	3.857383e07	1	56.805569	0.844697	0.0	0.0	4615.953700000000026	4675.413099999999758
FEATURE	2894.226223890477741	363.072963310170451	3.817521e07	1	25.325068	0.812118	0.0	0.0	2877.7824999999998	2919.804799999999887
FEATURE	3170.923276057488238	571.812148960858963	3.794754e07	2	16.779919	0.872143	0.0	0.0	3153.487099999999828	3188.426300000000083
PEPTIDE	3184.589399999999841	571.812622070312045	0.0	0	DGNVDLAALVR	2	R	A	q-value	MS-GF+_2026-09-01T17:45:52_7198454993515115019	NP_218317.1	1100	1110	-1
FEATURE	1578.796955007841461	494.769426510514109	3.778069e07	2	14.204212	0.846639	0.0	0.0	1564.380499999999984	1593.667899999999918
PEPTIDE	1597.580799999999954	494.768585205078011	6.1652281134402e-04	0	AGAATEVELK	2	K	E	q-value	MS-GF+_2026-09-01T17:45:52_7198454993515115019	NP_214954.1	378	387	-1
FEATURE	1351.588670752336611	483.247911933749094	3.774936e07	3	16.54155	0.770905	0.0	0.0	1335.343200000000024	1367.575800000000072
FEATURE	2191.318697305037404	529.75967522638723	3.747565e07	2	16.364441	0.847391	0.0	0.0	2175.412800000000061	2208.154300000000148
PEPTIDE	2203.84940000000006	529.759399414062045	6.1652281134402e-04	0	DGITDLPDGR	2	R	W	q-value	MS-GF+_2026-09-01T17:45:52_7198454993515115019	NP_218317.1	146	155	-1
PEPTIDE	2173.143000000000029	529.760314941406023	5.353319057815841e-03	0	DGITDLPDGR	2	R	W	q-value	MS-GF+_2026-09-01T17:45:52_7198454993515115019	NP_218317.1	146	155	-1
FEATURE	1787.239005607832269	411.205446823641466	3.717507e07	2	22.725788	0.873717	0.0	0.0	1763.241800000000012	1810.702199999999948
FEATURE	2046.980753629578658	712.35737472197377	3.669408e07	2	15.078419	0.860501	0.0	0.0	2032.343499999999949	2062.796200000000226
PEPTIDE	2034.467799999999897	712.357177734375	0.0	0	NQAETLVYQTEK	2	R	F	q-value	MS-GF+_2026-09-01T17:45:52_7198454993515115019	NP_214864.1	510	521	-1
FEATURE	3019.409661361489725	635.248532887110969	3.6586e07	1	74.137947	0.83164	0.0	0.0	2952.82340000000022	3093.48660000000018
FEATURE	2156.769738409525871	441.78802050280575	3.65835e07	2	33.757622	0.869162	0.0	0.0	2131.289499999999862	2169.822900000000118
FEATURE	3056.340326307868054	559.804665754515099	3.655217e07	2	32.306393	0.906136	0.0	0.0	3023.178899999999885	3089.383800000000065
FEATURE	1792.002567532513467	599.390471084392175	3.63528e07	1	26.275877	0.867623	0.0	0.0	1767.313699999999926	1818.527499999999918
FEATURE	2047.650536765652078	457.207754707938022	3.614664e07	2	17.800715	0.843024	0.0	0.0	2033.692600000000084	2066.334400000000187
FEATURE	2870.486156944172762	709.28138067352279	3.601441e07	1	33.097343	0.866809	0.0	0.0	2839.974900000000162	2903.134900000000016
FEATURE	2545.926284030887928	486.280116400345548	3.596933e07	2	15.86013	0.881987	0.0	0.0	2529.754899999999907	2561.33159999999998
PEPTIDE	2561.900000000000091	486.279998779296989	0.0	0	GLNALADAVK	2	R	V	q-value	MS-GF+_2026-09-01T17:45:52_7198454993515115019	NP_214954.1	17	26	-1
PEPTIDE	2531.207499999999982	486.280090332031023	0.0	0	GLNALADAVK	2	R	V	q-value	MS-GF+_2026-09-01T17:45:52_7198454993515115019	NP_214954.1	17	26	-1
FEATURE	2297.112179692991049	441.788234217346428	3.550141e07	2	32.385395	0.880501	0.0	0.0	2270.398000000000138	2311.593800000000101
FEATURE	1786.48127555627957	504.261185927084966	3.486949e07	2	15.146644	0.87834	0.0	0.0	1772.811099999999897	1801.920399999999972
PEPTIDE	1787.966300000000047	504.260986328125	0.0	0	YTAPEISAR	2	K	I	q-value	MS-GF+_2026-09-01T17:45:52_7198454993515115019	NP_214864.1	85	93	-1
FEATURE	2803.932494469655012	679.35291666732644	3.464332e07	2	14.398301	0.849905	0.0	0.0	2790.280799999999999	2819.04300000000012
FEATURE	2580.659439535151705	1072.498459489237575	3.457756e07	2	15.045181	0.89228	0.0	0.0	2565.825400000000173	2595.883800000000065
PEPTIDE	2567.933799999999792	1072.499877929690001	0.0	0	AAGADIVVEC(Carbamidomethyl)GNIAEPDTADR	2	R	L	q-value	MS-GF+_2026-09-01T17:45:52_7198454993515115019	NP_217456.1	1812	1832	-1
FEATURE	2435.389086462972955	771.858778896414719	3.457567e07	2	15.13056	0.891763	0.0	0.0	2419.849099999999908	2451.077600000000075
PEPTIDE	2451.584199999999783	771.858276367187955	0.0	0	VVFTDGSEEEFQR	2	R	L	q-value	MS-GF+_2026-09-01T17:45:52_7198454993515115019	NP_214725.1	34	46	-1
PEPTIDE	2420.405499999999847	771.856628417968977	0.0	0	VVFTDGSEEEFQR	2	R	L	q-value	MS-GF+_2026-09-01T17:45:52_7198454993515115019	NP_214725.1	34	46	-1
FEATURE	2433.843209768554516	642.826079110961587	3.450157e07	2	14.861476	0.897465	0.0	0.0	2418.51319999999987	2448.990400000000136
PEPTIDE	2434.762499999999818	642.825622558593977	0.0	0	AELLDEGVPGER	2	R	I	q-value	MS-GF+_2026-09-01T17:45:52_7198454993515115019	NP_214780.1	519	530	-1
FEATURE	3483.81658385979199	437.778854250676545	3.446533e07	2	16.941776	0.853678	0.0	0.0	3466.44210000000021	3501.03859999999986
PEPTIDE	3468.246999999999844	437.779602050781023	1.68255748738082e-03	0	VFLNLLR	2	K	T	q-value	MS-GF+_2026-09-01T17:45:52_7198454993515115019	NP_217765.1	188	194	-1
PEPTIDE	3499.588999999999942	437.779388427733977	1.68255748738082e-03	0	VFLNLLR	2	K	T	q-value	MS-GF+_2026-09-01T17:45:52_7198454993515115019	NP_217765.1	188	194	-1
FEATURE	1935.137853381549348	529.264454255338364	3.432754e07	2	20.714901	0.770772	0.0	0.0	1921.00870000000009	1957.068500000000085
PEPTIDE	1954.083300000000008	529.264587402343977	0.0	0	HVWEYAPR	2	R	D	q-value	MS-GF+_2026-09-01T17:45:52_7198454993515115019	NP_218317.1	1092	1099	-1
PEPTIDE	1923.556599999999889	529.264526367187955	0.0	0	HVWEYAPR	2	R	D	q-value	MS-GF+_2026-09-01T17:45:52_7198454993515115019	NP_218317.1	1092	1099	-1
FEATURE	2188.174490060901007	734.456258053787337	3.402114e07	1	17.05196	0.896579	0.0	0.0	2171.428300000000036	2206.169899999999871
FEATURE	2571.885416700349651	899.935239869090538	3.397265e07	2	13.610818	0.83435	0.0	0.0	2557.598399999999856	2586.267899999999827
PEPTIDE	2560.737799999999879	899.93359375	0.0	0	TTIAPGSQVVNDYYDR	2	K	S	q-value	MS-GF+_2026-09-01T17:45:52_7198454993515115019	NP_215991.1	510	525	-1
FEATURE	3398.484063646600589	410.019650115906472	3.395426e07	1	74.127052	0.816052	0.0	0.0	3355.887000000000171	3460.57340000000022
FEATURE	1990.804893778539281	658.766848820064183	3.388537e07	2	14.915505	0.899915	0.0	0.0	1976.569099999999935	2006.156199999999899
FEATURE	1864.634147481039463	506.300800697224076	3.344666e07	2	22.407349	0.852352	0.0	0.0	1841.598799999999983	1888.354000000000042
PEPTIDE	1885.622000000000071	506.300598144531023	1.68255748738082e-03	0	LIPAGTGINR	2	K	Y	q-value	MS-GF+_2026-09-01T17:45:52_7198454993515115019	NP_215182.1	1256	1265	-1
PEPTIDE	1850.62259999999992	506.300903320311988	6.27943485086342e-03	0	LIPAGTGINR	2	K	Y	q-value	MS-GF+_2026-09-01T17:45:52_7198454993515115019	NP_215182.1	1256	1265	-1
FEATURE	2211.089108241684698	352.726312511297692	3.338498e07	2	18.706123	0.845926	0.0	0.0	2191.689100000000053	2230.919600000000173
PEPTIDE	2195.27559999999994	352.726715087891023	6.27943485086342e-03	0	IFAVVR	2	R	G	q-value	MS-GF+_2026-09-01T17:45:52_7198454993515115019	NP_217456.1	261	266	-1
FEATURE	1834.445672985438023	554.275114292629951	3.337526e07	2	18.411753	0.789808	0.0	0.0	1815.904600000000073	1853.389899999999898
PEPTIDE	1845.947100000000091	554.27490234375	0.0	0	AVNPESTFSR	2	K	I	q-value	MS-GF+_2026-09-01T17:45:52_7198454993515115019	NP_214580.1	376	385	-1
FEATURE	2231.507935479474781	534.754889702012292	3.315781e07	2	16.414217	0.865258	0.0	0.0	2214.918799999999919	2248.783199999999852
FEATURE	1812.624954283844772	984.411083649638499	3.30833e07	1	14.502298	0.814413	0.0	0.0	1797.636700000000019	1827.823000000000093
FEATURE	2173.190432843072813	537.79285455027582	3.306194e07	2	14.693975	0.874635	0.0	0.0	2158.210799999999836	2188.436400000000049
PEPTIDE	2159.116500000000087	537.792907714843977	0.0	0	LASVAESLER	2	R	A	q-value	MS-GF+_2026-09-01T17:45:52_7198454993515115019	NP_214780.1	506	515	-1
FEATURE	1772.462953802913034	752.357428735716098	3.302077e07	1	24.617481	0.883459	0.0	0.0	1747.903900000000022	1798.343599999999924
FEATURE	2043.699963049490862	579.791170153072358	3.293728e07	2	15.702498	0.869183	0.0	0.0	2028.883800000000065	2059.608499999999822
FEATURE	2565.286640685419116	680.378581861402154	3.288054e07	2	15.073608	0.873263	0.0	0.0	2549.727600000000166	2580.533100000000104
PEPTIDE	2552.06269999999995	680.3779296875	0.0	0	SSPTVAGLATNTLK	2	K	L	q-value	MS-GF+_2026-09-01T17:45:52_7198454993515115019	NP_217040.1	1690	1703	-1
FEATURE	2170.541892288797499	543.811528305981824	3.287711e07	2	19.648857	0.880473	0.0	0.0	2151.415199999999913	2190.605000000000018
PEPTIDE	2179.983400000000074	543.811584472656023	0.0	0	TTVPLVTEAR	2	K	D	q-value	MS-GF+_2026-09-01T17:45:52_7198454993515115019	NP_214725.1	422	431	-1
FEATURE	1912.537900314086301	429.737298561846899	3.282265e07	2	14.081924	0.830806	0.0	0.0	1898.885099999999966	1927.425500000000056
PEPTIDE	1897.741500000000087	429.739196777343977	1.68255748738082e-03	0	GVIEGIDR	2	R	T	q-value	MS-GF+_2026-09-01T17:45:52_7198454993515115019	NP_218376.1	707	714	-1
PEPTIDE	1929.49369999999999	429.738586425781023	1.68255748738082e-03	0	GVIEGIDR	2	R	T	q-value	MS-GF+_2026-09-01T17:45:52_7198454993515115019	NP_218376.1	707	714	-1
FEATURE	1927.39441725937013	474.256512136634967	3.280429e07	2	13.601913	0.844305	0.0	0.0	1913.424600000000055	1940.435199999999895
FEATURE	1558.397200692663319	614.319896094405408	3.273337e07	2	13.148601	0.864504	0.0	0.0	1544.73090000000002	1572.049400000000105
PEPTIDE	1574.889200000000074	614.321594238281023	0.0	0	NIAVQPTEEAR	2	R	A	q-value	MS-GF+_2026-09-01T17:45:52_7198454993515115019	NP_215182.1	1268	1278	-1
PEPTIDE	1544.420699999999897	614.318176269531023	6.1652281134402e-04	0	NIAVQPTEEAR	2	R	A	q-value	MS-GF+_2026-09-01T17:45:52_7198454993515115019	NP_215182.1	1268	1278	-1
FEATURE	4544.425184106443339	471.30633922140504	3.26985e07	1	3.474302	0.826181	0.0	0.0	4540.853699999999662	4547.773100000000341
FEATURE	3814.398741059330405	476.224200582889466	3.260061e07	1	26.465363	0.857719	0.0	0.0	3786.323100000000068	3842.395399999999881
FEATURE	1985.046974482048881	668.859639178783368	3.255246e07	2	16.973057	0.883529	0.0	0.0	1968.023100000000113	2001.823100000000068
FEATURE	2729.37208384525411	704.32068998712532	3.224132e07	2	18.328146	0.865422	0.0	0.0	2713.583000000000084	2747.818099999999959
FEATURE	2363.801096165949275	350.206777365089579	3.187878e07	2	21.807245	0.851014	0.0	0.0	2347.608000000000175	2374.917500000000018
FEATURE	1896.719852929665194	523.072734511296858	3.183903e07	1	34.555595	0.840572	0.0	0.0	1869.865800000000036	1924.423999999999978
FEATURE	2899.128718568441855	482.311817988478481	3.16466e07	1	20.9424	0.896437	0.0	0.0	2876.898299999999836	2921.217999999999847
FEATURE	2846.906468130383018	713.357034846039937	3.144038e07	1	33.95018	0.892766	0.0	0.0	2813.023000000000138	2882.535600000000159
FEATURE	2143.617137111739794	511.767189463711986	3.128501e07	2	17.602867	0.865718	0.0	0.0	2125.91150000000016	2161.040399999999863
PEPTIDE	2128.16359999999986	511.766510009766023	6.1652281134402e-04	0	GGTFTDVVAR	2	R	R	q-value	MS-GF+_2026-09-01T17:45:52_7198454993515115019	NP_214780.1	12	21	-1
FEATURE	2004.399644126591511	716.389994575059859	3.124006e07	2	15.086627	0.835001	0.0	0.0	1989.193500000000086	2020.069700000000012
PEPTIDE	1992.02800000000002	716.387329101562045	0.0	0	RQPFTATITGSPR	2	R	I	q-value	MS-GF+_2026-09-01T17:45:52_7198454993515115019	NP_215649.1	6	18	-1
FEATURE	2705.112843097964742	796.426864433113337	3.123732e07	2	19.151718	0.876629	0.0	0.0	2684.976200000000063	2724.594399999999951
PEPTIDE	2718.755999999999858	796.427001953125	0.0	0	EQSVEIPLGPAAPQR	2	R	L	q-value	MS-GF+_2026-09-01T17:45:52_7198454993515115019	NP_214780.1	491	505	-1
FEATURE	3040.421761119444	706.894720591478631	3.119354e07	2	16.224829	0.864216	0.0	0.0	3024.472699999999804	3057.295000000000073
FEATURE	1871.968130423114644	601.330235271459628	3.10761e07	2	12.100473	0.864119	0.0	0.0	1859.526599999999917	1884.746200000000044
PEPTIDE	1860.110799999999927	601.328979492187955	0.0	0	LEATAQSVNIR	2	R	E	q-value	MS-GF+_2026-09-01T17:45:52_7198454993515115019	NP_214780.1	715	725	-1
FEATURE	2694.246825883582915	754.374251256697562	3.106397e07	2	16.505096	0.828556	0.0	0.0	2676.872899999999845	2710.939899999999852
PEPTIDE	2683.135000000000218	754.374877929687955	0.0	0	NSYLALSDPSDVAR	2	K	V	q-value	MS-GF+_2026-09-01T17:45:52_7198454993515115019	NP_214725.1	67	80	-1
FEATURE	1636.365085991406886	1033.51557100099717	3.078424e07	1	17.555283	0.865571	0.0	0.0	1621.4525000000001	1654.439399999999978
FEATURE	1704.481550749254211	497.253472025350391	3.07128e07	2	18.627432	0.854426	0.0	0.0	1686.414999999999964	1723.20659999999998
FEATURE	2421.984157873841468	495.767849721598964	3.059649e07	2	14.386966	0.826742	0.0	0.0	2407.402700000000095	2437.16130000000021
PEPTIDE	2410.284700000000157	495.768188476561988	0.0	0	SEGGGMLVLK	2	R	R	q-value	MS-GF+_2026-09-01T17:45:52_7198454993515115019	NP_218317.1	351	360	-1
FEATURE	1680.641891770419534	384.77178179790991	3.051994e07	2	11.176281	0.873906	0.0	0.0	1670.048800000000028	1685.463199999999915
FEATURE	3047.790375506716373	597.292143231300429	3.050492e07	1	39.454575	0.869742	0.0	0.0	3037.136300000000119	3089.383800000000065
FEATURE	2300.788575379476697	521.774667596651511	3.048973e07	2	22.404755	0.869425	0.0	0.0	2283.610499999999775	2324.157999999999902
PEPTIDE	2313.566699999999855	521.774780273437955	0.0	0	APDLEALGEK	2	R	M	q-value	MS-GF+_2026-09-01T17:45:52_7198454993515115019	NP_214780.1	136	145	-1
PEPTIDE	2282.777300000000196	521.775817871093977	6.1652281134402e-04	0	APDLEALGEK	2	R	M	q-value	MS-GF+_2026-09-01T17:45:52_7198454993515115019	NP_214780.1	136	145	-1
FEATURE	2732.660867716732355	609.303724289708043	3.043463e07	2	19.099014	0.910349	0.0	0.0	2715.050900000000183	2752.716499999999996
PEPTIDE	2726.254199999999855	609.303405761718977	0.0	0	MITTPTDWPR	2	K	Y	q-value	MS-GF+_2026-09-01T17:45:52_7198454993515115019	NP_218317.1	506	515	-1
FEATURE	2709.823555246229716	619.273523348754566	3.03496e07	1	74.38343	0.87751	0.0	0.0	2662.68730000000005	2765.897100000000137
FEATURE	2929.465714593044595	556.313021921724612	3.034276e07	2	15.239584	0.868968	0.0	0.0	2914.481699999999819	2945.30619999999999
PEPTIDE	2945.849900000000162	556.313720703125	6.1652281134402e-04	0	DIIMLEHIK	2	K	A	q-value	MS-GF+_2026-09-01T17:45:52_7198454993515115019	NP_217765.1	341	349	-1
PEPTIDE	2915.297000000000025	556.312622070312045	6.1652281134402e-04	0	DIIMLEHIK	2	K	A	q-value	MS-GF+_2026-09-01T17:45:52_7198454993515115019	NP_217765.1	341	349	-1
FEATURE	1824.631228722128753	393.209561962192083	3.03372e07	1	29.031944	0.855658	0.0	0.0	1800.531099999999924	1855.012099999999919
FEATURE	1875.18447669168313	785.487909204654443	3.032477e07	1	18.163244	0.88741	0.0	0.0	1856.638999999999896	1894.444099999999935
FEATURE	4145.51929916334484	469.181804902075157	3.025695e07	1	28.234068	0.875955	0.0	0.0	4116.153500000000349	4175.134799999999814
FEATURE	2134.796842835728512	744.899695178764318	3.020539e07	2	14.168738	0.860505	0.0	0.0	2120.725300000000061	2148.593800000000101
FEATURE	2341.592375927244575	738.373333162450763	3.015099e07	2	16.717552	0.856862	0.0	0.0	2324.157999999999902	2358.159700000000157
PEPTIDE	2358.68139999999994	738.372375488281023	0.0	0	ALVEVYGADDAQPK	2	R	F	q-value	MS-GF+_2026-09-01T17:45:52_7198454993515115019	NP_216424.1	705	718	-1
PEPTIDE	2328.275099999999838	738.372985839843977	0.0	0	ALVEVYGADDAQPK	2	R	F	q-value	MS-GF+_2026-09-01T17:45:52_7198454993515115019	NP_216424.1	705	718	-1
FEATURE	3404.410672123797212	395.044738374928954	3.011784e07	1	24.703831	0.796936	0.0	0.0	3382.451300000000174	3430.29300000000012
FEATURE	1817.369161248294631	440.232331172556883	3.010889e07	2	17.386114	0.865858	0.0	0.0	1801.920399999999972	1835.779600000000073
PEPTIDE	1804.320300000000088	440.231811523438012	6.1652281134402e-04	0	VEYVDVR	2	K	F	q-value	MS-GF+_2026-09-01T17:45:52_7198454993515115019	NP_216736.1	17	23	-1
PEPTIDE	1835.530500000000075	440.231597900391023	6.1652281134402e-04	0	VEYVDVR	2	K	F	q-value	MS-GF+_2026-09-01T17:45:52_7198454993515115019	NP_216736.1	17	23	-1
FEATURE	3003.479304917833815	912.461471638897933	3.008732e07	1	7.145816	0.932076	0.0	0.0	2999.084400000000187	3006.004699999999957
FEATURE	2482.752176183509619	829.400564901480834	3.007987e07	2	15.454714	0.855024	0.0	0.0	2467.268199999999979	2498.168599999999969
FEATURE	1735.777836285621788	424.229309326152077	2.992367e07	2	21.358379	0.86175	0.0	0.0	1713.959299999999985	1757.965099999999893
FEATURE	1826.363641391945293	802.431882252543687	2.988289e07	1	22.047625	0.883041	0.0	0.0	1803.783200000000079	1849.288399999999911
FEATURE	1698.516738913795052	590.298019422572338	2.976976e07	2	19.281548	0.863602	0.0	0.0	1678.306700000000092	1717.800799999999981
PEPTIDE	1703.86889999999994	590.298522949218977	0.0	0	TEKTPDDVFK	2	M	L	q-value	MS-GF+_2026-09-01T17:45:52_7198454993515115019	NP_216736.1	1	10	-1
FEATURE	1750.820591592993424	468.592562338084235	2.971278e07	3	16.435364	0.83093	0.0	0.0	1735.092000000000098	1757.965099999999893
PEPTIDE	1736.07120000000009	468.592590332031023	6.1652281134402e-04	0	ALHSVGAPLEPGQK	3	K	D	q-value	MS-GF+_2026-09-01T17:45:52_7198454993515115019	NP_214725.1	178	191	-1
FEATURE	1784.042933875806057	565.777337118797505	2.962735e07	2	15.737048	0.84779	0.0	0.0	1768.449399999999969	1800.531099999999924
PEPTIDE	1772.075399999999945	565.777709960937955	0.0	0	QIYTGYTER	2	R	D	q-value	MS-GF+_2026-09-01T17:45:52_7198454993515115019	NP_215411.1	414	422	-1
PEPTIDE	1803.160000000000082	565.777221679687955	0.0	0	QIYTGYTER	2	R	D	q-value	MS-GF+_2026-09-01T17:45:52_7198454993515115019	NP_215411.1	414	422	-1
FEATURE	1716.399730882111953	692.39763501012385	2.95972e07	1	18.865751	0.874383	0.0	0.0	1699.823200000000043	1735.092000000000098
FEATURE	1833.016133278382085	621.825983270435017	2.959047e07	2	17.848305	0.858519	0.0	0.0	1815.127999999999929	1851.696999999999889
PEPTIDE	1817.468499999999949	621.82470703125	0.0	0	ASDVNGPLINSR	2	K	T	q-value	MS-GF+_2026-09-01T17:45:52_7198454993515115019	NP_216353.1	377	388	-1
PEPTIDE	1848.545800000000099	621.8251953125	0.0	0	ASDVNGPLINSR	2	K	T	q-value	MS-GF+_2026-09-01T17:45:52_7198454993515115019	NP_216353.1	377	388	-1
FEATURE	2624.301275408477522	464.285078134587025	2.958083e07	2	16.327482	0.849213	0.0	0.0	2607.945499999999811	2641.383100000000013
PEPTIDE	2639.235799999999927	464.285095214843977	6.1652281134402e-04	0	VLAENLLR	2	K	N	q-value	MS-GF+_2026-09-01T17:45:52_7198454993515115019	NP_215991.1	41	48	-1
PEPTIDE	2608.454999999999927	464.284606933593977	6.1652281134402e-04	0	VLAENLLR	2	K	N	q-value	MS-GF+_2026-09-01T17:45:52_7198454993515115019	NP_215991.1	41	48	-1
FEATURE	1774.773319490301219	525.763992531383224	2.956988e07	2	14.461533	0.836318	0.0	0.0	1760.658500000000004	1788.42710000000011
PEPTIDE	1762.992600000000039	525.764770507812045	6.1652281134402e-04	0	NVEIEYQR	2	R	N	q-value	MS-GF+_2026-09-01T17:45:52_7198454993515115019	NP_215991.1	142	149	-1
FEATURE	3139.853317021073963	920.546633537979574	2.951127e07	1	14.736135	0.912412	0.0	0.0	3124.266299999999774	3154.656500000000051
FEATURE	2405.903737335534061	963.957530896416984	2.945279e07	2	15.537355	0.887597	0.0	0.0	2389.896400000000085	2421.639700000000175
PEPTIDE	2423.398000000000138	963.956787109375	0.0	0	TETLTM(Oxidation)PSEDAQVAVYR	2	R	A	q-value	MS-GF+_2026-09-01T17:45:52_7198454993515115019	NP_217456.1	276	292	-1
PEPTIDE	2391.788000000000011	963.960021972656023	0.0	0	TETLTM(Oxidation)PSEDAQVAVYR	2	R	A	q-value	MS-GF+_2026-09-01T17:45:52_7198454993515115019	NP_217456.1	276	292	-1
FEATURE	1879.367992112352113	624.322405612664625	2.920517e07	2	15.018506	0.849612	0.0	0.0	1864.157300000000078	1894.996499999999969
FEATURE	2099.32579686171448	355.196182595643791	2.917614e07	1	28.180534	0.875568	0.0	0.0	2078.312199999999848	2128.422300000000178
FEATURE	2461.921503290579949	523.271121358503137	2.881202e07	2	20.705948	0.86604	0.0	0.0	2441.51909999999998	2483.504800000000159
PEPTIDE	2459.052499999999782	523.271423339843977	6.1652281134402e-04	0	AELTVPEMR	2	R	Q	q-value	MS-GF+_2026-09-01T17:45:52_7198454993515115019	NP_218317.1	15	23	-1
FEATURE	3696.438389776598342	465.122524394314894	2.834466e07	1	77.102104	0.910114	0.0	0.0	3631.405699999999797	3740.742999999999938
FEATURE	2594.859616350974648	570.274059765991865	2.833146e07	2	16.30435	0.86873	0.0	0.0	2579.82340000000022	2610.677200000000084
FEATURE	2039.117442298245578	476.740474506121018	2.831759e07	2	17.570171	0.818443	0.0	0.0	2022.397999999999911	2057.749200000000201
PEPTIDE	2025.83829999999989	476.739196777343977	6.1652281134402e-04	0	DYVTIDAR	2	R	]	q-value	MS-GF+_2026-09-01T17:45:52_7198454993515115019	NP_215411.1	423	430	-1
PEPTIDE	2056.474999999999909	476.740386962891023	1.21580547112462e-03	0	DYVTIDAR	2	R	]	q-value	MS-GF+_2026-09-01T17:45:52_7198454993515115019	NP_215411.1	423	430	-1
FEATURE	1690.571740913094118	537.282793892762356	2.817128e07	2	33.765709	0.827181	0.0	0.0	1655.246799999999894	1709.805399999999963
FEATURE	1825.918386384093992	807.401385626944261	2.800274e07	1	16.474689	0.860321	0.0	0.0	1809.559799999999996	1842.359500000000025
FEATURE	2845.636272676064436	917.419834740432748	2.790325e07	1	43.231255	0.894154	0.0	0.0	2813.023000000000138	2888.241799999999785
FEATURE	3421.325848385189602	791.23442870771521	2.785188e07	1	22.33806	0.869562	0.0	0.0	3397.74330000000009	3444.260499999999865
FEATURE	2247.700004794408415	646.811715720048937	2.77527e07	2	16.160503	0.905814	0.0	0.0	2230.919600000000173	2263.976799999999912
PEPTIDE	2233.304399999999987	646.810913085937955	0.0	0	GYAVPDYPADPK	2	K	T	q-value	MS-GF+_2026-09-01T17:45:52_7198454993515115019	NP_214580.1	105	116	-1
PEPTIDE	2264.773000000000138	646.810485839843977	6.1652281134402e-04	0	GYAVPDYPADPK	2	K	T	q-value	MS-GF+_2026-09-01T17:45:52_7198454993515115019	NP_214580.1	105	116	-1
FEATURE	2892.143945075150896	829.94371592169307	2.77401e07	2	14.256434	0.873517	0.0	0.0	2877.7824999999998	2907.27390000000014
PEPTIDE	2880.595499999999902	829.945495605468977	0.0	0	QIAFNSGLEPGVVAEK	2	K	V	q-value	MS-GF+_2026-09-01T17:45:52_7198454993515115019	NP_214954.1	449	464	-1
FEATURE	2816.383992221517474	630.31459511805906	2.754471e07	1	33.15519	0.884825	0.0	0.0	2790.280799999999999	2851.396799999999985
FEATURE	2777.652474743347284	680.351484925128489	2.751706e07	2	14.685104	0.825086	0.0	0.0	2762.594500000000153	2792.075800000000072
PEPTIDE	2781.159200000000055	680.350219726562045	0.0	0	SEAPLVGTGMELR	2	R	A	q-value	MS-GF+_2026-09-01T17:45:52_7198454993515115019	NP_215181.1	614	626	-1
FEATURE	2556.39076883192547	545.79896829611107	2.747132e07	2	18.084223	0.907235	0.0	0.0	2541.992999999999938	2573.8429000000001
PEPTIDE	2571.503999999999905	545.799011230468977	0.0	0	LLTEAPFGSR	2	R	N	q-value	MS-GF+_2026-09-01T17:45:52_7198454993515115019	NP_214780.1	859	868	-1
PEPTIDE	2540.791999999999916	545.798400878906023	6.1652281134402e-04	0	LLTEAPFGSR	2	R	N	q-value	MS-GF+_2026-09-01T17:45:52_7198454993515115019	NP_214780.1	859	868	-1
FEATURE	1682.89620740802502	365.228582283991614	2.727719e07	2	11.149638	0.85809	0.0	0.0	1671.678000000000111	1683.055499999999938
FEATURE	2464.389106172260654	895.925136645049634	2.72679e07	2	15.896615	0.869881	0.0	0.0	2448.990400000000136	2480.274899999999889
PEPTIDE	2452.918999999999869	895.924682617187955	0.0	0	DETTIVEGAGDTDAIAGR	2	K	V	q-value	MS-GF+_2026-09-01T17:45:52_7198454993515115019	NP_214954.1	325	342	-1
FEATURE	3840.860950713732564	675.26356165596826	2.721218e07	1	29.545702	0.895199	0.0	0.0	3811.185500000000047	3871.404899999999998
FEATURE	2682.187363650419684	768.385318994251293	2.714561e07	2	14.355737	0.872895	0.0	0.0	2667.692900000000009	2696.090700000000197
PEPTIDE	2668.220200000000204	768.3837890625	0.0	0	NYTAPGGGQFTLPGR	2	R	S	q-value	MS-GF+_2026-09-01T17:45:52_7198454993515115019	NP_216353.1	318	332	-1
PEPTIDE	2699.42430000000013	768.386779785156023	0.0	0	NYTAPGGGQFTLPGR	2	R	S	q-value	MS-GF+_2026-09-01T17:45:52_7198454993515115019	NP_216353.1	318	332	-1
FEATURE	2897.006043294609754	794.395492017585752	2.713546e07	2	15.291874	0.871464	0.0	0.0	2881.571399999999812	2912.643099999999777
FEATURE	2407.099512588894413	529.796013209802368	2.712333e07	2	15.508198	0.875521	0.0	0.0	2394.511399999999867	2422.837100000000191
PEPTIDE	2395.140600000000177	529.796508789062045	0.0	0	IGLATAEDIR	2	R	Q	q-value	MS-GF+_2026-09-01T17:45:52_7198454993515115019	NP_215182.1	11	20	-1
PEPTIDE	2426.404799999999796	529.796997070312045	6.1652281134402e-04	0	IGLATAEDIR	2	R	Q	q-value	MS-GF+_2026-09-01T17:45:52_7198454993515115019	NP_215182.1	11	20	-1
FEATURE	2897.608491792545465	429.064626950310014	2.709753e07	1	35.984047	0.831162	0.0	0.0	2873.334899999999834	2935.133800000000065
FEATURE	2977.382434017991272	709.881856861962547	2.704466e07	2	17.635881	0.82575	0.0	0.0	2959.189699999999903	2995.790300000000116
PEPTIDE	2990.296400000000176	709.882080078125	0.0	0	TPEQVALVEAYAK	2	R	A	q-value	MS-GF+_2026-09-01T17:45:52_7198454993515115019	NP_215991.1	326	338	-1
PEPTIDE	2959.690200000000004	709.880493164062045	0.0	0	TPEQVALVEAYAK	2	R	A	q-value	MS-GF+_2026-09-01T17:45:52_7198454993515115019	NP_215991.1	326	338	-1
FEATURE	2583.973765312216528	610.947020478867216	2.697895e07	3	12.466061	0.811066	0.0	0.0	2570.969500000000153	2597.032600000000002
PEPTIDE	2569.705300000000079	610.947082519531023	0.0	0	EVADGDALYDAAVGHGDR	3	R	G	q-value	MS-GF+_2026-09-01T17:45:52_7198454993515115019	NP_217456.1	513	530	-1
FEATURE	1383.344433592554424	395.541129190770619	2.692236e07	3	13.083899	0.786228	0.0	0.0	1369.597999999999956	1397.193500000000086
FEATURE	2600.827398913413617	585.288960242846429	2.674544e07	1	17.928421	0.84832	0.0	0.0	2582.373099999999795	2619.409599999999955
FEATURE	1513.215503155043052	662.28482169932272	2.656462e07	2	21.62233	0.883501	0.0	0.0	1494.553100000000086	1535.501899999999978
PEPTIDE	1520.493999999999915	662.284484863281023	0.0	0	DM(Oxidation)GVEHVYDSR	2	R	S	q-value	MS-GF+_2026-09-01T17:45:52_7198454993515115019	NP_217456.1	1600	1610	-1
FEATURE	1424.927429389031659	800.994899129639407	2.615732e07	3	13.06819	0.817633	0.0	0.0	1411.565900000000056	1438.337199999999939
FEATURE	2584.561755698969591	915.917319518685645	2.615698e07	2	15.226216	0.871711	0.0	0.0	2568.849900000000162	2600.40560000000005
PEPTIDE	2572.036099999999806	915.914978027343977	0.0	0	EVADGDALYDAAVGHGDR	2	R	G	q-value	MS-GF+_2026-09-01T17:45:52_7198454993515115019	NP_217456.1	513	530	-1
PEPTIDE	2602.871999999999844	915.922973632812045	0.0	0	EVADGDALYDAAVGHGDR	2	R	G	q-value	MS-GF+_2026-09-01T17:45:52_7198454993515115019	NP_217456.1	513	530	-1
FEATURE	1894.755019810370413	815.915416816129891	2.608797e07	2	12.681681	0.853663	0.0	0.0	1882.17489999999998	1907.415199999999913
PEPTIDE	1884.162000000000035	815.917297363281023	0.0	0	SNMGHSTASAGTVGLIK	2	K	A	q-value	MS-GF+_2026-09-01T17:45:52_7198454993515115019	NP_217456.1	343	359	-1
FEATURE	2255.402891053952772	496.264316736404965	2.592992e07	2	14.97513	0.904125	0.0	0.0	2240.36869999999999	2267.584800000000087
PEPTIDE	2262.97400000000016	496.264801025391023	6.1652281134402e-04	0	VQELFEAR	2	R	V	q-value	MS-GF+_2026-09-01T17:45:52_7198454993515115019	NP_215182.1	1030	1037	-1
FEATURE	2882.030667461299345	411.136566980822181	2.592117e07	1	42.002354	0.845773	0.0	0.0	2863.852699999999913	2912.643099999999777
FEATURE	1607.308072308363762	660.794864429054542	2.58021e07	2	20.523104	0.858492	0.0	0.0	1592.119500000000016	1628.888899999999921
FEATURE	2074.915211067128894	871.416885805151196	2.57865e07	2	14.848792	0.85655	0.0	0.0	2060.513100000000122	2090.058700000000044
FEATURE	1456.463984680110343	811.40109474539679	2.576136e07	2	12.447113	0.872052	0.0	0.0	1443.940599999999904	1468.65560000000005
PEPTIDE	1473.127799999999979	811.400329589843977	0.0	0	DVVEKEPEPEPEPK	2	R	A	q-value	MS-GF+_2026-09-01T17:45:52_7198454993515115019	NP_218317.1	545	558	-1
PEPTIDE	1442.320200000000114	811.406127929687955	0.0	0	DVVEKEPEPEPEPK	2	R	A	q-value	MS-GF+_2026-09-01T17:45:52_7198454993515115019	NP_218317.1	545	558	-1
FEATURE	2937.029164364634198	661.327523041611926	2.574633e07	2	15.26739	0.88978	0.0	0.0	2921.217999999999847	2952.82340000000022
PEPTIDE	2923.877700000000004	661.325500488281023	0.0	0	VIEPIDMDAYR	2	R	Q	q-value	MS-GF+_2026-09-01T17:45:52_7198454993515115019	NP_216353.1	71	81	-1
PEPTIDE	2955.114000000000033	661.326416015625	0.0	0	VIEPIDMDAYR	2	R	Q	q-value	MS-GF+_2026-09-01T17:45:52_7198454993515115019	NP_216353.1	71	81	-1
FEATURE	2999.567884450064412	649.379512871875818	2.57332e07	2	20.033281	0.904815	0.0	0.0	2980.231400000000122	3019.414999999999964
PEPTIDE	3008.730000000000018	649.380004882812045	0.0	0	VAITPAGVAELTR	2	R	R	q-value	MS-GF+_2026-09-01T17:45:52_7198454993515115019	NP_217296.1	15	27	-1
PEPTIDE	2977.935800000000199	649.379028320312045	0.0	0	VAITPAGVAELTR	2	R	R	q-value	MS-GF+_2026-09-01T17:45:52_7198454993515115019	NP_217296.1	15	27	-1
FEATURE	3168.313347790624903	572.340449786074373	2.562158e07	2	16.167238	0.869529	0.0	0.0	3151.676399999999831	3184.848599999999806
FEATURE	2406.974999441525142	628.851648174994125	2.554854e07	2	15.899127	0.886391	0.0	0.0	2390.964300000000094	2422.837100000000191
PEPTIDE	2419.091600000000199	628.851623535156023	0.0	0	GGNLIVTEQGIR	2	R	D	q-value	MS-GF+_2026-09-01T17:45:52_7198454993515115019	NP_216052.1	653	664	-1
FEATURE	2178.660216837311509	551.808721973071329	2.544478e07	2	14.049603	0.883591	0.0	0.0	2165.504899999999907	2192.9699999999998
FEATURE	2254.186655127420636	638.331891657496726	2.540642e07	2	14.784312	0.904385	0.0	0.0	2238.931799999999839	2269.239399999999932
PEPTIDE	2242.710700000000088	638.331115722656023	0.0	0	VTPVAVIGM(Oxidation)GC(Carbamidomethyl)R	2	R	L	q-value	MS-GF+_2026-09-01T17:45:52_7198454993515115019	NP_216043.1;NP_217456.1	13;4	24;15	-1
FEATURE	2304.671631817244816	643.84284988246111	2.539451e07	2	12.848286	0.838222	0.0	0.0	2291.919600000000173	2317.850199999999859
PEPTIDE	2294.079999999999927	643.843322753906023	0.0	0	TVGTMLGHELTK	2	R	A	q-value	MS-GF+_2026-09-01T17:45:52_7198454993515115019	NP_218376.1	1277	1288	-1
FEATURE	3295.03787786652947	619.273813210031562	2.53263e07	1	32.046471	0.919485	0.0	0.0	3261.746399999999994	3328.742799999999988
FEATURE	2609.432138938332628	688.865074912275418	2.531379e07	2	13.656738	0.847534	0.0	0.0	2595.101999999999862	2623.364500000000135
PEPTIDE	2596.731400000000122	688.867919921875	0.0	0	MGTTVATNALLER	2	R	T	q-value	MS-GF+_2026-09-01T17:45:52_7198454993515115019	NP_214780.1	66	78	-1
FEATURE	2073.429408170373335	437.235796343805873	2.527785e07	1	21.743134	0.872297	0.0	0.0	2050.954099999999926	2095.983099999999922
FEATURE	4509.2232589195728	471.306412169099929	2.518216e07	1	6.230572	0.885935	0.0	0.0	4503.402900000000045	4515.144900000000234
FEATURE	1563.252916389780012	384.772151024088998	2.486749e07	2	23.061848	0.849101	0.0	0.0	1544.73090000000002	1579.717399999999998
FEATURE	1778.246907105295577	760.378558577649528	2.457887e07	2	13.886644	0.838538	0.0	0.0	1764.412900000000036	1792.98479999999995
PEPTIDE	1767.888200000000097	760.378112792968977	0.0	0	FAVTQSGAAPGAGETR	2	R	V	q-value	MS-GF+_2026-09-01T17:45:52_7198454993515115019	YP_177885.1	467	482	-1
FEATURE	3123.826696195375916	593.815048772325213	2.456291e07	2	21.205091	0.899194	0.0	0.0	3103.092000000000098	3145.420500000000175
PEPTIDE	3100.963400000000092	593.814514160156023	0.0	0	SPGGIFNELPR	2	K	L	q-value	MS-GF+_2026-09-01T17:45:52_7198454993515115019	NP_218317.1	1393	1403	-1
PEPTIDE	3130.738499999999931	593.815185546875	0.0	0	SPGGIFNELPR	2	K	L	q-value	MS-GF+_2026-09-01T17:45:52_7198454993515115019	NP_218317.1	1393	1403	-1
FEATURE	2195.502109947675308	564.786241894137902	2.454214e07	2	15.312099	0.857818	0.0	0.0	2182.026400000000194	2211.100399999999809
PEPTIDE	2209.753999999999905	564.78662109375	6.1652281134402e-04	0	NPDTNLADLR	2	R	A	q-value	MS-GF+_2026-09-01T17:45:52_7198454993515115019	NP_214780.1	869	878	-1
FEATURE	4145.700366869582467	420.009723918911504	2.451762e07	1	29.791267	0.816699	0.0	0.0	4116.153500000000349	4177.01299999999992
FEATURE	3728.635057995540592	425.252695252561352	2.448772e07	2	17.263968	0.858285	0.0	0.0	3710.619299999999839	3742.468299999999999
FEATURE	2677.92997519941764	493.289704234131307	2.443058e07	2	17.359242	0.902525	0.0	0.0	2660.177099999999882	2696.090700000000197
PEPTIDE	2667.167500000000018	493.290313720703011	6.1652281134402e-04	0	LVAPVFDPK	2	R	K	q-value	MS-GF+_2026-09-01T17:45:52_7198454993515115019	NP_217040.1	2022	2030	-1
FEATURE	4144.092861556714524	525.148697693138956	2.439025e07	1	35.019417	0.883739	0.0	0.0	4108.552800000000389	4180.794799999999668
FEATURE	2211.535044365478825	688.388785111661719	2.435102e07	1	21.853878	0.906681	0.0	0.0	2189.251299999999901	2234.684999999999945
FEATURE	2397.718514047515328	601.312406444627641	2.434692e07	2	14.077489	0.853389	0.0	0.0	2385.659500000000207	2412.648799999999937
FEATURE	2402.318012764277228	473.261406011742167	2.433681e07	2	17.385786	0.849202	0.0	0.0	2383.977899999999863	2420.718199999999797
PEPTIDE	2387.653299999999945	473.261596679688012	0.0	0	ALGGFVPER	2	R	R	q-value	MS-GF+_2026-09-01T17:45:52_7198454993515115019	NP_216757.3	461	469	-1
PEPTIDE	2419.350300000000061	473.261505126953011	0.0	0	ALGGFVPER	2	R	R	q-value	MS-GF+_2026-09-01T17:45:52_7198454993515115019	NP_216757.3	461	469	-1
FEATURE	2546.634168930879696	558.291751515680403	2.427121e07	2	17.584314	0.881636	0.0	0.0	2533.150500000000193	2563.939300000000003
PEPTIDE	2563.668999999999869	558.290588378906023	0.0	0	VFGSWNLHR	2	K	A	q-value	MS-GF+_2026-09-01T17:45:52_7198454993515115019	NP_217456.1	1875	1883	-1
PEPTIDE	2532.618399999999838	558.291687011718977	6.1652281134402e-04	0	VFGSWNLHR	2	K	A	q-value	MS-GF+_2026-09-01T17:45:52_7198454993515115019	NP_217456.1	1875	1883	-1
FEATURE	2029.303264751213646	566.30376656969986	2.421333e07	2	14.995181	0.884009	0.0	0.0	2014.738000000000056	2044.763999999999896
PEPTIDE	2047.310199999999895	566.303771972656023	0.0	0	IEASDISVAAR	2	K	I	q-value	MS-GF+_2026-09-01T17:45:52_7198454993515115019	NP_214580.1	38	48	-1
PEPTIDE	2014.193199999999933	566.305114746093977	4.3956043956044e-03	0	LTTLQAVDDR	2	R	I	q-value	MS-GF+_2026-09-01T17:45:52_7198454993515115019	NP_217105.1	360	369	-1
FEATURE	1507.297194638709698	681.348017472244919	2.416407e07	2	15.356351	0.839822	0.0	0.0	1491.975100000000111	1523.492500000000064
FEATURE	2775.207786079773086	713.422940430408858	2.414878e07	1	15.148905	0.828484	0.0	0.0	2769.253400000000056	2788.407999999999902
FEATURE	1403.962553505062033	670.843272002985259	2.397863e07	2	15.312519	0.865179	0.0	0.0	1389.073599999999942	1419.807399999999916
PEPTIDE	1417.060199999999895	670.843505859375	0.0	0	LVAGDTGEPTPQR	2	R	A	q-value	MS-GF+_2026-09-01T17:45:52_7198454993515115019	NP_218163.1	668	680	-1
PEPTIDE	1386.172700000000077	670.845825195312045	0.0	0	LVAGDTGEPTPQR	2	R	A	q-value	MS-GF+_2026-09-01T17:45:52_7198454993515115019	NP_218163.1	668	680	-1
FEATURE	1896.052411974698543	547.280161681397999	2.397574e07	2	14.125422	0.888934	0.0	0.0	1883.293499999999995	1909.423900000000003
PEPTIDE	1883.026599999999917	547.279724121093977	8.803728638011389e-03	0	NEGYDVVVAK	2	R	F	q-value	MS-GF+_2026-09-01T17:45:52_7198454993515115019	NP_214976.1	366	375	-1
FEATURE	2158.126915800578445	419.199827430922596	2.390964e07	2	15.525736	0.811134	0.0	0.0	2142.198100000000068	2173.423899999999776
PEPTIDE	2144.544400000000223	419.200408935546989	7.284079084287201e-03	0	DAMPTFR	2	R	Q	q-value	MS-GF+_2026-09-01T17:45:52_7198454993515115019	NP_218376.1	136	142	-1
FEATURE	1752.498687185027166	391.747626985118018	2.389175e07	2	19.899706	0.844286	0.0	0.0	1731.702999999999975	1772.811099999999897
PEPTIDE	1765.22829999999999	391.747406005858977	1.68255748738082e-03	0	QAVPLVR	2	R	S	q-value	MS-GF+_2026-09-01T17:45:52_7198454993515115019	NP_215181.1	607	613	-1
FEATURE	2873.690295988807975	637.353100631872053	2.380415e07	2	15.143806	0.889466	0.0	0.0	2861.006400000000212	2888.241799999999785
PEPTIDE	2867.829999999999927	637.352783203125	0.0	0	ALDQQLIVMSR	2	K	E	q-value	MS-GF+_2026-09-01T17:45:52_7198454993515115019	NP_218376.1	1246	1256	-1
FEATURE	2345.414575254026204	350.206880317946798	2.376454e07	2	35.509563	0.874692	0.0	0.0	2317.01110000000017	2349.639500000000226
FEATURE	2182.956788062721444	450.287211173393018	2.37557e07	2	17.156883	0.852267	0.0	0.0	2165.504899999999907	2199.210099999999784
PEPTIDE	2193.482700000000023	450.286987304688012	6.1652281134402e-04	0	VVVSQLVR	2	R	S	q-value	MS-GF+_2026-09-01T17:45:52_7198454993515115019	NP_215181.1	167	174	-1
FEATURE	2060.413169429744812	650.296487837034874	2.365289e07	2	14.528734	0.864328	0.0	0.0	2046.77800000000002	2075.645700000000034
PEPTIDE	2076.41359999999986	650.298889160156023	0.0	0	IDTPGEADYYR	2	R	N	q-value	MS-GF+_2026-09-01T17:45:52_7198454993515115019	NP_215991.1	916	926	-1
PEPTIDE	2046.090999999999895	650.296875	0.0	0	IDTPGEADYYR	2	R	N	q-value	MS-GF+_2026-09-01T17:45:52_7198454993515115019	NP_215991.1	916	926	-1
FEATURE	1762.724281452124842	795.354086618646193	2.358176e07	2	17.725681	0.875802	0.0	0.0	1744.90300000000002	1780.289600000000064
PEPTIDE	1777.476799999999912	795.355285644531023	0.0	0	VGPDSAGADPGPAC(Carbamidomethyl)YR	2	R	G	q-value	MS-GF+_2026-09-01T17:45:52_7198454993515115019	NP_214780.1	334	349	-1
PEPTIDE	1746.66170000000011	795.351379394531023	0.0	0	VGPDSAGADPGPAC(Carbamidomethyl)YR	2	R	G	q-value	MS-GF+_2026-09-01T17:45:52_7198454993515115019	NP_214780.1	334	349	-1
FEATURE	2549.9395669445571	737.882270461918665	2.350551e07	2	27.456388	0.871336	0.0	0.0	2525.828500000000076	2578.516399999999976
PEPTIDE	2559.027300000000196	737.882202148437955	0.0	0	AEPSIEIQYTPAR	2	K	V	q-value	MS-GF+_2026-09-01T17:45:52_7198454993515115019	NP_215991.1	70	82	-1
PEPTIDE	2528.350800000000163	737.878479003906023	0.0	0	AEPSIEIQYTPAR	2	K	V	q-value	MS-GF+_2026-09-01T17:45:52_7198454993515115019	NP_215991.1	70	82	-1
FEATURE	4144.173902312900282	509.1744081662182	2.346383e07	1	32.953617	0.861242	0.0	0.0	4114.252900000000409	4178.902799999999843
FEATURE	1959.7368867664959	436.527582698580204	2.343871e07	3	14.772675	0.830591	0.0	0.0	1947.652199999999994	1964.323900000000094
PEPTIDE	1945.933700000000044	436.527801513671989	1.68255748738082e-03	0	DMGVEHVYDSR	3	R	S	q-value	MS-GF+_2026-09-01T17:45:52_7198454993515115019	NP_217456.1	1600	1610	-1
FEATURE	2103.420371244052603	577.338363170153457	2.342172e07	2	14.992496	0.893524	0.0	0.0	2089.319100000000162	2119.1878999999999
PEPTIDE	2089.063200000000052	577.338317871093977	0.0	0	LTSALGIVHSR	2	R	F	q-value	MS-GF+_2026-09-01T17:45:52_7198454993515115019	NP_218376.1	217	227	-1
PEPTIDE	2120.444599999999809	577.337524414062045	0.0	0	LTSALGIVHSR	2	R	F	q-value	MS-GF+_2026-09-01T17:45:52_7198454993515115019	NP_218376.1	217	227	-1
FEATURE	1984.266679345659213	672.404650343219714	2.341753e07	1	24.086786	0.877072	0.0	0.0	1964.323900000000094	2008.354700000000094
FEATURE	1737.277472594835672	548.276845628767092	2.341402e07	2	20.568548	0.891164	0.0	0.0	1715.550500000000056	1755.400499999999965
FEATURE	1822.211394945998109	704.347426283716345	2.338486e07	2	13.718979	0.837981	0.0	0.0	1810.702199999999948	1835.779600000000073
PEPTIDE	1812.786299999999983	704.349609375	0.0	0	AGEIDEAEYVRR	2	R	M	q-value	MS-GF+_2026-09-01T17:45:52_7198454993515115019	NP_215649.1	454	465	-1
FEATURE	2580.168289358092807	891.462371977144812	2.320498e07	2	14.058801	0.865923	0.0	0.0	2565.825400000000173	2594.345299999999952
PEPTIDE	2568.240200000000186	891.465087890625	0.0	0	SNGLIAPNQDAQADVLR	2	R	R	q-value	MS-GF+_2026-09-01T17:45:52_7198454993515115019	NP_218317.1	387	403	-1
FEATURE	2266.428350580823008	551.308652474071096	2.317037e07	2	15.384366	0.830543	0.0	0.0	2253.397199999999884	2282.021699999999782
FEATURE	3998.424730380450001	612.302350186538661	2.315162e07	1	23.572393	0.906871	0.0	0.0	3973.474999999999909	4022.884700000000066
FEATURE	1873.428691213845241	594.796371272452689	2.308881e07	2	13.837737	0.858345	0.0	0.0	1859.526599999999917	1887.522200000000112
PEPTIDE	1861.221000000000004	594.798400878906023	0.0	0	EATDEVGQALR	2	K	E	q-value	MS-GF+_2026-09-01T17:45:52_7198454993515115019	NP_215182.1	779	789	-1
FEATURE	2994.773530477849818	729.392895441687415	2.305168e07	2	15.01327	0.808373	0.0	0.0	2978.900500000000193	3010.191200000000208
FEATURE	2716.906392531579513	750.377723505232439	2.303473e07	2	14.526586	0.876665	0.0	0.0	2701.825600000000122	2732.184299999999894
FEATURE	2847.189300183405067	1063.481882347797409	2.287265e07	2	41.615952	0.872286	0.0	0.0	2831.244999999999891	2867.255599999999959
FEATURE	3418.3158711600895	775.069511397790279	2.276435e07	1	26.696753	0.848476	0.0	0.0	3399.554399999999987	3446.123099999999795
FEATURE	3046.503422493842209	403.171638456313701	2.260058e07	1	35.96624	0.903242	0.0	0.0	3012.202999999999975	3084.1878999999999
FEATURE	2335.336602406637212	685.886554760398099	2.256909e07	2	16.175142	0.866916	0.0	0.0	2320.463000000000193	2352.373300000000199
PEPTIDE	2322.407700000000204	685.885070800781023	0.0	0	AVVITGTPEQLSR	2	R	F	q-value	MS-GF+_2026-09-01T17:45:52_7198454993515115019	NP_217040.1	234	246	-1
FEATURE	2420.454538936261542	827.430354397413794	2.2486e07	1	15.85985	0.886444	0.0	0.0	2403.689600000000155	2437.16130000000021
FEATURE	2106.224762211126745	651.332827677625005	2.242536e07	2	13.042699	0.882811	0.0	0.0	2093.31710000000021	2119.1878999999999
FEATURE	1944.350873078142513	827.535108224122268	2.241792e07	1	14.420161	0.902283	0.0	0.0	1932.184600000000046	1959.212800000000016
FEATURE	2133.977713341126219	986.564130017218417	2.234479e07	1	15.147316	0.876791	0.0	0.0	2118.26760000000013	2150.029599999999846
FEATURE	2806.246673317641125	874.936469249926859	2.231038e07	2	13.743449	0.899666	0.0	0.0	2792.075800000000072	2819.874699999999848
PEPTIDE	2794.547999999999774	874.931518554687955	0.0	0	ITIVPDDGGEEVVYDK	2	K	I	q-value	MS-GF+_2026-09-01T17:45:52_7198454993515115019	NP_215182.1	1063	1078	-1
FEATURE	3173.540023819626185	646.307813038013592	2.223348e07	1	52.409718	0.880889	0.0	0.0	3127.077099999999973	3179.291099999999915
FEATURE	3966.403410891720796	490.203661976992521	2.209556e07	1	29.963907	0.865269	0.0	0.0	3934.694800000000214	3998.112900000000081
FEATURE	4024.154757666517526	508.214062890947957	2.207703e07	1	87.985008	0.73412	0.0	0.0	3980.191600000000108	4092.322900000000118
FEATURE	2942.516455208460684	482.311644655148029	2.201122e07	1	23.277592	0.911327	0.0	0.0	2922.759700000000066	2966.258899999999812
FEATURE	1895.231782326625307	544.278960167681134	2.189301e07	3	14.372273	0.787301	0.0	0.0	1882.17489999999998	1909.423900000000003
PEPTIDE	1886.736499999999978	544.279418945312045	6.77436164669099e-03	0	SNMGHSTASAGTVGLIK	3	K	A	q-value	MS-GF+_2026-09-01T17:45:52_7198454993515115019	NP_217456.1	343	359	-1
FEATURE	1478.907528042942886	666.763049709739562	2.184931e07	2	26.879177	0.868541	0.0	0.0	1457.706699999999955	1506.232999999999947
FEATURE	2898.513575222100371	596.786789605847957	2.17964e07	2	16.921375	0.891889	0.0	0.0	2884.117799999999988	2915.883600000000115
PEPTIDE	2891.704799999999978	596.786682128906023	0.0	0	WSEFLEEPR	2	R	L	q-value	MS-GF+_2026-09-01T17:45:52_7198454993515115019	NP_218317.1	156	164	-1
FEATURE	1884.141009004267517	474.281648823150874	2.171082e07	2	17.562403	0.88186	0.0	0.0	1867.335499999999911	1902.190000000000055
PEPTIDE	1867.931599999999889	474.281799316406023	1.68255748738082e-03	0	DIYAPLKK	2	R	G	q-value	MS-GF+_2026-09-01T17:45:52_7198454993515115019	NP_216757.3	482	489	-1
PEPTIDE	1899.417799999999943	474.281494140625	1.68255748738082e-03	0	DIYAPLKK	2	R	G	q-value	MS-GF+_2026-09-01T17:45:52_7198454993515115019	NP_216757.3	482	489	-1
FEATURE	1852.396006559126363	463.787122942569226	2.17033e07	2	14.218314	0.847716	0.0	0.0	1839.482700000000023	1855.527700000000095
FEATURE	2218.425575713824856	514.298492989393594	2.167566e07	2	17.191534	0.870273	0.0	0.0	2204.351200000000063	2235.919600000000173
PEPTIDE	2226.973599999999806	514.298278808593977	0.0	0	LSALGPGGLSR	2	R	E	q-value	MS-GF+_2026-09-01T17:45:52_7198454993515115019	NP_215181.1	448	458	-1
FEATURE	2164.413002399746802	679.362849133961959	2.167407e07	2	13.890883	0.84059	0.0	0.0	2151.415199999999913	2177.951599999999871
FEATURE	2541.191017754731547	912.452571207777964	2.161548e07	2	17.146112	0.872289	0.0	0.0	2523.699099999999817	2558.468299999999999
FEATURE	1682.282070707173489	510.76058194338566	2.161412e07	2	17.990345	0.841738	0.0	0.0	1663.923600000000079	1699.823200000000043
PEPTIDE	1695.829600000000028	510.760803222656023	0.0	0	MDSGATIAVR	2	R	I	q-value	MS-GF+_2026-09-01T17:45:52_7198454993515115019	NP_214780.1	934	943	-1
FEATURE	1558.262328435553854	556.308729298528192	2.161158e07	2	15.500441	0.887773	0.0	0.0	1542.11239999999998	1571.344900000000052
PEPTIDE	1574.616600000000062	556.307312011718977	0.0	0	NGEVLVGQPAK	2	R	N	q-value	MS-GF+_2026-09-01T17:45:52_7198454993515115019	NP_214864.1	44	54	-1
FEATURE	2338.075888332838986	626.806675362299188	2.158849e07	2	18.372196	0.804193	0.0	0.0	2322.992900000000191	2357.278999999999996
PEPTIDE	2324.695999999999913	626.805480957031023	6.1652281134402e-04	0	LAVGIYDDDGSK	2	R	S	q-value	MS-GF+_2026-09-01T17:45:52_7198454993515115019	YP_177885.1	486	497	-1
FEATURE	1499.782453331097713	579.260488537376204	2.150591e07	2	41.164486	0.776522	0.0	0.0	1468.65560000000005	1530.392700000000104
FEATURE	2431.772303080544134	567.29565578443453	2.145223e07	2	14.314689	0.897146	0.0	0.0	2417.308700000000044	2446.444899999999961
PEPTIDE	2416.725300000000061	567.294921875	6.1652281134402e-04	0	GYPIDQLAEK	2	R	S	q-value	MS-GF+_2026-09-01T17:45:52_7198454993515115019	NP_215411.1	72	81	-1
FEATURE	4482.317780684351419	431.20245084987522	2.143248e07	1	19.275118	0.858128	0.0	0.0	4461.892899999999827	4502.483000000000175
FEATURE	2758.940127244301948	801.884133352559161	2.13822e07	2	19.204514	0.853126	0.0	0.0	2739.109899999999925	2778.713900000000194
FEATURE	2008.156560516701802	532.808861132557013	2.135911e07	2	14.097451	0.844514	0.0	0.0	1997.036399999999958	2022.397999999999911
FEATURE	1691.617091040237256	401.217926995421749	2.131327e07	2	18.36972	0.814682	0.0	0.0	1674.227900000000091	1709.805399999999963
PEPTIDE	1676.295699999999897	401.216888427733977	5.353319057815841e-03	0	MAPLVDR	2	R	Q	q-value	MS-GF+_2026-09-01T17:45:52_7198454993515115019	NP_216353.1	664	670	-1
FEATURE	1957.753948682172904	831.493906526443652	2.127978e07	1	18.108156	0.869391	0.0	0.0	1941.848700000000008	1975.544000000000096
FEATURE	2881.079205255150555	394.110011788159625	2.11892e07	1	40.288841	0.879399	0.0	0.0	2858.046100000000024	2916.715400000000045
FEATURE	3480.697139103944664	793.378927839214725	2.115716e07	2	16.470676	0.863878	0.0	0.0	3463.323100000000068	3497.71810000000005
PEPTIDE	3493.726799999999912	793.379699707031023	0.0	0	SVFDDGLAFDGSSIR	2	K	G	q-value	MS-GF+_2026-09-01T17:45:52_7198454993515115019	NP_216736.1	44	58	-1
PEPTIDE	3462.973100000000159	793.383972167968977	0.0	0	SVFDDGLAFDGSSIR	2	K	G	q-value	MS-GF+_2026-09-01T17:45:52_7198454993515115019	NP_216736.1	44	58	-1
FEATURE	2365.166382326962776	645.348503823420515	2.101834e07	2	16.688656	0.89517	0.0	0.0	2348.315000000000055	2382.513100000000122
PEPTIDE	2356.786000000000058	645.348022460937955	0.0	0	ALDQQLIVM(Oxidation)SR	2	K	E	q-value	MS-GF+_2026-09-01T17:45:52_7198454993515115019	NP_218376.1	1246	1256	-1
FEATURE	2032.567752867709032	590.29325389435985	2.098014e07	2	15.601831	0.882051	0.0	0.0	2016.38149999999996	2047.83809999999994
PEPTIDE	2019.820300000000088	590.294372558593977	0.0	0	SPAGAWQYTAK	2	K	D	q-value	MS-GF+_2026-09-01T17:45:52_7198454993515115019	NP_216424.1	345	355	-1
FEATURE	1425.278255033749474	1192.473318102164058	2.097784e07	2	13.068411	0.850226	0.0	0.0	1412.427400000000034	1438.337199999999939
FEATURE	4525.921329472532307	418.103669598117619	2.096437e07	1	5.983654	0.805502	0.0	0.0	4519.63379999999961	4532.063100000000304
FEATURE	3298.265933058737119	630.313647800751255	2.081559e07	1	35.635422	0.882003	0.0	0.0	3260.855799999999817	3335.494700000000194
FEATURE	3418.820612426319258	792.095581965572478	2.069805e07	1	26.817448	0.843675	0.0	0.0	3399.554399999999987	3446.998799999999847
FEATURE	2417.598528302066825	491.224950427900694	2.065901e07	2	16.602535	0.853523	0.0	0.0	2400.366500000000087	2434.248599999999897
FEATURE	4028.362752406275376	416.191675521523109	2.064267e07	1	29.435875	0.85836	0.0	0.0	3997.162899999999809	4059.273000000000138
FEATURE	2954.018597855002099	687.874049123353075	2.056505e07	2	16.801107	0.891559	0.0	0.0	2938.134000000000015	2971.02370000000019
PEPTIDE	2939.896999999999935	687.874572753906023	0.0	0	NLFTVGATPEVAR	2	R	A	q-value	MS-GF+_2026-09-01T17:45:52_7198454993515115019	NP_217040.1	375	387	-1
FEATURE	4241.133859696808941	587.317400193406002	2.054656e07	1	22.229427	0.900121	0.0	0.0	4217.70470000000023	4264.664700000000266
FEATURE	1517.486613044985006	547.266909818558588	2.0487e07	2	15.014639	0.884839	0.0	0.0	1502.610500000000002	1532.759499999999889
FEATURE	1602.047241958534414	471.711956797085804	2.044354e07	2	22.145172	0.868801	0.0	0.0	1581.993199999999888	1624.744599999999991
PEPTIDE	1587.026599999999917	471.712097167968977	5.353319057815841e-03	0	YMPSGMTR	2	R	W	q-value	MS-GF+_2026-09-01T17:45:52_7198454993515115019	NP_218317.1	1217	1224	-1
PEPTIDE	1623.563699999999926	471.711608886718977	6.77436164669099e-03	0	YMPSGMTR	2	R	W	q-value	MS-GF+_2026-09-01T17:45:52_7198454993515115019	NP_218317.1	1217	1224	-1
FEATURE	2321.974630639623683	597.312769000140406	2.032011e07	2	14.193696	0.889786	0.0	0.0	2310.904899999999998	2336.830800000000181
FEATURE	3049.086260054117247	771.373621556854801	2.03131e07	2	24.855005	0.887152	0.0	0.0	3024.472699999999804	3075.0949999999998
PEPTIDE	3059.454299999999876	771.373718261718977	0.0	0	DGAGAGTIPDPFGGPGR	2	K	S	q-value	MS-GF+_2026-09-01T17:45:52_7198454993515115019	NP_216424.1	356	372	-1
PEPTIDE	3028.826000000000022	771.3740234375	0.0	0	DGAGAGTIPDPFGGPGR	2	K	S	q-value	MS-GF+_2026-09-01T17:45:52_7198454993515115019	NP_216424.1	356	372	-1
FEATURE	1538.545381904433725	545.280014746575716	2.031175e07	2	18.217205	0.872048	0.0	0.0	1523.492500000000064	1557.072699999999941
PEPTIDE	1529.530199999999923	545.280212402343977	0.0	0	VVGDLSEAGSR	2	R	A	q-value	MS-GF+_2026-09-01T17:45:52_7198454993515115019	NP_217040.1	2224	2234	-1
FEATURE	2508.604521907192975	520.329683684008955	2.021029e07	2	16.478966	0.874247	0.0	0.0	2495.873300000000199	2525.828500000000076
PEPTIDE	2500.007000000000062	520.330383300781023	0.0	0	SVIVVGPQLK	2	R	L	q-value	MS-GF+_2026-09-01T17:45:52_7198454993515115019	NP_215182.1	427	436	-1
FEATURE	2958.634169266742447	686.360302233997004	2.019133e07	2	14.401218	0.915114	0.0	0.0	2944.144999999999982	2972.750300000000152
FEATURE	2538.835204669454015	811.505749254167881	2.015443e07	1	15.757925	0.870214	0.0	0.0	2524.752399999999852	2554.760499999999865
FEATURE	4516.185454054061665	471.197562291441557	2.014778e07	1	9.784263	0.879786	0.0	0.0	4506.143000000000029	4525.915100000000166
FEATURE	3120.977459115982128	823.444700508039205	2.004455e07	2	16.290318	0.871372	0.0	0.0	3104.324700000000121	3138.104899999999816
PEPTIDE	3135.522199999999884	823.446411132812045	0.0	0	IVNEPTAAALAYGLDK	2	R	G	q-value	MS-GF+_2026-09-01T17:45:52_7198454993515115019	NP_214864.1	143	158	-1
PEPTIDE	3105.195000000000164	823.446472167968977	0.0	0	IVNEPTAAALAYGLDK	2	R	G	q-value	MS-GF+_2026-09-01T17:45:52_7198454993515115019	NP_214864.1	143	158	-1
FEATURE	3281.126254301496829	911.417354727757697	2.000045e07	2	16.5837	0.89845	0.0	0.0	3264.99310000000014	3297.544100000000071
PEPTIDE	3267.414299999999912	911.415222167968977	0.0	0	EQPVC(Carbamidomethyl)DGAYWVDNLR	2	R	N	q-value	MS-GF+_2026-09-01T17:45:52_7198454993515115019	NP_217456.1	763	777	-1
FEATURE	1646.557271693324083	499.269249171357103	1.997433e07	2	17.505785	0.853678	0.0	0.0	1628.888899999999921	1663.923600000000079
PEPTIDE	1661.687599999999975	499.268890380858977	0.0	0	LPGGINSPDK	2	R	L	q-value	MS-GF+_2026-09-01T17:45:52_7198454993515115019	NP_217456.1	16	25	-1
PEPTIDE	1631.049600000000055	499.268890380858977	0.0	0	LPGGINSPDK	2	R	L	q-value	MS-GF+_2026-09-01T17:45:52_7198454993515115019	NP_217456.1	16	25	-1
FEATURE	2710.649304900250627	602.321909451877218	1.995647e07	2	15.429809	0.920165	0.0	0.0	2696.090700000000197	2708.505000000000109
FEATURE	2649.695558366703608	570.78704830209972	1.994682e07	2	19.467516	0.804295	0.0	0.0	2630.432499999999891	2669.538100000000213
PEPTIDE	2665.731000000000222	570.790222167968977	0.0	0	TTVTGVEMFR	2	K	K	q-value	MS-GF+_2026-09-01T17:45:52_7198454993515115019	NP_215199.1	255	264	-1
FEATURE	3376.689114828755464	696.539032280272863	1.991624e07	1	22.890657	0.906795	0.0	0.0	3353.063500000000204	3400.415500000000066
FEATURE	1925.868051306207008	869.418553061166222	1.982166e07	2	12.925639	0.86255	0.0	0.0	1913.424600000000055	1938.587299999999914
PEPTIDE	1917.158599999999979	869.416687011718977	0.0	0	ILEAEGDSVNNYQASK	2	R	Q	q-value	MS-GF+_2026-09-01T17:45:52_7198454993515115019	YP_177855.1	1127	1142	-1
FEATURE	1743.359459658192463	537.282615080964433	1.981408e07	2	16.205706	0.798176	0.0	0.0	1728.114100000000008	1757.058600000000069
FEATURE	3813.350894355529817	371.181279430227448	1.980069e07	1	26.030914	0.925839	0.0	0.0	3786.323100000000068	3840.534799999999905
FEATURE	2914.786501611742096	756.905731629010006	1.978712e07	2	13.861165	0.879568	0.0	0.0	2900.473500000000058	2928.679000000000087
PEPTIDE	2904.003200000000106	756.906372070312045	0.0	0	VGIDQGAEIVDVAAR	2	R	V	q-value	MS-GF+_2026-09-01T17:45:52_7198454993515115019	NP_217040.1	1299	1313	-1
FEATURE	1351.425900842705005	724.369393993689528	1.975749e07	2	15.21436	0.796188	0.0	0.0	1335.343200000000024	1367.575800000000072
FEATURE	2300.762932279192228	882.570197483971356	1.972955e07	1	29.727453	0.854418	0.0	0.0	2275.350199999999859	2311.593800000000101
FEATURE	2925.366327755670227	531.301757762048851	1.958172e07	1	19.739164	0.871443	0.0	0.0	2907.27390000000014	2946.110499999999774
FEATURE	2272.379656864251956	481.262512544878234	1.955255e07	1	19.798819	0.871807	0.0	0.0	2254.483200000000124	2291.919600000000173
FEATURE	1945.035283887717014	647.351379335288584	1.953895e07	1	22.023859	0.889259	0.0	0.0	1926.363499999999931	1968.023100000000113
FEATURE	2366.414884442888706	536.311551271419148	1.943413e07	2	15.58411	0.870449	0.0	0.0	2353.24369999999999	2382.513100000000122
PEPTIDE	2363.496799999999894	536.31201171875	0.0	0	IQGLLTEAAR	2	R	T	q-value	MS-GF+_2026-09-01T17:45:52_7198454993515115019	NP_216992.1	478	487	-1
FEATURE	3111.816332660501303	635.309699180177063	1.941044e07	2	15.612475	0.857597	0.0	0.0	3095.667199999999866	3128.01090000000022
PEPTIDE	3097.079799999999977	635.310607910156023	0.0	0	AFYLDLQDER	2	K	L	q-value	MS-GF+_2026-09-01T17:45:52_7198454993515115019	NP_218376.1	207	216	-1
FEATURE	1990.356854983990161	617.831233734080684	1.940564e07	2	16.686337	0.898344	0.0	0.0	1976.569099999999935	2006.156199999999899
PEPTIDE	2007.014599999999973	617.830505371093977	4.934210526315789e-03	0	SVEFAEQIRR	2	R	D	q-value	MS-GF+_2026-09-01T17:45:52_7198454993515115019	NP_216043.1;NP_217456.1	1611;1611	1620;1620	-1
FEATURE	1562.197761751743656	999.445717142066656	1.935638e07	1	19.063665	0.88916	0.0	0.0	1542.11239999999998	1581.993199999999888
FEATURE	2357.04922072274303	562.309484259493047	1.925778e07	2	17.701693	0.894307	0.0	0.0	2339.105399999999918	2374.917500000000018
PEPTIDE	2338.802700000000186	562.309020996093977	0.0	0	LGPAEVGPDLR	2	R	L	q-value	MS-GF+_2026-09-01T17:45:52_7198454993515115019	YP_177855.1	454	464	-1
PEPTIDE	2369.31230000000005	562.309326171875	6.1652281134402e-04	0	LGPAEVGPDLR	2	R	L	q-value	MS-GF+_2026-09-01T17:45:52_7198454993515115019	YP_177855.1	454	464	-1
FEATURE	1415.319026055483846	597.790489788449236	1.925633e07	2	15.741314	0.860047	0.0	0.0	1398.835900000000038	1431.646400000000085
FEATURE	3879.805556112676641	503.187516676608936	1.924144e07	1	28.093273	0.866817	0.0	0.0	3851.120499999999993	3909.242900000000191
FEATURE	2246.153762265165824	878.442691055114892	1.922903e07	2	14.127976	0.870651	0.0	0.0	2232.35590000000002	2259.947299999999814
PEPTIDE	2235.28879999999981	878.442321777343977	0.0	0	LVQGGEAPTAASWGAANR	2	R	S	q-value	MS-GF+_2026-09-01T17:45:52_7198454993515115019	NP_216738.1	298	315	-1
FEATURE	2845.675919595903906	730.383984915944097	1.922381e07	1	27.140884	0.906522	0.0	0.0	2831.244999999999891	2860.205199999999877
FEATURE	1413.239972946791568	427.241667723820569	1.921989e07	3	17.90259	0.848138	0.0	0.0	1404.074000000000069	1431.646400000000085
FEATURE	1268.890901595478681	436.890090587113946	1.91713e07	3	8.246188	0.839111	0.0	0.0	1261.860799999999927	1274.345199999999977
FEATURE	3142.115132487437222	1041.986282489564701	1.913805e07	2	14.982897	0.902451	0.0	0.0	3127.077099999999973	3157.320700000000215
FEATURE	4651.587162111894941	732.54907606741358	1.913447e07	1	26.08198	0.898109	0.0	0.0	4641.434699999999793	4665.474699999999757
FEATURE	2299.398458088641291	624.335854551351758	1.909014e07	2	16.077812	0.902816	0.0	0.0	2285.175900000000183	2315.547399999999925
PEPTIDE	2285.717299999999796	624.335815429687955	0.0	0	LDQSPFVVQSK	2	R	Y	q-value	MS-GF+_2026-09-01T17:45:52_7198454993515115019	NP_217451.1	397	407	-1
FEATURE	1335.502282897456553	789.386848900632117	1.908418e07	3	13.329644	0.770119	0.0	0.0	1321.720299999999952	1346.943199999999933
PEPTIDE	1348.78449999999998	789.390625	6.1652281134402e-04	0	TAASPSPSRPQSSSNNSVPGAPNR	3	K	V	q-value	MS-GF+_2026-09-01T17:45:52_7198454993515115019	NP_215181.1	8	31	-1
FEATURE	2274.35067567770875	851.397401314518106	1.905962e07	2	15.482515	0.900373	0.0	0.0	2261.255700000000161	2289.994900000000143
PEPTIDE	2262.137700000000223	851.398986816406023	0.0	0	SAEQIQQEWDTNPR	2	K	W	q-value	MS-GF+_2026-09-01T17:45:52_7198454993515115019	YP_177728.1	8	21	-1
FEATURE	2642.314731717178802	1031.600155139492244	1.90082e07	1	14.127555	0.887973	0.0	0.0	2630.432499999999891	2657.128600000000006
FEATURE	1607.816462147111224	440.86553845591186	1.898091e07	3	21.869404	0.842324	0.0	0.0	1596.560699999999997	1624.744599999999991
FEATURE	2897.82956913615817	657.82164909277958	1.896178e07	2	14.200907	0.898612	0.0	0.0	2885.954999999999927	2912.643099999999777
PEPTIDE	2909.377700000000004	657.8203125	0.0	0	FATSDLNDLYR	2	R	R	q-value	MS-GF+_2026-09-01T17:45:52_7198454993515115019	NP_215182.1	334	344	-1
FEATURE	2194.554749096400428	596.769674553718346	1.888526e07	2	16.739351	0.880969	0.0	0.0	2180.904799999999796	2211.100399999999809
PEPTIDE	2192.465599999999995	596.768981933593977	0.0	0	DVAWPC(Carbamidomethyl)SETK	2	K	Y	q-value	MS-GF+_2026-09-01T17:45:52_7198454993515115019	NP_214725.1	192	201	-1
FEATURE	3386.73486152622263	582.328109098433629	1.877355e07	1	54.349327	0.880316	0.0	0.0	3347.221399999999903	3405.913100000000213
FEATURE	2542.33953778570185	570.824796191206474	1.877177e07	2	18.962395	0.741282	0.0	0.0	2527.498300000000199	2561.33159999999998
FEATURE	1870.325934435975569	561.798128831761346	1.87414e07	2	14.773152	0.834595	0.0	0.0	1857.904800000000023	1884.746200000000044
PEPTIDE	1858.43139999999994	561.797973632812045	0.0	0	GSQYAIAGTVR	2	R	G	q-value	MS-GF+_2026-09-01T17:45:52_7198454993515115019	NP_217040.1	1522	1532	-1
FEATURE	2200.242622397818195	511.269753784698935	1.869637e07	2	15.361549	0.861518	0.0	0.0	2185.387099999999919	2215.984699999999975
PEPTIDE	2185.938000000000102	511.268188476561988	0.0	0	AVIAESFER	2	R	I	q-value	MS-GF+_2026-09-01T17:45:52_7198454993515115019	NP_215991.1	838	846	-1
FEATURE	2869.510043435677744	616.266387151536378	1.86631e07	2	30.265276	0.892367	0.0	0.0	2847.264900000000125	2882.535600000000159
FEATURE	2653.214074689936297	670.850542063114403	1.863361e07	2	13.682187	0.850488	0.0	0.0	2640.184900000000198	2667.692900000000009
FEATURE	2512.73012909890258	735.328970303239771	1.862879e07	2	17.5989	0.894746	0.0	0.0	2494.059499999999844	2530.673200000000179
PEPTIDE	2501.422399999999925	735.322875976562045	6.77436164669099e-03	0	SPWGEM(Oxidation)FASTGQR	2	R	S	q-value	MS-GF+_2026-09-01T17:45:52_7198454993515115019	NP_217456.1	1995	2007	-1
FEATURE	2685.803073744921676	891.954870509894931	1.859146e07	2	15.926112	0.865773	0.0	0.0	2669.538100000000213	2701.825600000000122
FEATURE	1964.13416894220677	619.303896239898222	1.855249e07	2	14.13819	0.863604	0.0	0.0	1957.068500000000085	1978.61830000000009
PEPTIDE	1975.294200000000046	619.302124023437955	6.1652281134402e-04	0	YINQVADQMR	2	R	G	q-value	MS-GF+_2026-09-01T17:45:52_7198454993515115019	NP_214780.1	218	227	-1
FEATURE	2771.41468463936053	631.840562195099665	1.854619e07	2	16.550085	0.82826	0.0	0.0	2755.079499999999825	2788.407999999999902
FEATURE	1484.377176629159521	520.771754153511097	1.853379e07	2	29.303274	0.861887	0.0	0.0	1453.880499999999984	1514.211499999999887
PEPTIDE	1485.163099999999986	520.771423339843977	0.0	0	NDPTQQIPK	2	R	L	q-value	MS-GF+_2026-09-01T17:45:52_7198454993515115019	NP_216402.1	230	238	-1
PEPTIDE	1454.719399999999951	520.773010253906023	0.0	0	NDPTQQIPK	2	R	L	q-value	MS-GF+_2026-09-01T17:45:52_7198454993515115019	NP_216402.1	230	238	-1
FEATURE	3287.091294577845929	863.935580803110156	1.847117e07	2	19.433754	0.868391	0.0	0.0	3266.853399999999965	3306.821199999999863
FEATURE	3184.064604056560256	734.920287403782709	1.844178e07	2	16.228664	0.878573	0.0	0.0	3167.67450000000008	3200.194300000000112
PEPTIDE	3200.751999999999953	734.919372558593977	0.0	0	AQILASGVAMPAALR	2	K	A	q-value	MS-GF+_2026-09-01T17:45:52_7198454993515115019	NP_216757.3	732	746	-1
PEPTIDE	3169.465799999999945	734.921020507812045	0.0	0	AQILASGVAMPAALR	2	K	A	q-value	MS-GF+_2026-09-01T17:45:52_7198454993515115019	NP_216757.3	732	746	-1
FEATURE	2716.345878224190074	631.343427778255432	1.837971e07	2	16.153141	0.912769	0.0	0.0	2701.825600000000122	2733.032999999999902
PEPTIDE	2702.715799999999945	631.339721679687955	6.1652281134402e-04	0	SEGAPLFVVSQK	2	R	S	q-value	MS-GF+_2026-09-01T17:45:52_7198454993515115019	NP_217040.1	2896	2907	-1
FEATURE	1439.571363613680205	666.763135080609914	1.836134e07	2	17.701641	0.883571	0.0	0.0	1422.74389999999994	1456.165199999999913
FEATURE	2734.6545658854061	719.353823963236096	1.831612e07	2	14.100162	0.854765	0.0	0.0	2721.159099999999853	2749.509000000000015
PEPTIDE	2726.492000000000189	719.353393554687955	0.0	0	NQLLDDVSGGYTR	2	R	D	q-value	MS-GF+_2026-09-01T17:45:52_7198454993515115019	NP_215991.1	772	784	-1
FEATURE	2460.434964968209442	740.419229534843225	1.828342e07	2	15.823162	0.866421	0.0	0.0	2446.444899999999961	2476.941299999999956
PEPTIDE	2448.698199999999815	740.420227050781023	0.0	0	TQSGPAAVNGPVLIR	2	K	H	q-value	MS-GF+_2026-09-01T17:45:52_7198454993515115019	NP_216052.1	388	402	-1
FEATURE	4620.508891761463929	643.345200282610904	1.819925e07	1	5.524929	0.888713	0.0	0.0	4615.953700000000026	4625.565700000000106
FEATURE	1984.140263586445826	743.442582747288611	1.813891e07	1	23.997196	0.861882	0.0	0.0	1963.273799999999937	2009.392200000000003
FEATURE	2849.54871880842984	1212.555284000273105	1.803866e07	2	34.423683	0.851296	0.0	0.0	2846.456099999999879	2878.483200000000124
FEATURE	1828.21146864234197	566.792964457011408	1.80031e07	2	14.40927	0.874503	0.0	0.0	1818.527499999999918	1842.359500000000025
PEPTIDE	1832.945200000000114	566.793029785156023	0.0	0	VLTDAAINC(Carbamidomethyl)R	2	R	S	q-value	MS-GF+_2026-09-01T17:45:52_7198454993515115019	NP_215182.1	1231	1240	-1
FEATURE	1706.477704980610724	823.911994609976887	1.800251e07	2	16.910503	0.862755	0.0	0.0	1691.854900000000043	1723.20659999999998
PEPTIDE	1693.352499999999964	823.912109375	0.0	0	SNM(Oxidation)GHSTASAGTVGLIK	2	K	A	q-value	MS-GF+_2026-09-01T17:45:52_7198454993515115019	NP_217456.1	343	359	-1
PEPTIDE	1724.271400000000085	823.911499023437955	0.0	0	SNM(Oxidation)GHSTASAGTVGLIK	2	K	A	q-value	MS-GF+_2026-09-01T17:45:52_7198454993515115019	NP_217456.1	343	359	-1
FEATURE	3194.997933220641698	636.381347521646489	1.799622e07	1	20.375233	0.878263	0.0	0.0	3175.225100000000111	3216.505999999999858
FEATURE	2685.895778137184152	630.312991900501629	1.79518e07	1	36.481468	0.873781	0.0	0.0	2653.956299999999828	2724.594399999999951
FEATURE	4629.34605515093881	461.181534740266557	1.786168e07	1	16.297726	0.917865	0.0	0.0	4612.243599999999788	4639.653000000000247
FEATURE	2551.014006391059411	813.893392674532606	1.784452e07	2	15.467997	0.884333	0.0	0.0	2535.748700000000099	2567.037800000000061
PEPTIDE	2539.384500000000116	813.893371582031023	0.0	0	FGPYVTDGETNASLR	2	R	K	q-value	MS-GF+_2026-09-01T17:45:52_7198454993515115019	NP_218163.1	873	887	-1
FEATURE	2925.046136231337186	629.825863623155328	1.776245e07	2	31.697668	0.899776	0.0	0.0	2896.384900000000016	2955.777799999999843
FEATURE	1950.8928945543189	637.864642856172964	1.770829e07	2	14.82247	0.841469	0.0	0.0	1938.587299999999914	1966.501400000000103
PEPTIDE	1941.248700000000099	637.864685058593977	0.0	0	IHVEALGGHLTK	2	R	L	q-value	MS-GF+_2026-09-01T17:45:52_7198454993515115019	NP_217765.1	459	470	-1
FEATURE	2616.664410452885477	706.889060863075088	1.768022e07	2	19.135067	0.878353	0.0	0.0	2601.304900000000089	2635.9695999999999
PEPTIDE	2603.695000000000164	706.886901855468977	0.0	0	ALAAQC(Carbamidomethyl)PVAVISGR	2	R	D	q-value	MS-GF+_2026-09-01T17:45:52_7198454993515115019	YP_177855.1	313	326	-1
PEPTIDE	2635.38839999999982	706.887084960937955	0.0	0	ALAAQC(Carbamidomethyl)PVAVISGR	2	R	D	q-value	MS-GF+_2026-09-01T17:45:52_7198454993515115019	YP_177855.1	313	326	-1
FEATURE	2014.439847148418266	743.86917766513966	1.766542e07	2	41.99054	0.813904	0.0	0.0	1992.310799999999972	2042.607600000000048
PEPTIDE	2028.618199999999888	743.866271972656023	0.0	0	ASGPQDYANIPPTR	2	R	F	q-value	MS-GF+_2026-09-01T17:45:52_7198454993515115019	NP_218317.1	1047	1060	-1
PEPTIDE	1997.80210000000011	743.866088867187955	6.1652281134402e-04	0	ASGPQDYANIPPTR	2	R	F	q-value	MS-GF+_2026-09-01T17:45:52_7198454993515115019	NP_218317.1	1047	1060	-1
FEATURE	2445.557539986324173	613.2714344899872	1.755488e07	2	17.884295	0.882137	0.0	0.0	2429.748000000000047	2463.159900000000107
PEPTIDE	2460.171600000000126	613.269104003906023	0.0	0	DSGDDVSEFVR	2	R	K	q-value	MS-GF+_2026-09-01T17:45:52_7198454993515115019	NP_215411.1	282	292	-1
PEPTIDE	2429.46309999999994	613.270874023437955	6.1652281134402e-04	0	DSGDDVSEFVR	2	R	K	q-value	MS-GF+_2026-09-01T17:45:52_7198454993515115019	NP_215411.1	282	292	-1
FEATURE	3694.405738681214643	447.111121725786006	1.754644e07	1	75.006233	0.924125	0.0	0.0	3624.402900000000045	3758.895399999999881
FEATURE	1895.370530000021063	626.314622862694705	1.753222e07	2	14.438193	0.852938	0.0	0.0	1881.113200000000006	1909.423900000000003
PEPTIDE	1896.429300000000012	626.314819335937955	0.0	0	DEKVEYVDVR	2	K	F	q-value	MS-GF+_2026-09-01T17:45:52_7198454993515115019	NP_216736.1	14	23	-1
FEATURE	2002.870283845478298	477.928729893366892	1.743947e07	3	12.985781	0.808581	0.0	0.0	1990.556800000000067	2009.392200000000003
FEATURE	2306.171231871885993	894.421579714703285	1.740293e07	1	17.517796	0.893555	0.0	0.0	2289.994900000000143	2324.157999999999902
FEATURE	2685.373148865889107	593.843925505326979	1.731142e07	2	14.959319	0.876221	0.0	0.0	2669.538100000000213	2700.314100000000053
PEPTIDE	2672.11200000000008	593.843383789062045	6.1652281134402e-04	0	LIGGLSTIGAER	2	R	D	q-value	MS-GF+_2026-09-01T17:45:52_7198454993515115019	NP_217040.1	2249	2260	-1
FEATURE	2866.260825633219611	635.387837922881545	1.726202e07	1	18.573601	0.888145	0.0	0.0	2848.484300000000076	2885.954999999999927
FEATURE	2589.564987469464995	594.312251801780121	1.723501e07	2	16.924511	0.861818	0.0	0.0	2572.672500000000127	2607.039999999999964
FEATURE	1944.626177604212444	503.271918392528505	1.721914e07	2	17.322012	0.886376	0.0	0.0	1928.492299999999887	1962.053400000000011
PEPTIDE	1934.264200000000074	503.272094726561988	1.68255748738082e-03	0	TLADPAYVR	2	K	R	q-value	MS-GF+_2026-09-01T17:45:52_7198454993515115019	NP_217451.1	53	61	-1
FEATURE	2141.974471314092625	823.437533222271441	1.721569e07	2	14.805853	0.866677	0.0	0.0	2128.422300000000178	2156.584499999999935
PEPTIDE	2131.84960000000001	823.437683105468977	0.0	0	AAAEPAEAPTLAGHALR	2	K	F	q-value	MS-GF+_2026-09-01T17:45:52_7198454993515115019	NP_218317.1	559	575	-1
FEATURE	2836.867061687171372	600.3035370148026	1.712139e07	1	49.239857	0.880877	0.0	0.0	2803.005599999999959	2870.487599999999929
FEATURE	1906.232071074215583	402.233325699615193	1.709219e07	1	28.471815	0.880836	0.0	0.0	1887.522200000000112	1933.723799999999983
FEATURE	3424.913146097252138	425.132376227376085	1.707952e07	1	34.311924	0.865869	0.0	0.0	3394.858999999999924	3460.57340000000022
FEATURE	2382.042609925199486	415.260896889324499	1.703488e07	2	18.19907	0.853271	0.0	0.0	2362.954000000000178	2400.366500000000087
FEATURE	2033.618666181078424	477.790294137976957	1.703464e07	2	14.981686	0.859092	0.0	0.0	2018.779399999999896	2047.83809999999994
FEATURE	4235.5391939927149	492.218786905718446	1.700682e07	1	27.780161	0.897094	0.0	0.0	4206.384799999999814	4264.664700000000266
FEATURE	3086.322397030487537	740.465633293594919	1.695203e07	1	18.320375	0.882521	0.0	0.0	3067.793900000000122	3104.324700000000121
FEATURE	2074.888870928373763	862.903760747646516	1.686712e07	2	14.420104	0.848126	0.0	0.0	2061.532900000000154	2088.324799999999868
PEPTIDE	2065.137000000000171	862.903625488281023	6.1652281134402e-04	0	IDDVAAAPEQTTDPGPGA	2	R	]	q-value	MS-GF+_2026-09-01T17:45:52_7198454993515115019	NP_216757.3	883	900	-1
FEATURE	4453.523444304484656	394.279881454060444	1.683451e07	1	27.386742	0.926845	0.0	0.0	4425.542999999999665	4482.335100000000239
FEATURE	3387.656194044484437	775.069581742165724	1.67728e07	1	25.587585	0.852735	0.0	0.0	3363.288700000000063	3402.253099999999904
FEATURE	2695.637141130647251	727.897321580040625	1.671332e07	2	14.782449	0.864483	0.0	0.0	2680.443699999999808	2710.939899999999852
PEPTIDE	2684.390400000000227	727.897827148437955	0.0	0	IAEDVGVTPIDAVR	2	R	T	q-value	MS-GF+_2026-09-01T17:45:52_7198454993515115019	NP_216992.1	1360	1373	-1
FEATURE	2233.527214214052492	577.287535838838153	1.670107e07	2	22.281099	0.889856	0.0	0.0	2217.5945999999999	2254.483200000000124
PEPTIDE	2215.713999999999942	577.285278320312045	0.0	0	M(Oxidation)FLVDTAQGR	2	R	I	q-value	MS-GF+_2026-09-01T17:45:52_7198454993515115019	NP_218376.1	409	418	-1
PEPTIDE	2246.386500000000069	577.285827636718977	0.0	0	M(Oxidation)FLVDTAQGR	2	R	I	q-value	MS-GF+_2026-09-01T17:45:52_7198454993515115019	NP_218376.1	409	418	-1
FEATURE	2088.255434550201699	537.764330622073317	1.668193e07	2	15.093143	0.852628	0.0	0.0	2079.17489999999998	2103.79300000000012
FEATURE	2249.916285735658221	612.814883320647596	1.665883e07	2	15.577228	0.883308	0.0	0.0	2237.389000000000124	2263.976799999999912
PEPTIDE	2257.109399999999823	612.814697265625	0.0	0	SLISEGGGVYSR	2	R	E	q-value	MS-GF+_2026-09-01T17:45:52_7198454993515115019	NP_216992.1	1047	1058	-1
FEATURE	3674.524528467763503	619.344479907461846	1.662747e07	1	55.740746	0.836022	0.0	0.0	3626.264799999999923	3712.695299999999861
FEATURE	2804.982411380636677	694.863925368438345	1.655809e07	2	14.258829	0.860266	0.0	0.0	2790.280799999999999	2819.874699999999848
PEPTIDE	2795.127700000000004	694.862487792968977	0.0	0	ALGWTSEQIVER	2	K	F	q-value	MS-GF+_2026-09-01T17:45:52_7198454993515115019	NP_215181.1	233	244	-1
FEATURE	3648.806019191544237	470.789553013358784	1.654729e07	2	17.993713	0.851086	0.0	0.0	3630.193099999999959	3667.693000000000211
PEPTIDE	3628.970499999999902	470.789886474608977	5.82627118644068e-03	0	DLLPLLEK	2	K	V	q-value	MS-GF+_2026-09-01T17:45:52_7198454993515115019	NP_214954.1	229	236	-1
FEATURE	3312.331896003385282	764.904065432476841	1.651822e07	2	16.557318	0.871214	0.0	0.0	3295.461800000000039	3329.693000000000211
PEPTIDE	3298.098599999999806	764.904113769531023	0.0	0	VSEGGAGLAAALEEVR	2	R	G	q-value	MS-GF+_2026-09-01T17:45:52_7198454993515115019	NP_218376.1	600	615	-1
FEATURE	2392.332782988142299	593.32444979056379	1.651292e07	2	15.809486	0.867154	0.0	0.0	2376.974099999999908	2407.402700000000095
PEPTIDE	2379.51760000000013	593.322875976562045	6.1652281134402e-04	0	C(Carbamidomethyl)LGSAVNPVLR	2	R	Q	q-value	MS-GF+_2026-09-01T17:45:52_7198454993515115019	NP_214580.1	130	140	-1
FEATURE	2536.315275145094347	443.773973760000274	1.650821e07	2	17.936443	0.876116	0.0	0.0	2530.673200000000179	2554.760499999999865
PEPTIDE	2551.799599999999828	443.774597167968977	6.1652281134402e-04	0	YLGPLVPK	2	R	Q	q-value	MS-GF+_2026-09-01T17:45:52_7198454993515115019	NP_216424.1	425	432	-1
FEATURE	1870.289613253924699	713.352423199721443	1.646554e07	2	14.048203	0.857041	0.0	0.0	1855.527700000000095	1884.746200000000044
FEATURE	2705.51048823225301	861.979796440649011	1.637819e07	2	15.515217	0.916568	0.0	0.0	2689.158199999999852	2721.159099999999853
PEPTIDE	2690.947000000000116	861.985717773437955	0.0	0	VVADLTPQNQALLNAR	2	K	D	q-value	MS-GF+_2026-09-01T17:45:52_7198454993515115019	NP_216353.1	41	56	-1
FEATURE	2043.804324830687847	508.77212612854521	1.626681e07	2	16.594423	0.872739	0.0	0.0	2026.368999999999915	2060.513100000000122
FEATURE	1628.169709138144754	855.857941978921303	1.626208e07	2	15.379211	0.877934	0.0	0.0	1612.426099999999906	1643.713400000000092
FEATURE	3935.299985473089237	367.269244610983947	1.625442e07	1	85.100616	0.909218	0.0	0.0	3864.823499999999967	4013.413199999999961
FEATURE	1707.308675139870502	411.241794765914733	1.617858e07	2	20.480883	0.862327	0.0	0.0	1687.248399999999947	1729.018900000000031
PEPTIDE	1691.588500000000067	411.241790771483977	6.1652281134402e-04	0	VYEAIVK	2	K	G	q-value	MS-GF+_2026-09-01T17:45:52_7198454993515115019	NP_215181.1	1095	1101	-1
PEPTIDE	1722.68080000000009	411.241485595703011	1.68255748738082e-03	0	VYEAIVK	2	K	G	q-value	MS-GF+_2026-09-01T17:45:52_7198454993515115019	NP_215181.1	1095	1101	-1
FEATURE	2797.895870986727914	832.92151611756492	1.615981e07	2	22.595415	0.903188	0.0	0.0	2775.163100000000213	2821.022599999999784
PEPTIDE	2807.454000000000178	832.922790527343977	0.0	0	STGPYSMITQQPLGGK	2	R	A	q-value	MS-GF+_2026-09-01T17:45:52_7198454993515115019	NP_215181.1	1038	1053	-1
PEPTIDE	2776.827400000000125	832.923522949218977	0.0	0	STGPYSMITQQPLGGK	2	R	A	q-value	MS-GF+_2026-09-01T17:45:52_7198454993515115019	NP_215181.1	1038	1053	-1
FEATURE	2154.171074480615516	446.259713228460043	1.614432e07	1	20.49403	0.862772	0.0	0.0	2138.721399999999903	2175.412800000000061
FEATURE	2444.772936637559269	706.831335916498347	1.608088e07	2	19.456343	0.870963	0.0	0.0	2426.707800000000134	2464.818000000000211
PEPTIDE	2432.338999999999942	706.82861328125	0.0	0	LPADTPM(Oxidation)YGFER	2	R	V	q-value	MS-GF+_2026-09-01T17:45:52_7198454993515115019	NP_218317.1	1490	1501	-1
FEATURE	3112.849233218454629	734.876257724842617	1.606463e07	2	14.760134	0.817868	0.0	0.0	3097.42450000000008	3128.01090000000022
PEPTIDE	3131.219000000000051	734.876403808593977	0.0	0	TYLEAGQIDGFVR	2	R	T	q-value	MS-GF+_2026-09-01T17:45:52_7198454993515115019	NP_218317.1	1444	1456	-1
PEPTIDE	3100.31860000000006	734.875610351562045	0.0	0	TYLEAGQIDGFVR	2	R	T	q-value	MS-GF+_2026-09-01T17:45:52_7198454993515115019	NP_218317.1	1444	1456	-1
FEATURE	2319.628847540626794	422.737803997156163	1.606199e07	2	16.244423	0.853232	0.0	0.0	2303.118399999999838	2336.830800000000181
PEPTIDE	2306.298600000000079	422.738311767578011	1.68255748738082e-03	0	GAGWNVIK	2	R	V	q-value	MS-GF+_2026-09-01T17:45:52_7198454993515115019	NP_216757.3	284	291	-1
FEATURE	3474.580391557978146	362.253892166422588	1.602771e07	1	29.358711	0.908594	0.0	0.0	3449.809400000000096	3504.852899999999863
FEATURE	4610.479184223728225	517.215151109056137	1.59753e07	1	5.324738	0.873629	0.0	0.0	4605.194900000000416	4615.953700000000026
FEATURE	3840.802312175037514	691.23813891029215	1.595771e07	1	30.019243	0.875157	0.0	0.0	3810.242900000000191	3872.333200000000034
FEATURE	3474.428270649731985	909.992127585872822	1.584893e07	2	15.814405	0.892347	0.0	0.0	3458.463200000000143	3490.08620000000019
PEPTIDE	3490.619599999999991	909.991821289062045	0.0	0	LVPGYEAPINLVYSQR	2	R	N	q-value	MS-GF+_2026-09-01T17:45:52_7198454993515115019	NP_216736.1	329	344	-1
PEPTIDE	3460.21120000000019	909.995483398437955	0.0	0	LVPGYEAPINLVYSQR	2	R	N	q-value	MS-GF+_2026-09-01T17:45:52_7198454993515115019	NP_216736.1	329	344	-1
FEATURE	3039.685723442247763	740.888281609686146	1.58395e07	2	14.586537	0.877689	0.0	0.0	3024.472699999999804	3054.514900000000125
PEPTIDE	3038.387700000000223	740.887084960937955	0.0	0	SSITYIDGDAGILR	2	K	Y	q-value	MS-GF+_2026-09-01T17:45:52_7198454993515115019	NP_215411.1	56	69	-1
FEATURE	3046.816448330381718	415.212174288556469	1.579617e07	1	42.596443	0.865172	0.0	0.0	3034.342200000000048	3086.04320000000007
FEATURE	2163.538953883581144	436.224616135473468	1.574854e07	2	25.79636	0.849737	0.0	0.0	2140.065500000000156	2187.063599999999951
FEATURE	1648.382901369047659	971.525995541848829	1.574627e07	1	18.723711	0.83873	0.0	0.0	1631.665899999999965	1668.248100000000022
FEATURE	1857.330828277445789	552.264209897094815	1.573282e07	2	23.363091	0.862063	0.0	0.0	1841.598799999999983	1878.986799999999903
FEATURE	2101.181487127977107	448.78733812767382	1.572191e07	2	18.590809	0.860781	0.0	0.0	2084.911599999999908	2120.725300000000061
PEPTIDE	2088.823699999999917	448.786987304688012	5.353319057815841e-03	0	ELLPLRR	2	R	A	q-value	MS-GF+_2026-09-01T17:45:52_7198454993515115019	NP_215649.1	610	616	-1
FEATURE	2221.826967996261374	768.879203124561514	1.569033e07	2	13.914265	0.860801	0.0	0.0	2210.273200000000088	2235.919600000000173
PEPTIDE	2212.438000000000102	768.879577636718977	0.0	0	TDSTTLSESAINAAR	2	R	T	q-value	MS-GF+_2026-09-01T17:45:52_7198454993515115019	NP_218163.1	344	358	-1
FEATURE	2300.808137481108588	462.734362351902007	1.554306e07	2	15.225429	0.843844	0.0	0.0	2285.175900000000183	2315.547399999999925
PEPTIDE	2288.175000000000182	462.734405517578011	6.1652281134402e-04	0	DVVAAYMR	2	R	H	q-value	MS-GF+_2026-09-01T17:45:52_7198454993515115019	NP_214780.1	901	908	-1
FEATURE	2094.948611359549886	743.442263364293808	1.551719e07	1	21.037592	0.881514	0.0	0.0	2079.17489999999998	2116.139799999999923
FEATURE	2361.397073232411003	428.713650937557304	1.549343e07	2	15.074845	0.893326	0.0	0.0	2345.595200000000205	2376.974099999999908
PEPTIDE	2347.352499999999964	428.713592529296989	6.1652281134402e-04	0	NYADVFK	2	R	G	q-value	MS-GF+_2026-09-01T17:45:52_7198454993515115019	NP_215991.1	653	659	-1
FEATURE	1852.916777890230378	542.752618054424488	1.54368e07	2	15.646574	0.858154	0.0	0.0	1843.618600000000015	1868.813599999999951
FEATURE	2276.127433656292396	538.754736081826081	1.539487e07	2	18.93313	0.846038	0.0	0.0	2265.831900000000132	2294.980599999999868
FEATURE	2225.50175829366799	556.290527272769509	1.53885e07	2	13.665941	0.865538	0.0	0.0	2211.100399999999809	2238.931799999999839
FEATURE	2344.557342809429429	594.27091942585821	1.538316e07	1	22.484192	0.898101	0.0	0.0	2324.157999999999902	2367.085300000000188
FEATURE	2005.687086640493817	702.823951342449391	1.537862e07	2	14.177121	0.817135	0.0	0.0	1992.310799999999972	2020.069700000000012
PEPTIDE	1997.533400000000029	702.823425292968977	0.0	0	AFDQIDNAPEER	2	K	Q	q-value	MS-GF+_2026-09-01T17:45:52_7198454993515115019	NP_215199.1	47	58	-1
FEATURE	2672.459999918912217	486.287680072569287	1.537382e07	2	18.467672	0.889077	0.0	0.0	2654.994700000000194	2691.882599999999911
PEPTIDE	2688.359599999999773	486.28759765625	6.1652281134402e-04	0	YIPNLVPR	2	R	L	q-value	MS-GF+_2026-09-01T17:45:52_7198454993515115019	NP_217040.1	1597	1604	-1
PEPTIDE	2657.68100000000004	486.287994384766023	8.803728638011389e-03	0	YIPNLVPR	2	R	L	q-value	MS-GF+_2026-09-01T17:45:52_7198454993515115019	NP_217040.1	1597	1604	-1
FEATURE	2603.274492245144756	742.918445469111134	1.535202e07	2	14.975436	0.895837	0.0	0.0	2588.123000000000047	2617.267699999999877
PEPTIDE	2590.390899999999874	742.916320800781023	0.0	0	AQILASGVAM(Oxidation)PAALR	2	K	A	q-value	MS-GF+_2026-09-01T17:45:52_7198454993515115019	NP_216757.3	732	746	-1
FEATURE	1957.716224203927141	619.324729762186848	1.531111e07	2	13.825377	0.899877	0.0	0.0	1944.185600000000022	1965.703099999999949
FEATURE	1901.074342886104432	578.271453494569073	1.53085e07	2	21.644947	0.881601	0.0	0.0	1883.293499999999995	1922.141200000000026
FEATURE	3837.246391568232866	742.33057008809908	1.524288e07	1	19.808561	0.8997	0.0	0.0	3816.774800000000141	3857.951900000000023
FEATURE	2500.968864170799407	908.940112544605427	1.519406e07	2	19.358194	0.842803	0.0	0.0	2484.647699999999986	2519.626600000000053
PEPTIDE	2519.279500000000098	908.940185546875	0.0	0	LDASVSDPDAAPPTFSAR	2	K	L	q-value	MS-GF+_2026-09-01T17:45:52_7198454993515115019	NP_218163.1	224	241	-1
PEPTIDE	2488.013699999999972	908.939697265625	0.0	0	LDASVSDPDAAPPTFSAR	2	K	L	q-value	MS-GF+_2026-09-01T17:45:52_7198454993515115019	NP_218163.1	224	241	-1
FEATURE	1819.864135340976873	556.801356386580892	1.516058e07	2	19.585737	0.890008	0.0	0.0	1800.531099999999924	1835.779600000000073
FEATURE	2414.9849383598239	554.803474136687896	1.51452e07	2	16.43107	0.885563	0.0	0.0	2398.61239999999998	2431.603000000000066
PEPTIDE	2401.637200000000121	554.803100585937955	0.0	0	LSDVAYTLAR	2	R	R	q-value	MS-GF+_2026-09-01T17:45:52_7198454993515115019	NP_217451.1	486	495	-1
PEPTIDE	2432.61180000000013	554.805480957031023	0.0	0	LSDVAYTLAR	2	R	R	q-value	MS-GF+_2026-09-01T17:45:52_7198454993515115019	NP_217451.1	486	495	-1
FEATURE	1905.739654772977247	656.445441181534989	1.510245e07	1	20.700111	0.880649	0.0	0.0	1887.522200000000112	1926.363499999999931
FEATURE	1560.775661235002872	444.742950012953372	1.50782e07	2	11.812024	0.83205	0.0	0.0	1548.39689999999996	1570.367199999999912
PEPTIDE	1558.773999999999887	444.742492675781023	6.1652281134402e-04	0	LGAEEITR	2	K	D	q-value	MS-GF+_2026-09-01T17:45:52_7198454993515115019	NP_215181.1	757	764	-1
FEATURE	3387.969106544250735	792.095600365090036	1.505063e07	1	26.150837	0.847955	0.0	0.0	3363.288700000000063	3403.173099999999977
FEATURE	2620.830394105450523	542.785913114508048	1.498155e07	2	16.009754	0.859468	0.0	0.0	2607.039999999999964	2637.186099999999897
PEPTIDE	2623.856699999999819	542.785278320312045	6.1652281134402e-04	0	DADPDLIIGR	2	R	Y	q-value	MS-GF+_2026-09-01T17:45:52_7198454993515115019	NP_217040.1	1587	1596	-1
FEATURE	1825.52639478027254	553.334497809033792	1.494005e07	2	15.10411	0.884135	0.0	0.0	1812.016900000000078	1837.153700000000072
PEPTIDE	1814.880499999999984	553.335327148437955	0.0	0	TGSIYIVKPK	2	R	M	q-value	MS-GF+_2026-09-01T17:45:52_7198454993515115019	NP_216353.1	389	398	-1
FEATURE	2581.68279280390243	575.299248078853907	1.492236e07	2	14.189764	0.884264	0.0	0.0	2567.037800000000061	2595.883800000000065
PEPTIDE	2568.579600000000028	575.298217773437955	0.0	0	LTAEQLDGFR	2	R	Q	q-value	MS-GF+_2026-09-01T17:45:52_7198454993515115019	NP_216757.3	155	164	-1
FEATURE	1751.392299140834211	702.385338122515577	1.491321e07	2	17.812075	0.819805	0.0	0.0	1735.092000000000098	1769.542599999999993
PEPTIDE	1740.758800000000065	702.384826660156023	0.0	0	ALHSVGAPLEPGQK	2	K	D	q-value	MS-GF+_2026-09-01T17:45:52_7198454993515115019	NP_214725.1	178	191	-1
FEATURE	2208.005301315632096	973.532734300286393	1.4837e07	1	14.564069	0.906532	0.0	0.0	2197.328700000000026	2222.394200000000183
FEATURE	1717.076856252774633	446.231991977521034	1.472447e07	2	21.919046	0.857449	0.0	0.0	1696.698599999999942	1735.092000000000098
PEPTIDE	1710.377099999999928	446.232208251953011	6.1652281134402e-04	0	VDPIYER	2	R	I	q-value	MS-GF+_2026-09-01T17:45:52_7198454993515115019	NP_216424.1	385	391	-1
FEATURE	2167.390160337622092	425.774877266126964	1.469919e07	2	28.112144	0.813787	0.0	0.0	2152.662899999999809	2196.031100000000151
FEATURE	1892.994377365374248	502.775862001048722	1.469129e07	2	25.698011	0.864163	0.0	0.0	1867.335499999999911	1917.977799999999888
PEPTIDE	1901.143299999999954	502.776214599608977	6.1652281134402e-04	0	GM(Oxidation)LTTPQLK	2	K	A	q-value	MS-GF+_2026-09-01T17:45:52_7198454993515115019	NP_218376.1	198	206	-1
PEPTIDE	1870.999900000000025	502.775695800781023	1.68255748738082e-03	0	GM(Oxidation)LTTPQLK	2	K	A	q-value	MS-GF+_2026-09-01T17:45:52_7198454993515115019	NP_218376.1	198	206	-1
FEATURE	2568.095299634757794	629.356623169417958	1.468353e07	2	14.477085	0.891677	0.0	0.0	2554.760499999999865	2583.455899999999929
PEPTIDE	2581.112999999999829	629.357116699218977	6.27943485086342e-03	0	LGVAADDVAVISK	2	K	H	q-value	MS-GF+_2026-09-01T17:45:52_7198454993515115019	NP_217040.1	2858	2870	-1
FEATURE	1732.59671389647292	496.243827228692624	1.466345e07	2	19.793236	0.834586	0.0	0.0	1713.128999999999905	1752.279500000000098
PEPTIDE	1722.430200000000013	496.243804931641023	0.0	0	ALMGANMQR	2	R	Q	q-value	MS-GF+_2026-09-01T17:45:52_7198454993515115019	NP_215181.1	598	606	-1
FEATURE	4568.541063109346396	674.031140981168278	1.465866e07	1	26.61298	0.824968	0.0	0.0	4549.534899999999652	4590.982899999999972
FEATURE	3181.05774298742972	520.275743795208086	1.464878e07	1	35.150944	0.88323	0.0	0.0	3151.676399999999831	3183.744799999999941
FEATURE	3157.479061786923921	483.09751187050631	1.459536e07	1	21.256226	0.818479	0.0	0.0	3141.126099999999951	3179.291099999999915
FEATURE	2364.315388459204769	371.227550475741737	1.457122e07	1	22.71133	0.874983	0.0	0.0	2340.882999999999811	2388.192500000000109
FEATURE	2249.345819703196412	679.323471546691621	1.452858e07	1	18.864332	0.918594	0.0	0.0	2230.919600000000173	2265.065999999999804
FEATURE	1957.513009477031574	466.276484535914108	1.4516e07	2	16.908869	0.863078	0.0	0.0	1939.637300000000096	1974.515499999999975
FEATURE	4577.466130227950089	478.207932477146414	1.449204e07	1	17.056427	0.818206	0.0	0.0	4570.574800000000323	4595.3729000000003
FEATURE	2263.893897082403782	1179.604018367794197	1.446577e07	1	13.619968	0.869328	0.0	0.0	2253.397199999999884	2275.350199999999859
FEATURE	2847.496459502283869	797.383821482152371	1.44609e07	2	15.14528	0.864083	0.0	0.0	2835.604899999999816	2862.943000000000211
PEPTIDE	2838.771699999999783	797.382629394531023	0.0	0	TDAATLAQEAGNFER	2	K	I	q-value	MS-GF+_2026-09-01T17:45:52_7198454993515115019	NP_218391.1	5	19	-1
FEATURE	2654.612091435024922	570.823024056734653	1.444851e07	2	14.263999	0.829217	0.0	0.0	2639.48700000000008	2669.538100000000213
FEATURE	3179.155118012440653	452.2584885759087	1.436092e07	2	16.530443	0.869187	0.0	0.0	3162.04950000000008	3196.248500000000149
PEPTIDE	3163.836699999999837	452.258087158203011	5.353319057815841e-03	0	GVPVFAWK	2	K	G	q-value	MS-GF+_2026-09-01T17:45:52_7198454993515115019	NP_217765.1	118	125	-1
FEATURE	3054.894802016845915	708.876451029597433	1.434569e07	2	28.084776	0.887526	0.0	0.0	3025.318099999999959	3082.044800000000123
FEATURE	3274.157693380341698	469.327828307562982	1.431669e07	1	19.239571	0.918721	0.0	0.0	3255.776400000000194	3294.319700000000012
FEATURE	2381.03332116627962	520.247598836010525	1.428956e07	2	17.490953	0.87308	0.0	0.0	2368.802599999999984	2398.61239999999998
PEPTIDE	2366.514999999999873	520.247314453125	0.0	0	AIGVDDYMR	2	K	T	q-value	MS-GF+_2026-09-01T17:45:52_7198454993515115019	NP_214976.1	289	297	-1
PEPTIDE	2397.734899999999925	520.248229980468977	1.21580547112462e-03	0	AIGVDDYMR	2	K	T	q-value	MS-GF+_2026-09-01T17:45:52_7198454993515115019	NP_214976.1	289	297	-1
FEATURE	1561.099948751244256	568.263771219658111	1.426222e07	2	14.486741	0.872168	0.0	0.0	1546.722999999999956	1573.141599999999926
PEPTIDE	1566.027599999999893	568.264526367187955	0.0	0	WVDQGVGC(Carbamidomethyl)SK	2	R	V	q-value	MS-GF+_2026-09-01T17:45:52_7198454993515115019	NP_216353.1	611	620	-1
FEATURE	2831.110676144899116	488.286924474461557	1.421874e07	1	46.524136	0.909385	0.0	0.0	2790.280799999999999	2840.845200000000205
FEATURE	3249.611919014834712	506.297823886389551	1.420335e07	1	19.199547	0.881895	0.0	0.0	3229.284099999999853	3269.909700000000157
FEATURE	1534.932180242607728	536.790334415124903	1.419388e07	2	17.714516	0.893815	0.0	0.0	1524.280899999999974	1552.947899999999891
PEPTIDE	1525.932099999999991	536.790588378906023	0.0	0	ALLANGEAGTR	2	R	V	q-value	MS-GF+_2026-09-01T17:45:52_7198454993515115019	NP_214780.1	50	60	-1
FEATURE	2766.406175767302102	740.303551011140144	1.410172e07	2	16.378016	0.860443	0.0	0.0	2752.716499999999996	2782.581499999999778
FEATURE	2857.339057981964743	698.83557425107324	1.407068e07	2	19.068092	0.858439	0.0	0.0	2845.583200000000034	2876.898299999999836
PEPTIDE	2849.015400000000227	698.835571289062045	0.0	0	LPADTPMYGFER	2	R	V	q-value	MS-GF+_2026-09-01T17:45:52_7198454993515115019	NP_218317.1	1490	1501	-1
FEATURE	2801.410254673314284	555.814436914121416	1.40454e07	2	23.080496	0.907408	0.0	0.0	2780.63779999999997	2819.874699999999848
PEPTIDE	2785.137200000000121	555.813781738281023	0.0	0	LPTIAAYAYK	2	K	K	q-value	MS-GF+_2026-09-01T17:45:52_7198454993515115019	NP_215411.1	170	179	-1
PEPTIDE	2815.330300000000079	555.815673828125	0.0	0	LPTIAAYAYK	2	K	K	q-value	MS-GF+_2026-09-01T17:45:52_7198454993515115019	NP_215411.1	170	179	-1
FEATURE	2912.194273451040772	1109.492595130683412	1.403105e07	2	23.321453	0.85485	0.0	0.0	2895.193400000000111	2936.347200000000157
PEPTIDE	2903.716800000000148	1109.494506835940001	0.0	0	IIEGEPETDLAGDDAEDWSR	2	R	T	q-value	MS-GF+_2026-09-01T17:45:52_7198454993515115019	NP_218317.1	90	109	-1
FEATURE	2860.939017974443232	681.696987903844615	1.401973e07	3	17.443218	0.866324	0.0	0.0	2848.484300000000076	2878.483200000000124
FEATURE	1707.011581142343402	549.610218201172984	1.3999e07	3	19.318554	0.805914	0.0	0.0	1692.804900000000089	1726.11220000000003
PEPTIDE	1696.070699999999988	549.610473632812045	4.3956043956044e-03	0	SNM(Oxidation)GHSTASAGTVGLIK	3	K	A	q-value	MS-GF+_2026-09-01T17:45:52_7198454993515115019	NP_217456.1	343	359	-1
FEATURE	4570.067117992249223	488.224632872777818	1.395969e07	1	6.814316	0.845244	0.0	0.0	4563.523000000000138	4576.887399999999616
FEATURE	3183.015112570571091	646.307925370567773	1.395081e07	1	28.66917	0.898892	0.0	0.0	3181.478000000000066	3213.059099999999944
FEATURE	1938.276072032947923	474.284340568687696	1.389938e07	3	16.41926	0.78596	0.0	0.0	1926.363499999999931	1950.537900000000036
FEATURE	1935.253949734815023	389.216275473126586	1.388986e07	2	16.093061	0.852348	0.0	0.0	1919.442099999999982	1951.919100000000071
FEATURE	3978.713924267818584	691.238298415587337	1.388927e07	1	29.877886	0.900338	0.0	0.0	3949.742999999999938	4009.652900000000045
FEATURE	1750.128439504139578	389.71378720033465	1.388862e07	2	17.015419	0.847265	0.0	0.0	1732.556900000000042	1757.965099999999893
PEPTIDE	1762.202999999999975	389.713195800781023	6.1652281134402e-04	0	GTFANIR	2	R	L	q-value	MS-GF+_2026-09-01T17:45:52_7198454993515115019	NP_215991.1	763	769	-1
FEATURE	3979.821931316030259	675.263943854211448	1.386714e07	1	30.013922	0.907204	0.0	0.0	3949.742999999999938	4011.534799999999905
FEATURE	2346.246178385108124	695.391337235009132	1.384547e07	2	23.70088	0.781205	0.0	0.0	2330.477199999999812	2370.427599999999984
PEPTIDE	2346.180199999999786	695.391174316406023	0.0	0	AQAPLVPGTPDPVK	2	R	G	q-value	MS-GF+_2026-09-01T17:45:52_7198454993515115019	NP_217802.1	135	148	-1
FEATURE	3422.854590111221569	790.373209824269111	1.381132e07	1	20.810673	0.886514	0.0	0.0	3402.253099999999904	3444.260499999999865
FEATURE	2179.584825009415908	412.222683707259762	1.380647e07	2	19.448006	0.851965	0.0	0.0	2162.519200000000183	2198.133499999999913
PEPTIDE	2196.823199999999815	412.222106933593977	6.1652281134402e-04	0	TVTFMPK	2	K	P	q-value	MS-GF+_2026-09-01T17:45:52_7198454993515115019	NP_216736.1	258	264	-1
PEPTIDE	2166.286000000000058	412.223114013671989	6.1652281134402e-04	0	TVTFMPK	2	K	P	q-value	MS-GF+_2026-09-01T17:45:52_7198454993515115019	NP_216736.1	258	264	-1
FEATURE	4062.918293144858126	651.861431187262383	1.379896e07	2	14.446429	0.860226	0.0	0.0	4048.682800000000043	4078.172999999999774
FEATURE	3045.591965223889019	718.34185383723684	1.378883e07	1	36.506439	0.875436	0.0	0.0	3009.291499999999814	3081.339899999999943
FEATURE	2355.532275085840865	490.285977209380121	1.377975e07	1	18.514416	0.876953	0.0	0.0	2341.742299999999887	2374.917500000000018
FEATURE	1805.77286025576359	372.230405082766481	1.372714e07	2	13.502344	0.759067	0.0	0.0	1791.806100000000015	1800.531099999999924
FEATURE	1712.625814309442149	472.761427014600372	1.367253e07	2	20.862371	0.842977	0.0	0.0	1693.671100000000024	1733.674999999999955
PEPTIDE	1697.479499999999916	472.760589599608977	0.0	0	AVVDLGSQR	2	R	Q	q-value	MS-GF+_2026-09-01T17:45:52_7198454993515115019	NP_216992.1	378	386	-1
FEATURE	1801.211242650142367	803.488278372536797	1.366965e07	1	19.5453	0.874682	0.0	0.0	1783.561999999999898	1821.554799999999887
FEATURE	1919.564580409524979	807.899217499360475	1.366945e07	2	13.031001	0.875286	0.0	0.0	1907.415199999999913	1932.184600000000046
PEPTIDE	1910.700399999999945	807.897888183593977	0.0	0	TNVGHLESAAGAASMAK	2	K	V	q-value	MS-GF+_2026-09-01T17:45:52_7198454993515115019	NP_218317.1	458	474	-1
FEATURE	2445.555174571761654	525.288645125401786	1.366253e07	1	19.017157	0.81696	0.0	0.0	2430.673200000000179	2464.818000000000211
FEATURE	2769.43491687595133	508.231649642198875	1.362581e07	2	17.003937	0.878977	0.0	0.0	2753.522599999999784	2786.038500000000113
PEPTIDE	2764.275399999999991	508.232391357421989	0.0	0	MGDDGFFVK	2	K	A	q-value	MS-GF+_2026-09-01T17:45:52_7198454993515115019	NP_214725.1	169	177	-1
FEATURE	2301.533780130963351	739.86917114536675	1.362128e07	2	14.253632	0.881052	0.0	0.0	2287.331499999999778	2315.547399999999925
PEPTIDE	2292.444800000000214	739.865783691406023	0.0	0	QLYGDEYVAPAPR	2	R	Q	q-value	MS-GF+_2026-09-01T17:45:52_7198454993515115019	NP_218163.1	363	375	-1
FEATURE	2906.97408394311924	714.890111938526616	1.35527e07	2	15.280209	0.858048	0.0	0.0	2893.509199999999964	2922.759700000000066
PEPTIDE	2895.772500000000036	714.886413574218977	0.0	0	QEITEVIALQER	2	R	L	q-value	MS-GF+_2026-09-01T17:45:52_7198454993515115019	NP_215649.1	468	479	-1
FEATURE	1804.566235341032098	670.352610425654575	1.348852e07	2	14.320355	0.860334	0.0	0.0	1791.806100000000015	1819.621900000000096
FEATURE	2403.022174222239755	673.880288397317145	1.344395e07	2	15.103619	0.852658	0.0	0.0	2387.072299999999814	2418.51319999999987
PEPTIDE	2402.542199999999866	673.880798339843977	0.0	0	LLDGGATVIATTSK	2	R	L	q-value	MS-GF+_2026-09-01T17:45:52_7198454993515115019	NP_217040.1	2136	2149	-1
FEATURE	2607.951912902606637	792.406483712323507	1.343379e07	2	22.711704	0.860938	0.0	0.0	2584.744200000000092	2630.432499999999891
PEPTIDE	2615.727800000000116	792.406127929687955	0.0	0	QGVPVLDGTDAEGVAR	2	R	G	q-value	MS-GF+_2026-09-01T17:45:52_7198454993515115019	NP_215965.1	552	567	-1
PEPTIDE	2585.960000000000036	792.408874511718977	0.0	0	QGVPVLDGTDAEGVAR	2	R	G	q-value	MS-GF+_2026-09-01T17:45:52_7198454993515115019	NP_215965.1	552	567	-1
FEATURE	2148.194348183354123	401.732222842508463	1.342924e07	2	18.522236	0.879207	0.0	0.0	2143.116100000000188	2167.146299999999883
PEPTIDE	2140.605000000000018	401.731994628906023	1.21580547112462e-03	0	LVGWTAR	2	R	F	q-value	MS-GF+_2026-09-01T17:45:52_7198454993515115019	NP_217040.1	1275	1281	-1
FEATURE	2039.893862177670826	527.342754006117616	1.340497e07	2	20.774574	0.904826	0.0	0.0	2028.067999999999984	2056.9675000000002
PEPTIDE	2024.763799999999947	527.343505859375	4.934210526315789e-03	0	RQPVTVLLK	2	R	A	q-value	MS-GF+_2026-09-01T17:45:52_7198454993515115019	NP_215181.1	224	232	-1
FEATURE	1963.935875185907662	735.365506407919156	1.33987e07	2	14.75911	0.871636	0.0	0.0	1948.535000000000082	1978.61830000000009
PEPTIDE	1954.567500000000109	735.366027832031023	0.0	0	LEEENPEAAQALR	2	K	A	q-value	MS-GF+_2026-09-01T17:45:52_7198454993515115019	NP_216760.1	79	91	-1
FEATURE	3297.646247842306366	727.332367861581133	1.337073e07	2	22.002468	0.880362	0.0	0.0	3277.43060000000014	3320.056999999999789
PEPTIDE	3310.374299999999948	727.331970214843977	0.0	0	SPWGEMFASTGQR	2	R	S	q-value	MS-GF+_2026-09-01T17:45:52_7198454993515115019	NP_217456.1	1995	2007	-1
PEPTIDE	3280.228300000000218	727.330627441406023	0.0	0	SPWGEMFASTGQR	2	R	S	q-value	MS-GF+_2026-09-01T17:45:52_7198454993515115019	NP_217456.1	1995	2007	-1
FEATURE	1956.511180064836026	701.875453062163047	1.336889e07	2	18.711718	0.869745	0.0	0.0	1940.435199999999895	1974.515499999999975
PEPTIDE	1944.757399999999961	701.8759765625	0.0	0	GAEIFATAGNPAKR	2	K	A	q-value	MS-GF+_2026-09-01T17:45:52_7198454993515115019	NP_217456.1	1582	1595	-1
FEATURE	3246.075134057586183	692.346084352715252	1.333378e07	2	15.363396	0.885669	0.0	0.0	3230.538399999999911	3251.214199999999892
PEPTIDE	3231.122600000000148	692.345397949218977	0.0	0	LNLDDMVTTAYK	2	K	L	q-value	MS-GF+_2026-09-01T17:45:52_7198454993515115019	YP_177754.1	335	346	-1
FEATURE	1915.795803551187419	723.391159519427106	1.332859e07	2	16.35544	0.877357	0.0	0.0	1900.553300000000036	1932.184600000000046
FEATURE	2108.796610017907369	403.231887645884399	1.330443e07	2	14.785313	0.838318	0.0	0.0	2095.983099999999922	2124.026100000000042
PEPTIDE	2098.593499999999949	403.231811523438012	1.68255748738082e-03	0	FVLAEAR	2	R	L	q-value	MS-GF+_2026-09-01T17:45:52_7198454993515115019	NP_216052.1	267	273	-1
FEATURE	4617.191591053380762	717.292678410811959	1.325094e07	1	4.769812	0.918225	0.0	0.0	4612.243599999999788	4622.073099999999613
FEATURE	2280.701030924773022	916.986172117118599	1.323623e07	2	11.912308	0.876206	0.0	0.0	2270.398000000000138	2291.919600000000173
PEPTIDE	2274.540800000000218	916.984619140625	0.0	0	AAAAHVLPDAQLTAAEQR	2	R	A	q-value	MS-GF+_2026-09-01T17:45:52_7198454993515115019	NP_218317.1	1111	1128	-1
FEATURE	2841.831598240323729	1212.556211929614847	1.323488e07	2	25.469801	0.863771	0.0	0.0	2821.915899999999965	2846.456099999999879
FEATURE	4486.993409468922437	460.196728019350019	1.322991e07	1	16.01012	0.891986	0.0	0.0	4470.271999999999935	4503.402900000000045
FEATURE	3841.817186285344633	365.10000910921184	1.322059e07	1	41.444386	0.862263	0.0	0.0	3812.112799999999879	3885.322999999999865
FEATURE	2304.402789117684279	748.815922340364523	1.319038e07	2	12.701757	0.825666	0.0	0.0	2291.919600000000173	2317.850199999999859
PEPTIDE	2294.359100000000126	748.818115234375	0.0	0	C(Carbamidomethyl)HSFDADADGFVR	2	R	S	q-value	MS-GF+_2026-09-01T17:45:52_7198454993515115019	NP_217456.1	227	239	-1
FEATURE	4615.834121878577207	602.333838315873322	1.311808e07	1	8.695662	0.882273	0.0	0.0	4608.743000000000393	4624.703300000000127
FEATURE	2034.044908081747735	856.52555951462557	1.3067e07	1	21.381248	0.88572	0.0	0.0	2014.738000000000056	2055.933500000000095
FEATURE	1865.921375492511743	651.839672605412147	1.305425e07	2	24.68327	0.816701	0.0	0.0	1848.013799999999947	1891.395500000000084
PEPTIDE	1865.882000000000062	651.839904785156023	0.0	0	TVGTM(Oxidation)LGHELTK	2	R	A	q-value	MS-GF+_2026-09-01T17:45:52_7198454993515115019	NP_218376.1	1277	1288	-1
FEATURE	1490.630641218257551	375.211715757869968	1.304417e07	3	8.479778	0.784897	0.0	0.0	1482.632100000000037	1490.225400000000036
FEATURE	2847.453774672603686	531.276062842902661	1.303508e07	1	35.734108	0.88374	0.0	0.0	2831.244999999999891	2884.117799999999988
FEATURE	2737.475410143962108	594.318114839733767	1.300905e07	2	30.909164	0.877583	0.0	0.0	2719.678199999999833	2765.897100000000137
PEPTIDE	2751.839599999999791	594.317687988281023	0.0	0	ELPSSLDSALR	2	R	A	q-value	MS-GF+_2026-09-01T17:45:52_7198454993515115019	NP_216738.1	389	399	-1
PEPTIDE	2720.892299999999978	594.317504882812045	6.1652281134402e-04	0	ELPSSLDSALR	2	R	A	q-value	MS-GF+_2026-09-01T17:45:52_7198454993515115019	NP_216738.1	389	399	-1
FEATURE	1822.472783922525196	465.772317525556616	1.300285e07	2	14.196834	0.837317	0.0	0.0	1809.559799999999996	1834.792300000000068
PEPTIDE	1811.244099999999889	465.772003173828011	6.1652281134402e-04	0	GSIAASVVAR	2	K	L	q-value	MS-GF+_2026-09-01T17:45:52_7198454993515115019	NP_217040.1	2126	2135	-1
FEATURE	2204.797207658932621	507.238390575739004	1.298658e07	2	16.35877	0.874315	0.0	0.0	2190.605000000000018	2220.747299999999996
PEPTIDE	2192.707499999999982	507.237609863281023	0.0	0	EVGAGYFDR	2	R	I	q-value	MS-GF+_2026-09-01T17:45:52_7198454993515115019	YP_177728.1	395	403	-1
PEPTIDE	2223.237299999999777	507.240692138671989	6.1652281134402e-04	0	EVGAGYFDR	2	R	I	q-value	MS-GF+_2026-09-01T17:45:52_7198454993515115019	YP_177728.1	395	403	-1
FEATURE	2338.15116498148609	658.822906474477236	1.297124e07	2	16.610619	0.890651	0.0	0.0	2325.799799999999777	2355.513699999999972
PEPTIDE	2327.98700000000008	658.82177734375	0.0	0	YSSAYELEGAVK	2	R	R	q-value	MS-GF+_2026-09-01T17:45:52_7198454993515115019	NP_217296.1	218	229	-1
FEATURE	2305.99209340240941	639.675127648284274	1.296482e07	3	15.470402	0.748857	0.0	0.0	2293.496799999999894	2321.844399999999951
FEATURE	2725.787020146042323	706.898442507191817	1.290634e07	2	14.86583	0.867175	0.0	0.0	2713.583000000000084	2740.922900000000027
PEPTIDE	2738.804700000000139	706.898376464843977	0.0	0	VIGEGGNLGVTALGR	2	K	V	q-value	MS-GF+_2026-09-01T17:45:52_7198454993515115019	NP_216992.1	1141	1155	-1
FEATURE	2729.559394542779501	1109.492777443818795	1.2883e07	1	18.267626	0.887463	0.0	0.0	2719.678199999999833	2746.270500000000084
FEATURE	4073.675965669040124	742.45086540735349	1.28671e07	1	18.342779	0.917234	0.0	0.0	4054.516700000000128	4092.322900000000118
FEATURE	2473.899319867243321	973.568362103700565	1.285407e07	1	16.432392	0.866839	0.0	0.0	2457.643000000000029	2491.037299999999959
FEATURE	3077.794962352496441	507.303696484649436	1.282593e07	2	16.462896	0.848773	0.0	0.0	3062.813099999999849	3094.444899999999961
PEPTIDE	3065.635499999999865	507.303985595703011	6.1652281134402e-04	0	ELADAILIR	2	R	K	q-value	MS-GF+_2026-09-01T17:45:52_7198454993515115019	NP_217040.1	313	321	-1
PEPTIDE	3096.466300000000047	507.303802490233977	6.1652281134402e-04	0	ELADAILIR	2	R	K	q-value	MS-GF+_2026-09-01T17:45:52_7198454993515115019	NP_217040.1	313	321	-1
FEATURE	2074.830078820648396	539.306548481220716	1.282353e07	2	13.109876	0.863135	0.0	0.0	2062.796200000000226	2087.60550000000012
PEPTIDE	2062.547999999999774	539.306030273437955	6.1652281134402e-04	0	VFTTQVAGVR	2	R	L	q-value	MS-GF+_2026-09-01T17:45:52_7198454993515115019	NP_214780.1	297	306	-1
FEATURE	2881.568546990530194	731.386221742379007	1.280959e07	2	16.008661	0.880166	0.0	0.0	2866.14260000000013	2897.610299999999825
PEPTIDE	2901.413000000000011	731.388977050781023	0.0	0	ELGEEPVVLGTYR	2	R	G	q-value	MS-GF+_2026-09-01T17:45:52_7198454993515115019	NP_216052.1	280	292	-1
FEATURE	4475.246444576407157	653.851954667931636	1.278137e07	1	61.088963	0.838837	0.0	0.0	4423.664700000000266	4479.59519999999975
FEATURE	1957.953784446523741	562.278260821944627	1.274395e07	2	15.617409	0.878829	0.0	0.0	1944.185600000000022	1970.459900000000062
PEPTIDE	1961.326700000000074	562.278015136718977	0.0	0	SEGC(Carbamidomethyl)AM(Oxidation)VLLK	2	R	R	q-value	MS-GF+_2026-09-01T17:45:52_7198454993515115019	NP_217456.1	240	249	-1
FEATURE	3046.323100472198348	420.198235502932619	1.274149e07	1	34.73518	0.896775	0.0	0.0	3020.930100000000039	3073.869099999999889
FEATURE	1383.495297509724423	592.808702390671215	1.271789e07	2	14.164606	0.856088	0.0	0.0	1369.597999999999956	1397.933299999999917
PEPTIDE	1375.285200000000032	592.812316894531023	0.0	0	VISSEHPM(Oxidation)LR	2	R	T	q-value	MS-GF+_2026-09-01T17:45:52_7198454993515115019	NP_217456.1	1349	1358	-1
FEATURE	2181.696580489712687	823.438768449494773	1.271482e07	1	19.634991	0.891808	0.0	0.0	2162.519200000000183	2201.454299999999876
FEATURE	2883.900888244502312	603.313351552728136	1.267005e07	2	14.218264	0.891271	0.0	0.0	2870.487599999999929	2897.610299999999825
PEPTIDE	2872.69360000000006	603.314819335937955	0.0	0	LLDEFAQDVR	2	R	T	q-value	MS-GF+_2026-09-01T17:45:52_7198454993515115019	NP_217040.1	210	219	-1
FEATURE	2748.438793793421155	515.301510811518824	1.266763e07	2	15.645989	0.858729	0.0	0.0	2733.032999999999902	2764.773400000000038
FEATURE	4504.713167840309325	371.011120460391908	1.266508e07	1	17.60944	0.862183	0.0	0.0	4486.933100000000195	4520.524900000000343
FEATURE	4577.756111904498539	461.181569055630121	1.261539e07	1	15.121733	0.786822	0.0	0.0	4569.693000000000211	4593.613699999999881
FEATURE	1575.079418912792562	542.259287000117638	1.260458e07	2	22.012562	0.809802	0.0	0.0	1562.174299999999903	1595.783599999999979
FEATURE	2179.921824511950035	1246.642078376650261	1.259385e07	1	19.064482	0.908914	0.0	0.0	2167.146299999999883	2194.533800000000156
FEATURE	1898.009202429206425	545.055243166705168	1.258207e07	1	34.974793	0.861571	0.0	0.0	1873.484500000000025	1922.998199999999997
FEATURE	4028.295112338092167	399.165167392364879	1.257687e07	1	29.776308	0.875119	0.0	0.0	3997.162899999999809	4059.273000000000138
FEATURE	1512.454825157274172	441.858909436904185	1.253593e07	3	21.929094	0.795741	0.0	0.0	1494.553100000000086	1535.501899999999978
FEATURE	2095.148567166346311	870.541035949460593	1.249433e07	1	17.445393	0.89556	0.0	0.0	2077.573100000000068	2100.612999999999829
FEATURE	1695.294747829555945	415.213813497789715	1.248407e07	2	18.066576	0.812677	0.0	0.0	1677.134199999999964	1713.959299999999985
PEPTIDE	1680.544599999999946	415.214111328125	6.1652281134402e-04	0	SYQIYR	2	K	L	q-value	MS-GF+_2026-09-01T17:45:52_7198454993515115019	NP_215991.1	20	25	-1
FEATURE	2872.631332102382658	786.425912549822897	1.228569e07	2	14.81029	0.903489	0.0	0.0	2860.205199999999877	2887.290300000000116
FEATURE	2898.02514105282944	540.983888131921503	1.226632e07	1	40.468666	0.821633	0.0	0.0	2877.7824999999998	2933.163000000000011
FEATURE	3471.186887338698853	582.328010623485284	1.226405e07	1	30.116768	0.872562	0.0	0.0	3451.927599999999984	3488.97380000000021
FEATURE	1945.434387781255737	544.29088353639213	1.224358e07	2	20.698748	0.839878	0.0	0.0	1933.723799999999983	1967.342100000000073
FEATURE	2205.18390347570039	474.23372326747841	1.219566e07	1	29.238577	0.88658	0.0	0.0	2179.388899999999921	2229.361300000000028
FEATURE	1830.572645312145369	662.340828127559007	1.219047e07	2	14.290161	0.883229	0.0	0.0	1816.65969999999993	1838.490299999999934
FEATURE	3178.915185781051605	903.510471253994638	1.216272e07	1	18.129032	0.892813	0.0	0.0	3162.04950000000008	3197.167199999999866
FEATURE	1981.598009212872739	385.250321123236006	1.215547e07	2	12.192138	0.833546	0.0	0.0	1971.569999999999936	1994.053000000000111
PEPTIDE	1974.037399999999934	385.249389648438012	4.3956043956044e-03	0	LTAPVIR	2	R	G	q-value	MS-GF+_2026-09-01T17:45:52_7198454993515115019	NP_217040.1	352	358	-1
FEATURE	3077.957863206952879	725.381016045100296	1.215059e07	2	13.698554	0.859907	0.0	0.0	3065.070600000000013	3090.973500000000058
PEPTIDE	3068.358200000000124	725.381225585937955	0.0	0	QVFLAGASGMALER	2	R	R	q-value	MS-GF+_2026-09-01T17:45:52_7198454993515115019	NP_218376.1	143	156	-1
FEATURE	2167.572386447597637	840.519434384187662	1.213971e07	1	15.479349	0.893811	0.0	0.0	2152.662899999999809	2183.698699999999917
FEATURE	2717.002546331353187	628.285830873406894	1.210527e07	2	26.891682	0.706423	0.0	0.0	2694.790100000000166	2745.364999999999782
PEPTIDE	2721.944300000000112	628.286071777343977	0.0	0	ASLAEYMDAER	2	R	L	q-value	MS-GF+_2026-09-01T17:45:52_7198454993515115019	YP_177885.1	218	228	-1
FEATURE	3234.590381096206329	807.944411449751328	1.209208e07	2	17.726643	0.89273	0.0	0.0	3217.067300000000159	3252.73259999999982
PEPTIDE	3250.564199999999801	807.941528320312045	0.0	0	SPILLAGMTPTTVDAK	2	R	I	q-value	MS-GF+_2026-09-01T17:45:52_7198454993515115019	NP_217040.1	417	432	-1
PEPTIDE	3218.552000000000135	807.948181152343977	0.0	0	SPILLAGMTPTTVDAK	2	R	I	q-value	MS-GF+_2026-09-01T17:45:52_7198454993515115019	NP_217040.1	417	432	-1
FEATURE	2704.033456957700764	403.719269346115539	1.20573e07	2	14.228868	0.810284	0.0	0.0	2690.100100000000111	2718.160899999999856
FEATURE	2432.838639527493342	547.814371334819271	1.201343e07	2	14.335292	0.871152	0.0	0.0	2421.639700000000175	2443.694899999999961
PEPTIDE	2422.228500000000167	547.814819335937955	0.0	0	IADIAEPLPR	2	R	T	q-value	MS-GF+_2026-09-01T17:45:52_7198454993515115019	YP_177885.1	557	566	-1
FEATURE	2253.218616691252464	688.349207617699449	1.201255e07	2	15.252574	0.894067	0.0	0.0	2237.389000000000124	2268.463600000000042
PEPTIDE	2239.577099999999973	688.349304199218977	0.0	0	SEAPLVGTGM(Oxidation)ELR	2	R	A	q-value	MS-GF+_2026-09-01T17:45:52_7198454993515115019	NP_215181.1	614	626	-1
FEATURE	3168.1993125817894	482.311701190626479	1.200966e07	1	24.210693	0.879534	0.0	0.0	3145.420500000000175	3192.642899999999827
FEATURE	3076.782155454659915	669.332358957161432	1.196709e07	2	14.081494	0.869534	0.0	0.0	3063.929700000000139	3090.973500000000058
PEPTIDE	3067.139999999999873	669.332580566406023	0.0	0	SLDMSVAALAGM(Oxidation)R	2	R	R	q-value	MS-GF+_2026-09-01T17:45:52_7198454993515115019	NP_217456.1	816	828	-1
FEATURE	4520.992156606712342	478.207528782240104	1.196227e07	1	8.34526	0.925806	0.0	0.0	4512.454899999999725	4529.413199999999961
FEATURE	2495.166840464288725	408.271151967304206	1.195327e07	2	14.35797	0.843086	0.0	0.0	2480.274899999999889	2510.053800000000138
PEPTIDE	2484.411399999999958	408.271606445311988	3.882418191902381e-03	0	TLLVITR	2	R	G	q-value	MS-GF+_2026-09-01T17:45:52_7198454993515115019	NP_214780.1	83	89	-1
FEATURE	1625.546035058581992	548.274936074302786	1.193852e07	2	20.259295	0.878032	0.0	0.0	1605.785599999999931	1643.713400000000092
PEPTIDE	1615.164299999999912	548.2744140625	0.0	0	AAFEVSQTSR	2	R	S	q-value	MS-GF+_2026-09-01T17:45:52_7198454993515115019	NP_217451.1	336	345	-1
PEPTIDE	1646.606199999999944	548.275695800781023	0.0	0	AAFEVSQTSR	2	R	S	q-value	MS-GF+_2026-09-01T17:45:52_7198454993515115019	NP_217451.1	336	345	-1
FEATURE	3139.02879277621696	677.81841471196401	1.193652e07	2	25.32387	0.909316	0.0	0.0	3117.073100000000068	3165.28879999999981
PEPTIDE	3149.207499999999982	677.818481445312045	0.0	0	NYPDVTEVFDR	2	R	D	q-value	MS-GF+_2026-09-01T17:45:52_7198454993515115019	NP_216052.1	625	635	-1
PEPTIDE	3118.52559999999994	677.818725585937955	0.0	0	NYPDVTEVFDR	2	R	D	q-value	MS-GF+_2026-09-01T17:45:52_7198454993515115019	NP_216052.1	625	635	-1
FEATURE	2308.483734094741067	840.918356080478702	1.189788e07	2	23.599989	0.898462	0.0	0.0	2289.994900000000143	2332.534500000000207
PEPTIDE	2297.627199999999903	840.917724609375	0.0	0	STGPYSM(Oxidation)ITQQPLGGK	2	R	A	q-value	MS-GF+_2026-09-01T17:45:52_7198454993515115019	NP_215181.1	1038	1053	-1
FEATURE	1845.342604821310033	662.340445811706445	1.188688e07	2	14.143673	0.908389	0.0	0.0	1840.538199999999961	1859.526599999999917
FEATURE	2492.261470867072148	380.739436008640837	1.188382e07	2	21.745163	0.823755	0.0	0.0	2470.494200000000092	2514.634799999999814
PEPTIDE	2474.64260000000013	380.739501953125	4.3956043956044e-03	0	YPVLLR	2	R	E	q-value	MS-GF+_2026-09-01T17:45:52_7198454993515115019	NP_214780.1	1099	1104	-1
PEPTIDE	2505.33199999999988	380.739593505858977	4.3956043956044e-03	0	YPVLLR	2	R	E	q-value	MS-GF+_2026-09-01T17:45:52_7198454993515115019	NP_214780.1	1099	1104	-1
FEATURE	3418.513860984965049	370.027187495246778	1.188207e07	1	39.400051	0.893029	0.0	0.0	3399.554399999999987	3451.027300000000196
FEATURE	1698.409925886461906	511.803380200012725	1.186783e07	2	16.598076	0.873347	0.0	0.0	1681.135600000000068	1715.550500000000056
PEPTIDE	1695.593299999999999	511.803314208983977	6.1652281134402e-04	0	VVLALQHDK	2	K	L	q-value	MS-GF+_2026-09-01T17:45:52_7198454993515115019	NP_218317.1	475	483	-1
FEATURE	3679.623915643238433	368.058198467858631	1.18575e07	1	59.66431	0.892899	0.0	0.0	3636.913199999999961	3691.813000000000102
FEATURE	1977.335300830011875	484.300723497375145	1.185474e07	2	11.755253	0.873054	0.0	0.0	1966.501400000000103	1989.193500000000086
PEPTIDE	1969.656899999999951	484.300506591796989	1.68255748738082e-03	0	NAVIVPVGAK	2	K	G	q-value	MS-GF+_2026-09-01T17:45:52_7198454993515115019	NP_216992.1	835	844	-1
FEATURE	2475.261974241906046	707.37097961687175	1.18542e07	2	15.581392	0.859243	0.0	0.0	2459.631199999999808	2491.037299999999959
PEPTIDE	2463.688500000000204	707.366027832031023	0.0	0	TALAAALETQDGPR	2	R	L	q-value	MS-GF+_2026-09-01T17:45:52_7198454993515115019	NP_217451.1	472	485	-1
FEATURE	3404.617733882114862	520.214034787259266	1.184469e07	1	28.272604	0.890189	0.0	0.0	3379.623099999999795	3431.194899999999961
FEATURE	4635.859770674735955	443.239612299292844	1.181455e07	1	6.155486	0.889924	0.0	0.0	4629.953099999999722	4642.342899999999645
FEATURE	2860.161833640885106	781.078265498047585	1.179003e07	3	15.982154	0.883926	0.0	0.0	2848.484300000000076	2875.599499999999807
FEATURE	2875.305617706133944	664.320649084382467	1.177075e07	1	19.053019	0.904649	0.0	0.0	2860.205199999999877	2895.193400000000111
FEATURE	1683.728213082343018	729.4506380048864	1.175588e07	1	16.29199	0.885888	0.0	0.0	1667.043300000000045	1699.823200000000043
FEATURE	2559.87387629547402	740.468595849540407	1.172286e07	1	19.04549	0.888349	0.0	0.0	2542.787800000000061	2579.82340000000022
FEATURE	2545.017473136360422	602.962191540159438	1.171008e07	3	11.916767	0.812326	0.0	0.0	2539.653299999999945	2557.598399999999856
PEPTIDE	2556.457300000000032	602.962829589843977	6.1652281134402e-04	0	LGEELYSAQC(Carbamidomethyl)VSRPPT	3	K	]	q-value	MS-GF+_2026-09-01T17:45:52_7198454993515115019	NP_216392.1	143	158	-1
FEATURE	3424.749746354799754	409.158351584594357	1.167323e07	1	33.575073	0.900892	0.0	0.0	3391.083599999999933	3454.690900000000056
FEATURE	2315.28434421209522	948.527796644451996	1.166952e07	1	16.110725	0.900067	0.0	0.0	2303.118399999999838	2331.183100000000195
FEATURE	4598.890191919833342	487.410544878017959	1.166469e07	1	7.774149	0.814326	0.0	0.0	4592.743000000000393	4606.96309999999994
FEATURE	1465.58577655326053	502.279943800441686	1.166295e07	2	13.788243	0.842948	0.0	0.0	1452.039299999999912	1479.010999999999967
FEATURE	3133.309318809234355	755.436386521872237	1.165929e07	2	14.274152	0.881801	0.0	0.0	3119.211699999999837	3147.515199999999822
PEPTIDE	3121.821300000000065	755.435913085937955	0.0	0	LAADVADVPTVVIAR	2	R	T	q-value	MS-GF+_2026-09-01T17:45:52_7198454993515115019	YP_177728.1	213	227	-1
FEATURE	2946.355324156904317	897.45364406526835	1.165657e07	2	17.981657	0.845055	0.0	0.0	2930.44210000000021	2964.41359999999986
PEPTIDE	2932.503700000000208	897.455017089843977	0.0	0	FTPSGAAVANFTVASTPR	2	R	I	q-value	MS-GF+_2026-09-01T17:45:52_7198454993515115019	NP_214568.1	20	37	-1
FEATURE	4521.35944290905536	461.181039370366136	1.16449e07	1	8.541196	0.841618	0.0	0.0	4512.454899999999725	4530.294200000000274
FEATURE	4374.282681716525076	412.037514064768857	1.161831e07	1	40.494911	0.841067	0.0	0.0	4341.114999999999782	4414.292900000000373
FEATURE	1928.861814838600594	452.250462491922406	1.159523e07	2	13.781963	0.828971	0.0	0.0	1916.573100000000068	1943.105299999999943
PEPTIDE	1928.990199999999959	452.250305175781023	3.882418191902381e-03	0	AFAEPAGIK	2	R	I	q-value	MS-GF+_2026-09-01T17:45:52_7198454993515115019	NP_214580.1	29	37	-1
FEATURE	2323.830512449360867	579.792134615046734	1.158425e07	2	14.281392	0.86965	0.0	0.0	2309.291999999999916	2338.219099999999798
FEATURE	2876.916174348219101	562.844915653242879	1.157903e07	2	16.662653	0.886833	0.0	0.0	2868.078199999999924	2894.471799999999803
PEPTIDE	2866.991500000000087	562.843811035156023	0.0	0	GLGIGIVPAATR	2	R	G	q-value	MS-GF+_2026-09-01T17:45:52_7198454993515115019	NP_217040.1	359	370	-1
FEATURE	3624.28757513696246	515.069752947070697	1.155403e07	1	21.118517	0.802489	0.0	0.0	3607.373599999999897	3646.63169999999991
FEATURE	2343.29066292825064	850.424023854834218	1.152424e07	2	17.97941	0.890958	0.0	0.0	2327.451700000000074	2361.262900000000172
PEPTIDE	2333.297599999999875	850.424926757812045	0.0	0	VEEQGLDVDTPAEVAK	2	K	W	q-value	MS-GF+_2026-09-01T17:45:52_7198454993515115019	NP_217517.3	53	68	-1
FEATURE	1475.533227588833825	534.253439628174192	1.152406e07	2	17.122068	0.889106	0.0	0.0	1461.473700000000008	1492.93360000000007
PEPTIDE	1479.538500000000113	534.2529296875	0.0	0	TIAYDEEAR	2	K	R	q-value	MS-GF+_2026-09-01T17:45:52_7198454993515115019	NP_214954.1	3	11	-1
FEATURE	1950.315393171369806	425.578694710548803	1.152074e07	3	12.555831	0.827992	0.0	0.0	1939.637300000000096	1960.737499999999955
PEPTIDE	1940.172199999999975	425.57958984375	0.0	0	IHVEALGGHLTK	3	R	L	q-value	MS-GF+_2026-09-01T17:45:52_7198454993515115019	NP_217765.1	459	470	-1
FEATURE	4033.673967794134569	427.016922477279707	1.149638e07	1	27.512632	0.769372	0.0	0.0	4016.262900000000172	4062.113400000000183
FEATURE	1309.757292805881434	651.865072626655774	1.148244e07	2	13.203809	0.887193	0.0	0.0	1296.63779999999997	1322.89689999999996
PEPTIDE	1296.299999999999955	651.862121582031023	0.0	0	APAPAAQAAAAPAPK	2	K	A	q-value	MS-GF+_2026-09-01T17:45:52_7198454993515115019	NP_216731.1	287	301	-1
PEPTIDE	1326.84310000000005	651.864501953125	0.0	0	APAPAAQAAAAPAPK	2	K	A	q-value	MS-GF+_2026-09-01T17:45:52_7198454993515115019	NP_216731.1	287	301	-1
FEATURE	1854.504594106764444	926.567090626423578	1.146859e07	1	20.300577	0.889645	0.0	0.0	1839.482700000000023	1873.484500000000025
FEATURE	4598.265557726866064	753.532872678720651	1.145999e07	1	4.111813	0.791122	0.0	0.0	4594.494800000000396	4602.525099999999839
FEATURE	4005.808094732678455	554.296520809579647	1.143298e07	1	19.740402	0.898021	0.0	0.0	3984.943000000000211	4026.652900000000045
FEATURE	1913.99928722500772	464.729734451715672	1.14324e07	2	13.972302	0.841202	0.0	0.0	1900.553300000000036	1928.492299999999887
PEPTIDE	1903.620699999999943	464.729797363281023	6.1652281134402e-04	0	GLAYEGYR	2	K	V	q-value	MS-GF+_2026-09-01T17:45:52_7198454993515115019	NP_216052.1	174	181	-1
FEATURE	2705.784132991509978	635.247898449961895	1.140752e07	1	53.83318	0.864111	0.0	0.0	2657.128600000000006	2752.716499999999996
FEATURE	4584.375828161334539	458.214114231814108	1.140283e07	1	6.833241	0.897448	0.0	0.0	4578.664700000000266	4590.982899999999972
FEATURE	2676.72958089742724	598.282255475695706	1.139595e07	2	16.728197	0.894176	0.0	0.0	2664.196199999999863	2693.508400000000165
FEATURE	3374.639831053984835	701.494497448809398	1.138819e07	1	21.405783	0.866888	0.0	0.0	3353.063500000000204	3396.865099999999984
FEATURE	2803.638258136426885	699.405231764938208	1.136957e07	2	14.257361	0.884617	0.0	0.0	2790.280799999999999	2818.363100000000031
PEPTIDE	2809.112299999999777	699.405822753906023	0.0	0	AAQLGLSTAIVEPK	2	R	Y	q-value	MS-GF+_2026-09-01T17:45:52_7198454993515115019	NP_214976.1	21	34	-1
FEATURE	1912.884105197714007	858.468311601951655	1.135936e07	1	15.616694	0.882265	0.0	0.0	1898.885099999999966	1928.492299999999887
FEATURE	1914.788057799550643	482.596149957780426	1.135913e07	3	14.090795	0.838215	0.0	0.0	1902.190000000000055	1928.492299999999887
FEATURE	2376.707219162624824	783.383733523691944	1.135886e07	2	16.326332	0.881097	0.0	0.0	2364.574999999999818	2392.722400000000107
FEATURE	3040.158841634057353	855.966707645507427	1.128842e07	2	16.741818	0.860846	0.0	0.0	3024.472699999999804	3057.295000000000073
FEATURE	1792.327309658416425	585.798785802237035	1.128033e07	2	15.889977	0.839363	0.0	0.0	1778.351100000000088	1808.663999999999987
PEPTIDE	1779.685400000000072	585.798095703125	0.0	0	AHGVGDPSGFVK	2	K	L	q-value	MS-GF+_2026-09-01T17:45:52_7198454993515115019	NP_214976.1	384	395	-1
FEATURE	2157.648530898723493	837.39334797415745	1.124302e07	1	17.753706	0.880873	0.0	0.0	2143.116100000000188	2175.412800000000061
FEATURE	4673.095236112988459	879.373398073387648	1.123183e07	1	8.754387	0.80483	0.0	0.0	4664.572900000000118	4675.413099999999758
FEATURE	3249.519004761000815	1047.497797398338662	1.122889e07	2	21.414001	0.883702	0.0	0.0	3227.385499999999865	3271.112999999999829
PEPTIDE	3261.414600000000064	1047.499389648440001	0.0	0	TDASQEQTDVESFAVLEPK	2	R	A	q-value	MS-GF+_2026-09-01T17:45:52_7198454993515115019	NP_216424.1	571	589	-1
PEPTIDE	3230.168500000000222	1047.503295898440001	0.0	0	TDASQEQTDVESFAVLEPK	2	R	A	q-value	MS-GF+_2026-09-01T17:45:52_7198454993515115019	NP_216424.1	571	589	-1
FEATURE	3978.513265080404835	365.10006231120866	1.122118e07	1	39.565849	0.831592	0.0	0.0	3943.15059999999994	4020.054700000000139
FEATURE	2303.843895378256548	499.546100434055631	1.120297e07	3	10.94647	0.83346	0.0	0.0	2293.496799999999894	2314.435699999999997
PEPTIDE	2296.875	499.545684814453011	6.1652281134402e-04	0	C(Carbamidomethyl)HSFDADADGFVR	3	R	S	q-value	MS-GF+_2026-09-01T17:45:52_7198454993515115019	NP_217456.1	227	239	-1
FEATURE	2530.070403958076895	534.312367464468593	1.120128e07	1	19.730799	0.84328	0.0	0.0	2514.634799999999814	2548.007599999999911
FEATURE	1599.679298294930732	773.889161877368565	1.118728e07	2	11.06473	0.831474	0.0	0.0	1590.254100000000108	1611.266699999999901
PEPTIDE	1590.999099999999999	773.888916015625	0.0	0	IQEGSGLSKEDIDR	2	R	M	q-value	MS-GF+_2026-09-01T17:45:52_7198454993515115019	NP_214864.1	474	487	-1
FEATURE	1661.023165167179059	638.320142539325161	1.117851e07	2	14.13535	0.893633	0.0	0.0	1646.889599999999973	1675.694099999999935
PEPTIDE	1651.163500000000113	638.319519042968977	0.0	0	SVNSFGAHDTLK	2	K	V	q-value	MS-GF+_2026-09-01T17:45:52_7198454993515115019	NP_215991.1	4	15	-1
FEATURE	1544.955807607373345	463.739174117514324	1.117702e07	2	19.92898	0.743758	0.0	0.0	1524.280899999999974	1563.569099999999935
PEPTIDE	1524.026200000000017	463.730895996093977	6.1652281134402e-04	0	YSTDLTAR	2	K	A	q-value	MS-GF+_2026-09-01T17:45:52_7198454993515115019	NP_214898.1	163	170	-1
PEPTIDE	1555.397699999999986	463.740112304688012	6.1652281134402e-04	0	YVYAPTGR	2	R	V	q-value	MS-GF+_2026-09-01T17:45:52_7198454993515115019	NP_217451.1	1355	1362	-1
FEATURE	2459.580956051372596	592.783813548505805	1.115906e07	2	16.093153	0.887366	0.0	0.0	2442.81919999999991	2474.881800000000112
FEATURE	2995.920555714796137	878.465921608801182	1.114494e07	2	14.904305	0.851707	0.0	0.0	2981.172099999999773	3010.903200000000197
FEATURE	3149.961051467088964	586.28638234692562	1.112173e07	1	30.404989	0.876302	0.0	0.0	3129.295599999999922	3181.478000000000066
FEATURE	1918.432746983696916	538.934656092549517	1.111723e07	3	12.285562	0.859066	0.0	0.0	1909.423900000000003	1927.425500000000056
PEPTIDE	1911.984300000000076	538.934509277343977	5.353319057815841e-03	0	TNVGHLESAAGAASMAK	3	K	V	q-value	MS-GF+_2026-09-01T17:45:52_7198454993515115019	NP_218317.1	458	474	-1
FEATURE	1983.88009249992092	472.287977475479181	1.111055e07	1	25.008291	0.876078	0.0	0.0	1970.459900000000062	2009.392200000000003
FEATURE	2410.6371924160253	659.33680389214021	1.108954e07	2	16.114267	0.864269	0.0	0.0	2394.511399999999867	2426.707800000000134
PEPTIDE	2401.114700000000084	659.33642578125	0.0	0	QELDEISTNIR	2	K	Q	q-value	MS-GF+_2026-09-01T17:45:52_7198454993515115019	NP_218391.1	66	76	-1
FEATURE	4605.670342038454692	502.277028626748006	1.107918e07	1	8.495313	0.802945	0.0	0.0	4597.145099999999729	4614.013100000000122
FEATURE	1424.577814778398988	709.374644973252089	1.107672e07	2	14.542045	0.791532	0.0	0.0	1412.427400000000034	1439.195999999999913
PEPTIDE	1418.148200000000088	709.373413085937955	0.0	0	AVVLAHDHDEAIK	2	R	G	q-value	MS-GF+_2026-09-01T17:45:52_7198454993515115019	NP_218317.1	674	686	-1
FEATURE	2642.963499533454979	618.823484715059635	1.097686e07	2	13.30388	0.909627	0.0	0.0	2629.218100000000049	2653.956299999999828
FEATURE	1877.201315764233641	448.275128208486251	1.097471e07	1	29.962008	0.880677	0.0	0.0	1859.526599999999917	1902.190000000000055
FEATURE	2552.256855976842871	505.116960518857127	1.097363e07	1	32.5952	0.881694	0.0	0.0	2541.992999999999938	2578.516399999999976
FEATURE	1487.967881930352178	564.73451510623147	1.097023e07	2	18.523003	0.877774	0.0	0.0	1470.717699999999923	1506.232999999999947
FEATURE	2246.114972291610684	474.233614384775933	1.088713e07	1	27.333075	0.878096	0.0	0.0	2223.501299999999901	2267.584800000000087
FEATURE	2248.167217411273668	531.285319427236914	1.086543e07	2	16.351118	0.835863	0.0	0.0	2232.35590000000002	2261.255700000000161
FEATURE	4248.896163212147258	447.074777926559364	1.083172e07	1	54.549194	0.806936	0.0	0.0	4208.263500000000022	4288.452900000000227
FEATURE	2419.849414729464115	414.218535223711001	1.082656e07	2	12.07163	0.858984	0.0	0.0	2407.402700000000095	2431.603000000000066
FEATURE	2251.678979437203907	480.292254379493102	1.080894e07	2	12.433674	0.884443	0.0	0.0	2238.931799999999839	2261.255700000000161
PEPTIDE	2241.255000000000109	480.291900634766023	1.21580547112462e-03	0	KLTLEDLK	2	K	E	q-value	MS-GF+_2026-09-01T17:45:52_7198454993515115019	NP_216757.3	411	418	-1
FEATURE	1887.951851771697193	508.268766624095974	1.075595e07	2	13.697579	0.860135	0.0	0.0	1873.484500000000025	1902.190000000000055
FEATURE	1934.416547357255013	500.769273726552513	1.074564e07	2	17.613049	0.86423	0.0	0.0	1917.977799999999888	1951.919100000000071
PEPTIDE	1947.12740000000008	500.768402099608977	1.68255748738082e-03	0	LVSLDPNDK	2	K	V	q-value	MS-GF+_2026-09-01T17:45:52_7198454993515115019	NP_218376.1	573	581	-1
FEATURE	2705.157522090452858	552.790280951713044	1.072608e07	2	16.204033	0.892225	0.0	0.0	2690.100100000000111	2721.159099999999853
FEATURE	3114.212130664452161	652.848362961921794	1.071824e07	2	16.209288	0.89362	0.0	0.0	3099.509100000000217	3130.195099999999911
PEPTIDE	3124.821300000000065	652.845886230468977	0.0	0	SPTMLATDLSLR	2	R	V	q-value	MS-GF+_2026-09-01T17:45:52_7198454993515115019	NP_216424.1	373	384	-1
FEATURE	1638.542466696737392	772.878451447422208	1.070815e07	2	14.949278	0.83215	0.0	0.0	1626.082499999999982	1653.924999999999955
PEPTIDE	1630.167200000000094	772.878479003906023	0.0	0	GSGHQEVATTMATVR	2	K	T	q-value	MS-GF+_2026-09-01T17:45:52_7198454993515115019	NP_216757.3	490	504	-1
FEATURE	1933.966376606534823	1076.561333948326592	1.069786e07	1	13.346524	0.883889	0.0	0.0	1922.141200000000026	1947.652199999999994
FEATURE	2862.539830202067606	686.183041989407343	1.068881e07	1	31.556213	0.878363	0.0	0.0	2839.062199999999848	2888.241799999999785
FEATURE	2297.297532471513023	717.889905586579403	1.063921e07	2	16.904722	0.875327	0.0	0.0	2285.175900000000183	2310.195600000000013
FEATURE	1646.26218527130527	591.782169926792903	1.063887e07	2	15.761185	0.868631	0.0	0.0	1634.60329999999999	1659.029099999999971
PEPTIDE	1635.420000000000073	591.781005859375	0.0	0	AAGESC(Carbamidomethyl)VAVYR	2	R	A	q-value	MS-GF+_2026-09-01T17:45:52_7198454993515115019	NP_216992.1	74	84	-1
FEATURE	4100.248008551254316	371.181243437040791	1.062946e07	1	27.648645	0.932646	0.0	0.0	4077.214699999999993	4129.375100000000202
FEATURE	1884.354322778742016	583.759471245396981	1.062197e07	2	12.805093	0.864784	0.0	0.0	1871.252999999999929	1897.194099999999935
PEPTIDE	1885.378400000000056	583.759826660156023	0.0	0	IQMEAAGMC(Carbamidomethyl)R	2	K	S	q-value	MS-GF+_2026-09-01T17:45:52_7198454993515115019	YP_177754.1	31	40	-1
FEATURE	2925.300301689640946	638.339505252531467	1.061656e07	2	31.747208	0.879489	0.0	0.0	2903.134900000000016	2955.777799999999843
FEATURE	2173.841677711487137	899.950843008309448	1.060526e07	2	13.86894	0.859338	0.0	0.0	2161.040399999999863	2188.436400000000049
PEPTIDE	2173.978999999999815	899.95068359375	0.0	0	VVGVDPASGEEITAQNGR	2	R	Y	q-value	MS-GF+_2026-09-01T17:45:52_7198454993515115019	NP_218163.1	788	805	-1
FEATURE	2029.029448155662749	578.796347265845384	1.059464e07	2	16.133404	0.881079	0.0	0.0	2018.779399999999896	2044.763999999999896
FEATURE	3294.593786538065615	597.292368169831093	1.056837e07	1	25.903803	0.878646	0.0	0.0	3271.112999999999829	3321.953500000000076
FEATURE	3588.343665428388249	476.188124059619156	1.055978e07	1	47.913994	0.870814	0.0	0.0	3539.50649999999996	3625.322900000000118
FEATURE	2231.866685543870972	630.271766887964191	1.055892e07	2	15.160487	0.90631	0.0	0.0	2219.55600000000004	2247.654799999999796
PEPTIDE	2221.265100000000075	630.271911621093977	0.0	0	GMFGGDGAYGEAK	2	R	S	q-value	MS-GF+_2026-09-01T17:45:52_7198454993515115019	NP_217040.1	2277	2289	-1
FEATURE	2300.109329931591219	632.315213627357934	1.053975e07	2	17.950481	0.884043	0.0	0.0	2285.175900000000183	2317.850199999999859
PEPTIDE	2287.892299999999978	632.315185546875	0.0	0	GADSFGPPSISTK	2	K	E	q-value	MS-GF+_2026-09-01T17:45:52_7198454993515115019	NP_215965.1	411	423	-1
FEATURE	2674.61630449031145	897.414878313402824	1.053823e07	1	15.883771	0.885515	0.0	0.0	2662.154100000000199	2690.100100000000111
FEATURE	1620.800871467367188	390.209398491259435	1.052529e07	3	9.141019	0.76274	0.0	0.0	1611.266699999999901	1624.744599999999991
FEATURE	2240.746885428148744	485.271884251765187	1.047856e07	2	16.716864	0.864932	0.0	0.0	2223.501299999999901	2257.672300000000178
PEPTIDE	2230.12039999999979	485.272491455078011	0.0	0	NDPLLNVGK	2	R	L	q-value	MS-GF+_2026-09-01T17:45:52_7198454993515115019	NP_218321.1	233	241	-1
FEATURE	2616.220307517536185	447.111026936881046	1.046843e07	1	35.322681	0.875122	0.0	0.0	2595.883800000000065	2644.651800000000094
FEATURE	2205.283841148593183	571.830478820768349	1.045782e07	2	14.717123	0.903112	0.0	0.0	2197.328700000000026	2220.747299999999996
FEATURE	2654.606461698363091	815.942063805582279	1.043655e07	2	22.234243	0.894611	0.0	0.0	2638.671600000000126	2677.805299999999988
PEPTIDE	2642.38130000000001	815.942016601562045	0.0	0	SPILLAGM(Oxidation)TPTTVDAK	2	R	I	q-value	MS-GF+_2026-09-01T17:45:52_7198454993515115019	NP_217040.1	417	432	-1
FEATURE	1688.273750937447858	553.784617574252593	1.042509e07	2	19.152222	0.825427	0.0	0.0	1671.678000000000111	1705.416699999999992
FEATURE	3255.85620677894849	761.392145144048868	1.042437e07	2	15.465413	0.879848	0.0	0.0	3240.473399999999856	3271.950200000000223
PEPTIDE	3242.929399999999987	761.393798828125	0.0	0	LC(Carbamidomethyl)DQLVEAGTFIR	2	R	L	q-value	MS-GF+_2026-09-01T17:45:52_7198454993515115019	NP_214725.1	47	59	-1
FEATURE	1700.753766417908764	621.801839371915776	1.034472e07	2	14.691386	0.835196	0.0	0.0	1691.047399999999925	1715.550500000000056
PEPTIDE	1690.169699999999921	621.80126953125	0.0	0	EVDPVANEDVR	2	R	V	q-value	MS-GF+_2026-09-01T17:45:52_7198454993515115019	NP_215610.1	122	132	-1
FEATURE	2016.088322919222264	364.226717892997897	1.031678e07	2	19.445028	0.871158	0.0	0.0	2001.823100000000068	2035.606500000000096
PEPTIDE	2004.549099999999953	364.227203369141023	1.68255748738082e-03	0	ALTLPGR	2	K	D	q-value	MS-GF+_2026-09-01T17:45:52_7198454993515115019	NP_216757.3	475	481	-1
PEPTIDE	2036.732500000000073	364.226501464843977	5.353319057815841e-03	0	ALTLPGR	2	K	D	q-value	MS-GF+_2026-09-01T17:45:52_7198454993515115019	NP_216757.3	475	481	-1
FEATURE	2096.56103933364966	492.301405482610448	1.030572e07	1	34.14661	0.849261	0.0	0.0	2084.911599999999908	2127.339100000000144
FEATURE	3421.102431672773037	774.208146708032132	1.030375e07	1	21.686913	0.858018	0.0	0.0	3398.682999999999993	3443.377599999999802
FEATURE	2680.075849119151826	587.335517104429982	1.029505e07	2	16.030888	0.895901	0.0	0.0	2667.692900000000009	2696.090700000000197
PEPTIDE	2670.113299999999981	587.336120605468977	0.0	0	PIAGFQLTQAK	2	R	L	q-value	MS-GF+_2026-09-01T17:45:52_7198454993515115019	NP_214914.1	284	294	-1
FEATURE	2618.994926399440828	659.373359446037966	1.028235e07	1	20.338633	0.837911	0.0	0.0	2603.981900000000223	2640.184900000000198
FEATURE	2856.85460083865928	847.908858328042925	1.027609e07	2	19.171967	0.86212	0.0	0.0	2843.563799999999901	2876.898299999999836
FEATURE	4563.261141845468046	463.197053332998451	1.027162e07	1	26.205889	0.738167	0.0	0.0	4544.335100000000239	4584.853000000000066
FEATURE	4464.352979413062712	383.181437676153848	1.02563e07	1	22.662497	0.91439	0.0	0.0	4443.244700000000194	4487.854800000000068
FEATURE	1671.872648419677489	433.266211289036846	1.025551e07	2	15.734468	0.834839	0.0	0.0	1657.97219999999993	1688.093200000000024
FEATURE	3812.476684593498703	497.153645462761574	1.024789e07	1	27.062572	0.897129	0.0	0.0	3788.232899999999972	3840.534799999999905
FEATURE	1955.658224464469186	468.252725962780346	1.024301e07	3	18.23307	0.849388	0.0	0.0	1943.105299999999943	1972.360500000000002
PEPTIDE	1957.652299999999968	468.252685546875	1.21580547112462e-03	0	GAEIFATAGNPAKR	3	K	A	q-value	MS-GF+_2026-09-01T17:45:52_7198454993515115019	NP_217456.1	1582	1595	-1
FEATURE	3112.700219221730094	1051.96982554643705	1.023839e07	2	15.891223	0.881565	0.0	0.0	3097.993199999999888	3129.295599999999922
PEPTIDE	3101.786000000000058	1051.974365234380002	0.0	0	DGAPLMYDETGYAGLSDTAR	2	K	H	q-value	MS-GF+_2026-09-01T17:45:52_7198454993515115019	NP_216736.1	283	302	-1
FEATURE	2818.137881833932624	511.107564624566862	1.022701e07	1	31.407076	0.866554	0.0	0.0	2798.501600000000053	2841.753499999999804
FEATURE	1776.665382873359022	606.80882672639973	1.021101e07	2	18.5117	0.871716	0.0	0.0	1759.281400000000076	1792.98479999999995
PEPTIDE	1766.498499999999922	606.807922363281023	0.0	0	ALAAEDPVPSDK	2	R	H	q-value	MS-GF+_2026-09-01T17:45:52_7198454993515115019	NP_217040.1	95	106	-1
FEATURE	4626.715206634621609	478.207918370713458	1.020939e07	1	13.424554	0.906706	0.0	0.0	4618.57300000000032	4637.882999999999811
FEATURE	2728.37778841816862	853.393076646385453	1.020938e07	2	18.990833	0.844171	0.0	0.0	2715.050900000000183	2746.270500000000084
FEATURE	1968.322219498772938	509.27346748494142	1.019319e07	2	14.452572	0.855814	0.0	0.0	1953.480299999999943	1982.622800000000098
PEPTIDE	1955.419900000000098	509.274291992188012	6.1652281134402e-04	0	GEGC(Carbamidomethyl)GVVVLK	2	R	R	q-value	MS-GF+_2026-09-01T17:45:52_7198454993515115019	NP_217450.1	270	279	-1
FEATURE	2633.438373312294971	733.378416626014996	1.017421e07	2	13.824201	0.880688	0.0	0.0	2619.409599999999955	2646.939899999999852
PEPTIDE	2622.210199999999986	733.377990722656023	0.0	0	QVFLAGASGM(Oxidation)ALER	2	R	R	q-value	MS-GF+_2026-09-01T17:45:52_7198454993515115019	NP_218376.1	143	156	-1
FEATURE	2401.784827781037166	768.389599920884734	1.015168e07	2	14.701604	0.879408	0.0	0.0	2389.896400000000085	2417.308700000000044
PEPTIDE	2393.293500000000222	768.385986328125	0.0	0	LVGVSVDSDGTPAYR	2	R	L	q-value	MS-GF+_2026-09-01T17:45:52_7198454993515115019	NP_216348.1	300	314	-1
FEATURE	2803.074046374288173	622.328605708755049	1.014801e07	2	14.539744	0.90603	0.0	0.0	2790.280799999999999	2818.363100000000031
PEPTIDE	2793.52370000000019	622.328430175781023	0.0	0	YGAYPYAIAVR	2	R	E	q-value	MS-GF+_2026-09-01T17:45:52_7198454993515115019	NP_216992.1	289	299	-1
FEATURE	2893.162452847061104	654.017853920827747	1.013685e07	3	15.024529	0.875148	0.0	0.0	2879.990099999999984	2908.778299999999945
PEPTIDE	2883.811299999999847	654.017700195312045	0.0	0	IVNEPTAAALAYGLDKGEK	3	R	E	q-value	MS-GF+_2026-09-01T17:45:52_7198454993515115019	NP_214864.1	143	161	-1
FEATURE	1707.725463612688373	408.732238369878758	1.012782e07	2	19.696894	0.843443	0.0	0.0	1691.854900000000043	1728.114100000000008
PEPTIDE	1707.898999999999887	408.732086181641023	1.68255748738082e-03	0	GAELLGTR	2	R	Y	q-value	MS-GF+_2026-09-01T17:45:52_7198454993515115019	NP_216052.1	293	300	-1
FEATURE	2862.652235969671892	582.316406899431627	1.011771e07	3	16.419397	0.833375	0.0	0.0	2850.008600000000115	2879.990099999999984
FEATURE	4598.80049853478522	527.374103698213276	1.011206e07	1	9.04805	0.837545	0.0	0.0	4592.743000000000393	4607.854900000000271
FEATURE	2856.244911537226017	922.39855427863904	1.010413e07	1	35.399334	0.863935	0.0	0.0	2843.563799999999901	2874.666299999999865
FEATURE	2445.418046433494965	542.26655753726493	1.009225e07	2	19.544064	0.862078	0.0	0.0	2431.603000000000066	2465.893599999999879
FEATURE	2282.335524381437153	611.65962711562895	1.008416e07	3	11.330946	0.781142	0.0	0.0	2273.296699999999873	2293.496799999999894
PEPTIDE	2275.077999999999975	611.659423828125	6.1652281134402e-04	0	AAAAHVLPDAQLTAAEQR	3	R	A	q-value	MS-GF+_2026-09-01T17:45:52_7198454993515115019	NP_218317.1	1111	1128	-1
FEATURE	1269.937646499304037	654.832628349731181	1.00799e07	2	12.394593	0.825145	0.0	0.0	1257.829600000000028	1281.8279
FEATURE	4249.748808407343859	430.048222244616284	1.007324e07	1	54.429226	0.805564	0.0	0.0	4212.064699999999903	4289.393299999999726
FEATURE	2819.959039757102801	746.859227698983659	1.007273e07	2	14.272968	0.875433	0.0	0.0	2804.949500000000171	2831.244999999999891
FEATURE	2579.85155121746493	730.375700364624436	1.007009e07	2	18.361738	0.851174	0.0	0.0	2563.057999999999993	2594.345299999999952
PEPTIDE	2565.231400000000122	730.380187988281023	6.1652281134402e-04	0	VEDVLGLPQNTM(Oxidation)K	2	R	I	q-value	MS-GF+_2026-09-01T17:45:52_7198454993515115019	NP_216353.1	415	427	-1
PEPTIDE	2596.410400000000209	730.375427246093977	6.1652281134402e-04	0	VEDVLGLPQNTM(Oxidation)K	2	R	I	q-value	MS-GF+_2026-09-01T17:45:52_7198454993515115019	NP_216353.1	415	427	-1
FEATURE	2217.534923217285723	1034.463621962593379	1.006649e07	1	18.452211	0.887911	0.0	0.0	2211.100399999999809	2232.35590000000002
FEATURE	1961.095562454099309	392.737367841946991	1.006119e07	2	14.971402	0.858387	0.0	0.0	1947.652199999999994	1972.360500000000002
PEPTIDE	1952.721299999999928	392.737213134766023	5.353319057815841e-03	0	ALPNLTR	2	M	D	q-value	MS-GF+_2026-09-01T17:45:52_7198454993515115019	YP_177885.1	1	7	-1
FEATURE	3320.016336039919224	763.840228253839655	1.003881e07	2	16.925449	0.868173	0.0	0.0	3302.784000000000106	3336.657999999999902
PEPTIDE	3323.458500000000186	763.840026855468977	0.0	0	TGDSFWAAADQMAR	2	R	G	q-value	MS-GF+_2026-09-01T17:45:52_7198454993515115019	NP_216757.3	611	624	-1
FEATURE	4374.548371403694546	447.074747674264302	9.989856e06	1	41.223694	0.84576	0.0	0.0	4334.542999999999665	4415.225300000000061
FEATURE	3874.061672041767451	445.120383362101961	9.958524e06	1	33.230629	0.889427	0.0	0.0	3858.913100000000213	3892.902900000000045
FEATURE	2369.098599376346556	1030.499663852902131	9.945478e06	1	15.878077	0.860922	0.0	0.0	2359.884900000000016	2385.659500000000207
FEATURE	2387.091896187185739	607.320328936772171	9.916302e06	2	14.991497	0.897868	0.0	0.0	2373.788399999999911	2401.964300000000094
FEATURE	1946.281806424400884	582.296207411193223	9.867479e06	2	24.768951	0.865798	0.0	0.0	1933.723799999999983	1972.360500000000002
PEPTIDE	1929.741500000000087	582.297729492187955	0.0	0	YITHFPETR	2	K	E	q-value	MS-GF+_2026-09-01T17:45:52_7198454993515115019	NP_214725.1	202	210	-1
FEATURE	4475.496278902288395	461.895848640820134	9.867097e06	1	76.300987	0.888267	0.0	0.0	4423.664700000000266	4510.662999999999556
FEATURE	2089.778478422077569	596.803890567177177	9.854837e06	2	13.710937	0.842725	0.0	0.0	2081.904899999999998	2102.885999999999967
PEPTIDE	2078.03879999999981	596.803283691406023	0.0	0	VGSDLVMSASAR	2	R	L	q-value	MS-GF+_2026-09-01T17:45:52_7198454993515115019	NP_217040.1	1314	1325	-1
FEATURE	1786.889680720265687	821.404095658439587	9.846871e06	1	21.890375	0.888998	0.0	0.0	1767.313699999999926	1805.810699999999997
FEATURE	1425.114913265826317	795.319601417542685	9.845104e06	3	13.458544	0.804174	0.0	0.0	1412.427400000000034	1439.195999999999913
FEATURE	2202.374975170510425	369.198510301882322	9.841833e06	4	13.963277	0.862019	0.0	0.0	2190.605000000000018	2215.984699999999975
FEATURE	3721.593485624871846	492.186600847780085	9.839333e06	1	58.142929	0.820576	0.0	0.0	3701.686900000000151	3778.934799999999996
FEATURE	3011.506649721751728	499.339460658944347	9.829455e06	1	20.514235	0.90151	0.0	0.0	2996.485599999999977	3033.098899999999958
FEATURE	2808.038921167315493	902.448951275088803	9.829437e06	2	19.254816	0.914945	0.0	0.0	2788.407999999999902	2826.734899999999925
FEATURE	1664.843286529589705	455.747535831615835	9.825681e06	2	16.458616	0.841881	0.0	0.0	1647.814800000000105	1682.226400000000012
PEPTIDE	1680.005000000000109	455.748199462891023	4.3956043956044e-03	0	YTEASLVK	2	R	A	q-value	MS-GF+_2026-09-01T17:45:52_7198454993515115019	NP_218163.1	516	523	-1
FEATURE	2508.171024496983591	697.31437469414584	9.818726e06	2	16.879812	0.848727	0.0	0.0	2494.059499999999844	2525.828500000000076
PEPTIDE	2496.471399999999903	697.315673828125	0.0	0	YHDDAIMFEPR	2	R	Y	q-value	MS-GF+_2026-09-01T17:45:52_7198454993515115019	NP_218317.1	1662	1672	-1
FEATURE	1575.846475284745111	758.41674691148387	9.770795e06	1	21.901562	0.877332	0.0	0.0	1559.252899999999954	1597.843399999999974
FEATURE	1837.785870603980129	436.745474022518124	9.767183e06	2	20.181936	0.829105	0.0	0.0	1826.934899999999971	1857.904800000000023
PEPTIDE	1835.297700000000077	436.745300292968977	6.1652281134402e-04	0	SPTGELLR	2	R	I	q-value	MS-GF+_2026-09-01T17:45:52_7198454993515115019	NP_216992.1	133	140	-1
FEATURE	2786.198550770790007	869.410883194218741	9.749584e06	2	14.443569	0.902136	0.0	0.0	2772.205599999999777	2801.343299999999999
PEPTIDE	2777.722400000000107	869.410217285156023	0.0	0	LEQINDGYQDMLNGK	2	K	N	q-value	MS-GF+_2026-09-01T17:45:52_7198454993515115019	YP_177754.1	347	361	-1
FEATURE	1824.117255131485763	1010.469151921868047	9.730119e06	1	14.883228	0.862369	0.0	0.0	1812.016900000000078	1838.490299999999934
FEATURE	2059.361674195898104	498.743291163775552	9.69421e06	2	13.114981	0.88756	0.0	0.0	2046.77800000000002	2070.492999999999938
FEATURE	2549.566485034281868	504.767179719938383	9.691324e06	2	16.004444	0.87864	0.0	0.0	2534.043099999999868	2565.825400000000173
FEATURE	3878.672648667462454	525.169629286379973	9.690409e06	1	28.156757	0.894216	0.0	0.0	3849.953100000000177	3908.292899999999918
FEATURE	1993.124304314095298	621.786209455369772	9.688815e06	2	16.925941	0.872996	0.0	0.0	1979.949299999999994	2009.392200000000003
FEATURE	2623.27563396369851	405.064376381588204	9.672037e06	1	38.37257	0.896699	0.0	0.0	2609.546100000000024	2653.956299999999828
FEATURE	3125.082749010354291	808.899463694552878	9.667415e06	2	14.97711	0.906104	0.0	0.0	3109.801199999999881	3140.227199999999812
PEPTIDE	3112.536999999999807	808.900512695312045	0.0	0	GGGPLC(Carbamidomethyl)VTDANVMLGR	2	R	I	q-value	MS-GF+_2026-09-01T17:45:52_7198454993515115019	NP_214780.1	350	365	-1
FEATURE	2656.502520573328184	643.894176110507146	9.662209e06	2	14.869123	0.873894	0.0	0.0	2643.564699999999903	2671.328700000000026
FEATURE	2882.929256546596207	727.208764112524818	9.639546e06	1	25.262615	0.840502	0.0	0.0	2863.852699999999913	2908.778299999999945
FEATURE	1574.747365893957067	534.27715277813013	9.606994e06	2	20.642521	0.823202	0.0	0.0	1560.269399999999905	1579.717399999999998
FEATURE	2501.240959730132545	617.300859974237028	9.597256e06	2	21.990274	0.892525	0.0	0.0	2481.385000000000218	2521.878299999999854
PEPTIDE	2485.532999999999902	617.300170898437955	0.0	0	M(Oxidation)ITTPTDWPR	2	K	Y	q-value	MS-GF+_2026-09-01T17:45:52_7198454993515115019	NP_218317.1	506	515	-1
PEPTIDE	2516.352499999999964	617.298828125	6.1652281134402e-04	0	M(Oxidation)ITTPTDWPR	2	K	Y	q-value	MS-GF+_2026-09-01T17:45:52_7198454993515115019	NP_218317.1	506	515	-1
FEATURE	3491.974647443110825	581.061442645545753	9.588762e06	1	29.334433	0.832073	0.0	0.0	3462.046600000000126	3522.841600000000199
FEATURE	1768.135591784975759	503.765546534032467	9.573365e06	2	21.098358	0.831163	0.0	0.0	1763.241800000000012	1790.328500000000076
FEATURE	2271.154942004878649	554.294044164133879	9.572637e06	2	17.163738	0.858608	0.0	0.0	2261.255700000000161	2286.254199999999855
PEPTIDE	2260.483200000000124	554.293029785156023	6.1652281134402e-04	0	GTFIINGTER	2	K	V	q-value	MS-GF+_2026-09-01T17:45:52_7198454993515115019	NP_215181.1	157	166	-1
FEATURE	4569.651357327276855	448.229416562579218	9.562057e06	1	6.553413	0.87459	0.0	0.0	4563.523000000000138	4575.834899999999834
FEATURE	1738.165219517549986	521.950255000603875	9.555252e06	3	14.763921	0.790551	0.0	0.0	1723.20659999999998	1746.130000000000109
PEPTIDE	1733.120599999999968	521.950317382812045	1.68255748738082e-03	0	LAKDEKVEYVDVR	3	K	F	q-value	MS-GF+_2026-09-01T17:45:52_7198454993515115019	NP_216736.1	11	23	-1
FEATURE	2259.283199264347786	641.83662550184215	9.547003e06	2	14.069012	0.891615	0.0	0.0	2244.882999999999811	2268.463600000000042
PEPTIDE	2248.501499999999851	641.833129882812045	0.0	0	EIPEITAQEPR	2	R	L	q-value	MS-GF+_2026-09-01T17:45:52_7198454993515115019	NP_216043.1	1309	1319	-1
FEATURE	2217.462384202170142	388.073778189691211	9.544686e06	1	34.560539	0.833023	0.0	0.0	2205.393599999999879	2240.36869999999999
FEATURE	2524.528114388090216	549.793505775946869	9.517159e06	2	17.86245	0.879548	0.0	0.0	2508.059099999999944	2530.673200000000179
PEPTIDE	2509.191400000000158	549.794616699218977	6.1652281134402e-04	0	IPDEDLAGLR	2	K	T	q-value	MS-GF+_2026-09-01T17:45:52_7198454993515115019	NP_216760.1	58	67	-1
FEATURE	1991.837122941102507	450.73268427298882	9.489139e06	2	19.701443	0.863617	0.0	0.0	1978.61830000000009	2012.481899999999996
PEPTIDE	2009.14429999999993	450.734191894531023	7.284079084287201e-03	0	TNYFVTR	2	R	Q	q-value	MS-GF+_2026-09-01T17:45:52_7198454993515115019	NP_216992.1	752	758	-1
FEATURE	1533.133148702679591	722.324163113414215	9.488416e06	2	16.396454	0.85943	0.0	0.0	1517.093000000000075	1550.442000000000007
FEATURE	1851.797571824812394	658.76616561559058	9.429527e06	2	13.903526	0.862582	0.0	0.0	1840.538199999999961	1865.305900000000065
FEATURE	2790.674182072427357	585.314881822782922	9.420366e06	1	19.567129	0.924778	0.0	0.0	2771.278299999999945	2811.045500000000175
FEATURE	2621.58847991458515	564.311005624544123	9.415657e06	2	15.96802	0.8903	0.0	0.0	2604.882999999999811	2637.186099999999897
FEATURE	2282.161274965516895	564.272771261670755	9.403997e06	2	17.715654	0.889866	0.0	0.0	2274.034000000000106	2296.379899999999907
PEPTIDE	2274.835399999999936	564.271728515625	0.0	0	SYWIENSTK	2	R	A	q-value	MS-GF+_2026-09-01T17:45:52_7198454993515115019	NP_217451.1	1210	1218	-1
FEATURE	2034.96035605375846	493.299933880054596	9.380626e06	2	16.496365	0.864179	0.0	0.0	2020.069700000000012	2052.413100000000213
PEPTIDE	2023.262500000000045	493.303985595703011	6.1652281134402e-04	0	LVIVESPTK	2	R	A	q-value	MS-GF+_2026-09-01T17:45:52_7198454993515115019	NP_218163.1	19	27	-1
FEATURE	3025.361709500767574	664.341760871864949	9.353332e06	2	14.581183	0.850451	0.0	0.0	3012.202999999999975	3039.872600000000148
PEPTIDE	3016.603999999999815	664.341613769531023	0.0	0	IYQEIINFC(Carbamidomethyl)K	2	R	T	q-value	MS-GF+_2026-09-01T17:45:52_7198454993515115019	NP_214580.1	386	395	-1
FEATURE	1791.258590737859549	602.285873099211358	9.352591e06	2	14.282738	0.848784	0.0	0.0	1776.873299999999972	1805.810699999999997
PEPTIDE	1802.886600000000044	602.285217285156023	0.0	0	EILDHYEER	2	K	A	q-value	MS-GF+_2026-09-01T17:45:52_7198454993515115019	NP_215182.1	743	751	-1
FEATURE	2844.607792109477032	933.395040614564778	9.343557e06	1	38.513374	0.867787	0.0	0.0	2828.543299999999817	2872.078199999999924
FEATURE	2283.332799923371113	821.901253854849301	9.341629e06	2	12.135998	0.874116	0.0	0.0	2275.350199999999859	2294.980599999999868
PEPTIDE	2277.778299999999945	821.898315429687955	0.0	0	TTLIDVDEHTDVER	2	R	V	q-value	MS-GF+_2026-09-01T17:45:52_7198454993515115019	NP_217456.1	1359	1372	-1
FEATURE	2887.091407556376907	544.276768666978001	9.314683e06	1	34.829437	0.892966	0.0	0.0	2863.852699999999913	2906.35109999999986
FEATURE	3062.132216785978926	762.919227166750602	9.313947e06	2	14.553938	0.887891	0.0	0.0	3047.738199999999779	3076.978900000000067
FEATURE	2581.76441663227115	604.354457090455753	9.282367e06	1	22.812099	0.883067	0.0	0.0	2561.33159999999998	2602.088799999999992
FEATURE	2128.195928892736447	980.45937724501573	9.277578e06	1	16.027311	0.875656	0.0	0.0	2115.616300000000138	2144.779399999999896
FEATURE	3684.512035313936394	453.293797017608767	9.262109e06	1	20.7052	0.917867	0.0	0.0	3666.802999999999884	3706.252899999999954
FEATURE	3178.542078376089194	492.803435908532435	9.258998e06	2	16.317495	0.906151	0.0	0.0	3162.04950000000008	3195.08640000000014
PEPTIDE	3167.084499999999935	492.803802490233977	6.1652281134402e-04	0	VLLWAVQR	2	K	L	q-value	MS-GF+_2026-09-01T17:45:52_7198454993515115019	NP_217040.1	2241	2248	-1
FEATURE	3524.447043779141495	489.314912037444685	9.247078e06	2	17.630798	0.863944	0.0	0.0	3506.764700000000175	3542.361899999999878
FEATURE	1606.830816542905268	530.76704285303731	9.235494e06	2	25.093323	0.885546	0.0	0.0	1598.641399999999976	1624.744599999999991
PEPTIDE	1609.365999999999985	530.766296386718977	0.0	0	ELEAADSGIR	2	R	S	q-value	MS-GF+_2026-09-01T17:45:52_7198454993515115019	NP_214914.1	91	100	-1
FEATURE	3160.625959713089742	630.316802793894226	9.23327e06	1	56.086491	0.87694	0.0	0.0	3125.351200000000063	3176.146499999999833
FEATURE	2300.873522995629628	653.362321797768914	9.229553e06	2	11.980443	0.875189	0.0	0.0	2289.994900000000143	2312.985400000000027
FEATURE	1791.1286015271412	583.788254599274296	9.229487e06	2	14.09444	0.8739	0.0	0.0	1778.351100000000088	1805.810699999999997
PEPTIDE	1779.15300000000002	583.787902832031023	6.1652281134402e-04	0	LYADAGLDNSK	2	K	E	q-value	MS-GF+_2026-09-01T17:45:52_7198454993515115019	NP_215330.1;NP_217633.1	216;216	226;226	-1
FEATURE	3295.080616990711405	635.248552825483898	9.220002e06	1	29.783409	0.915634	0.0	0.0	3268.994000000000142	3325.592299999999796
FEATURE	1811.298745491906629	508.300587885521907	9.186057e06	2	15.710128	0.840291	0.0	0.0	1796.231700000000046	1827.823000000000093
FEATURE	1965.76561455273054	583.296381521808939	9.184053e06	2	14.611862	0.862307	0.0	0.0	1950.537900000000036	1978.61830000000009
FEATURE	2339.644719754962807	405.202457060383608	9.165845e06	2	20.786633	0.847789	0.0	0.0	2324.157999999999902	2361.262900000000172
PEPTIDE	2328.569800000000214	405.202514648438012	6.1652281134402e-04	0	AMLFDGR	2	K	S	q-value	MS-GF+_2026-09-01T17:45:52_7198454993515115019	NP_215181.1	1001	1007	-1
FEATURE	1999.365217798659387	592.343995753962872	9.122358e06	2	15.902035	0.860117	0.0	0.0	1990.556800000000067	2014.738000000000056
PEPTIDE	1988.11200000000008	592.343811035156023	6.1652281134402e-04	0	LVLEGQAAVQR	2	R	S	q-value	MS-GF+_2026-09-01T17:45:52_7198454993515115019	YP_177885.1	839	849	-1
PEPTIDE	2019.574699999999893	592.349426269531023	1.68255748738082e-03	0	RLSALGPGGLSR	2	R	E	q-value	MS-GF+_2026-09-01T17:45:52_7198454993515115019	NP_215181.1	447	458	-1
FEATURE	3836.024674990853327	416.192155350330438	9.068238e06	1	27.808237	0.91925	0.0	0.0	3808.375	3864.823499999999967
FEATURE	1721.143143840283074	521.797775348803839	9.066521e06	2	17.436918	0.849507	0.0	0.0	1703.299400000000105	1738.589400000000069
FEATURE	1423.758656914289304	903.378714598780107	9.064918e06	2	16.184252	0.856416	0.0	0.0	1407.479199999999992	1440.635800000000018
PEPTIDE	1413.861499999999978	903.377685546875	0.0	0	GGGGGDDDDIAGSTAAGQER	2	R	R	q-value	MS-GF+_2026-09-01T17:45:52_7198454993515115019	NP_216627.1	8	27	-1
FEATURE	2471.898347888258741	495.078178235883797	9.040885e06	1	26.074448	0.872422	0.0	0.0	2457.643000000000029	2494.059499999999844
FEATURE	2194.038938175856401	705.84410795434917	9.019472e06	2	13.231692	0.857063	0.0	0.0	2180.224600000000009	2206.990800000000036
FEATURE	2707.489024714621792	718.361925716633323	9.007754e06	2	17.063417	0.894445	0.0	0.0	2693.508400000000165	2724.594399999999951
FEATURE	3138.597666711859347	629.327956760883353	9.005763e06	2	15.868945	0.885699	0.0	0.0	3124.266299999999774	3154.656500000000051
FEATURE	1443.470655662599938	685.339002672627089	8.987759e06	2	30.287216	0.800247	0.0	0.0	1424.172600000000102	1474.383599999999888
PEPTIDE	1422.184400000000096	685.338500976562045	0.0	0	HQVVNLDSSGASR	2	R	A	q-value	MS-GF+_2026-09-01T17:45:52_7198454993515115019	NP_217449.1	1443	1455	-1
PEPTIDE	1452.56269999999995	685.833984375	6.1652281134402e-04	0	SVPNGVAAGSPEER	2	R	A	q-value	MS-GF+_2026-09-01T17:45:52_7198454993515115019	NP_217451.1	1097	1110	-1
FEATURE	3344.373737983917636	610.817961953530244	8.975887e06	2	15.350248	0.898099	0.0	0.0	3329.693000000000211	3360.652799999999843
PEPTIDE	3336.041700000000219	610.817687988281023	6.1652281134402e-04	0	GFTDLAADIAAR	2	R	T	q-value	MS-GF+_2026-09-01T17:45:52_7198454993515115019	NP_214780.1	391	402	-1
FEATURE	2444.141754617974129	819.904616259148725	8.96915e06	2	14.081734	0.830432	0.0	0.0	2434.248599999999897	2458.50669999999991
PEPTIDE	2438.715799999999945	819.903869628906023	0.0	0	LYTELADSQSNELR	2	R	E	q-value	MS-GF+_2026-09-01T17:45:52_7198454993515115019	NP_217106.1	622	635	-1
FEATURE	2711.718919235333033	710.901469515179656	8.962113e06	2	15.590254	0.916443	0.0	0.0	2697.664099999999962	2727.38839999999982
FEATURE	1795.799944592784641	531.268784724163538	8.961179e06	2	15.319761	0.850453	0.0	0.0	1781.925899999999956	1812.016900000000078
FEATURE	2696.047160445142708	628.367202254245171	8.95759e06	2	14.129483	0.885335	0.0	0.0	2682.529700000000048	2710.939899999999852
PEPTIDE	2690.698499999999967	628.368225097656023	0.0	0	LTQLPDTNIIK	2	R	L	q-value	MS-GF+_2026-09-01T17:45:52_7198454993515115019	NP_214580.1	73	83	-1
FEATURE	2806.351760685702175	828.425427508450184	8.946204e06	2	14.314494	0.901778	0.0	0.0	2792.075800000000072	2819.874699999999848
FEATURE	4608.065057878074185	584.398676784734334	8.943105e06	1	13.48595	0.856566	0.0	0.0	4598.943100000000413	4616.832999999999629
FEATURE	2687.120195483881162	414.769108687800554	8.929069e06	2	15.824442	0.855561	0.0	0.0	2671.328700000000026	2703.709600000000137
PEPTIDE	2674.205599999999777	414.767608642578011	1.68255748738082e-03	0	GTLLLGVR	2	K	A	q-value	MS-GF+_2026-09-01T17:45:52_7198454993515115019	NP_215991.1	830	837	-1
FEATURE	2825.342506545461674	928.459561727768687	8.923792e06	1	28.158241	0.88072	0.0	0.0	2804.949500000000171	2848.484300000000076
FEATURE	1563.856035154550455	644.309951993010486	8.922037e06	2	10.295632	0.865482	0.0	0.0	1552.947899999999891	1573.141599999999926
FEATURE	2572.627161391245863	1232.577311147575074	8.920885e06	2	13.709872	0.861628	0.0	0.0	2563.057999999999993	2584.744200000000092
PEPTIDE	2566.399699999999939	1232.576904296880002	0.0	0	IATTVDPNSSTTALTGSTEEGQFH	2	R	]	q-value	MS-GF+_2026-09-01T17:45:52_7198454993515115019	YP_177728.1	404	427	-1
FEATURE	4145.682376737302548	437.036447393044909	8.909025e06	1	30.680193	0.812858	0.0	0.0	4119.962900000000445	4176.072799999999916
FEATURE	4598.445404382813649	572.190228156506919	8.890284e06	1	7.331305	0.819298	0.0	0.0	4592.743000000000393	4606.07300000000032
FEATURE	2846.056027792646091	456.232269942988012	8.874316e06	2	37.541214	0.895564	0.0	0.0	2819.04300000000012	2876.898299999999836
FEATURE	2335.042989781538836	699.406912402384251	8.865291e06	1	32.620712	0.850178	0.0	0.0	2315.547399999999925	2349.639500000000226
FEATURE	2012.607923070722563	781.887767305986586	8.832989e06	2	14.950067	0.868125	0.0	0.0	2001.823100000000068	2028.067999999999984
PEPTIDE	2006.713400000000092	781.887878417968977	0.0	0	EEVVTSLQGTTGGER	2	R	D	q-value	MS-GF+_2026-09-01T17:45:52_7198454993515115019	NP_218376.1	531	545	-1
FEATURE	1824.245985101371616	422.238600488772079	8.831115e06	3	10.444576	0.786789	0.0	0.0	1816.65969999999993	1831.694999999999936
PEPTIDE	1818.274499999999989	422.238800048828011	0.0	0	LVDLNHAQNIK	3	R	S	q-value	MS-GF+_2026-09-01T17:45:52_7198454993515115019	NP_215182.1	459	469	-1
FEATURE	4144.88257691380386	990.406037852629538	8.828793e06	1	18.543213	0.89438	0.0	0.0	4125.633700000000317	4164.003499999999804
FEATURE	3184.446129080649371	392.748878575763172	8.812948e06	2	18.06636	0.848402	0.0	0.0	3167.67450000000008	3202.514900000000125
FEATURE	2204.949793769490952	744.899770890636319	8.805454e06	2	14.482648	0.853417	0.0	0.0	2191.689100000000053	2219.55600000000004
FEATURE	3424.878863243330216	811.303046043744303	8.790035e06	1	26.298216	0.906557	0.0	0.0	3402.253099999999904	3451.027300000000196
FEATURE	2697.147971981766204	642.388757298870701	8.765363e06	2	14.105916	0.886826	0.0	0.0	2684.976200000000063	2710.939899999999852
PEPTIDE	2704.339599999999791	642.389282226562045	0.0	0	LVTAATATGLPLR	2	R	G	q-value	MS-GF+_2026-09-01T17:45:52_7198454993515115019	NP_216043.1	1833	1845	-1
FEATURE	2389.811004959616184	550.298589610058343	8.762034e06	2	19.900635	0.900245	0.0	0.0	2379.78229999999985	2405.424399999999878
PEPTIDE	2378.114000000000033	550.2998046875	6.1652281134402e-04	0	DAPIRDWVK	2	K	L	q-value	MS-GF+_2026-09-01T17:45:52_7198454993515115019	NP_214580.1	465	473	-1
FEATURE	2705.931114596457519	806.432834860048501	8.750034e06	1	17.131693	0.884721	0.0	0.0	2691.882599999999911	2722.870399999999791
FEATURE	2352.482171648580788	696.861629573265873	8.7455e06	2	15.001085	0.892342	0.0	0.0	2338.219099999999798	2367.085300000000188
PEPTIDE	2344.522199999999884	696.862487792968977	0.0	0	M(Oxidation)GTTVATNALLER	2	R	T	q-value	MS-GF+_2026-09-01T17:45:52_7198454993515115019	NP_214780.1	66	78	-1
FEATURE	4605.639442904436692	485.250521738818918	8.719965e06	1	9.013941	0.779223	0.0	0.0	4596.253099999999904	4614.013100000000122
FEATURE	2089.562352658153031	481.734274178084149	8.718257e06	2	15.335362	0.851505	0.0	0.0	2077.573100000000068	2105.643300000000181
PEPTIDE	2080.782000000000153	481.734191894531023	6.1652281134402e-04	0	IGIMDEER	2	K	R	q-value	MS-GF+_2026-09-01T17:45:52_7198454993515115019	NP_216353.1	428	435	-1
FEATURE	2438.033350552302181	602.820536040897309	8.710545e06	2	13.581275	0.872991	0.0	0.0	2425.551399999999831	2451.077600000000075
PEPTIDE	2442.029500000000098	602.821411132812045	0.0	0	AAGLQSYEIPR	2	R	D	q-value	MS-GF+_2026-09-01T17:45:52_7198454993515115019	NP_217106.1	574	584	-1
FEATURE	3679.020878008670024	506.198295117936084	8.699317e06	1	33.338169	0.867744	0.0	0.0	3644.053699999999935	3713.592999999999847
FEATURE	2335.823538017812098	488.319504475193469	8.693059e06	1	16.794762	0.856949	0.0	0.0	2325.799799999999777	2351.483299999999872
FEATURE	2187.509906858774684	474.303715791743116	8.691799e06	1	16.628799	0.873612	0.0	0.0	2172.560800000000199	2201.454299999999876
FEATURE	1703.104349144857679	1044.531566344413704	8.691597e06	1	14.323083	0.879039	0.0	0.0	1691.854900000000043	1717.232700000000023
FEATURE	3812.816485476200342	481.17950703384895	8.687255e06	1	26.472591	0.893934	0.0	0.0	3785.413100000000213	3834.694700000000012
FEATURE	1805.324495553347788	661.839369432257172	8.677538e06	2	14.870111	0.876181	0.0	0.0	1794.755499999999984	1816.65969999999993
PEPTIDE	1806.283100000000104	661.838073730468977	6.1652281134402e-04	0	ALGATPNTGPAPQGA	2	R	]	q-value	MS-GF+_2026-09-01T17:45:52_7198454993515115019	NP_218321.1	323	337	-1
FEATURE	3183.295676984006605	784.491778255162444	8.638169e06	1	20.410002	0.885875	0.0	0.0	3181.478000000000066	3204.598399999999856
FEATURE	2259.950816104997102	588.308793046617097	8.63463e06	2	11.267668	0.883685	0.0	0.0	2249.979400000000169	2269.239399999999932
PEPTIDE	2252.00630000000001	588.308288574218977	0.0	0	TPTVTEQMLR	2	R	N	q-value	MS-GF+_2026-09-01T17:45:52_7198454993515115019	NP_215314.1	262	271	-1
FEATURE	3569.746854035938668	551.829324377265152	8.630476e06	2	17.879311	0.90837	0.0	0.0	3552.502800000000207	3587.933700000000044
PEPTIDE	3583.55600000000004	551.830322265625	0.0	0	LGYLLDLAPK	2	R	D	q-value	MS-GF+_2026-09-01T17:45:52_7198454993515115019	NP_215182.1	113	122	-1
PEPTIDE	3553.073199999999815	551.829406738281023	0.0	0	LGYLLDLAPK	2	R	D	q-value	MS-GF+_2026-09-01T17:45:52_7198454993515115019	NP_215182.1	113	122	-1
FEATURE	4644.57693791040856	461.181590816429548	8.621295e06	1	14.372546	0.82401	0.0	0.0	4639.653000000000247	4659.232899999999972
FEATURE	2180.606978559224444	357.728960940830916	8.613512e06	2	15.241961	0.886897	0.0	0.0	2165.504899999999907	2196.031100000000151
FEATURE	1794.046065938244965	679.855016427156102	8.574593e06	2	12.327222	0.875833	0.0	0.0	1781.925899999999956	1805.810699999999997
FEATURE	3067.253102007758116	575.328576799427083	8.560901e06	1	18.94941	0.893566	0.0	0.0	3052.633200000000215	3086.958799999999883
FEATURE	1716.398006122113202	389.684953463024499	8.506324e06	2	19.614805	0.805088	0.0	0.0	1699.823200000000043	1736.994200000000092
PEPTIDE	1701.161000000000058	389.685485839843977	1.68255748738082e-03	0	DHFFGR	2	R	D	q-value	MS-GF+_2026-09-01T17:45:52_7198454993515115019	NP_216757.3	335	340	-1
PEPTIDE	1730.882700000000114	389.684814453125	4.934210526315789e-03	0	DHFFGR	2	R	D	q-value	MS-GF+_2026-09-01T17:45:52_7198454993515115019	NP_216757.3	335	340	-1
FEATURE	1604.739202327116573	816.45764038487539	8.496754e06	1	16.365194	0.862795	0.0	0.0	1593.667899999999918	1621.956400000000031
FEATURE	2421.323603917612672	907.447331025389985	8.466376e06	2	28.556576	0.814577	0.0	0.0	2403.689600000000155	2439.882999999999811
PEPTIDE	2407.912400000000162	907.448974609375	0.0	0	NVDEVTASLHNM(Oxidation)VAAAR	2	R	E	q-value	MS-GF+_2026-09-01T17:45:52_7198454993515115019	NP_215649.1	737	753	-1
FEATURE	2526.872343839561836	982.436953933393284	8.434377e06	2	13.565949	0.881461	0.0	0.0	2515.795999999999822	2541.05139999999983
PEPTIDE	2518.05639999999994	982.436218261718977	0.0	0	SVLTC(Carbamidomethyl)ATSTGVC(Carbamidomethyl)ATC(Carbamidomethyl)YGR	2	R	S	q-value	MS-GF+_2026-09-01T17:45:52_7198454993515115019	NP_215182.1	963	980	-1
FEATURE	3524.50259480320392	480.801391821312677	8.434363e06	2	17.826159	0.899909	0.0	0.0	3505.803100000000086	3542.361899999999878
FEATURE	2359.896796900351092	453.756027127871334	8.432193e06	2	14.263489	0.870615	0.0	0.0	2345.595200000000205	2374.917500000000018
PEPTIDE	2370.946500000000015	453.755401611328011	6.1652281134402e-04	0	LVDTFGVR	2	K	A	q-value	MS-GF+_2026-09-01T17:45:52_7198454993515115019	NP_217451.1	625	632	-1
FEATURE	2220.5951885955742	637.341148600685074	8.414102e06	2	16.064741	0.891261	0.0	0.0	2210.273200000000088	2237.389000000000124
PEPTIDE	2211.636500000000069	637.3408203125	0.0	0	SEEAQLVVVGSR	2	R	G	q-value	MS-GF+_2026-09-01T17:45:52_7198454993515115019	NP_217139.1	252	263	-1
FEATURE	2871.485406192292885	935.495864351974774	8.405021e06	2	13.684061	0.903565	0.0	0.0	2861.006400000000212	2885.954999999999927
FEATURE	2504.405763921507969	508.790483857769004	8.386954e06	2	17.116064	0.861028	0.0	0.0	2488.634500000000116	2521.878299999999854
FEATURE	4235.395641537714255	513.148600136918731	8.366938e06	1	28.20529	0.889976	0.0	0.0	4212.064699999999903	4264.664700000000266
FEATURE	2165.942512417691887	706.393491117040185	8.3645e06	2	16.108021	0.852838	0.0	0.0	2152.662899999999809	2179.388899999999921
FEATURE	2778.74600814721498	650.320665168971573	8.355572e06	2	16.349157	0.883008	0.0	0.0	2765.897100000000137	2795.782999999999902
PEPTIDE	2791.449500000000171	650.3203125	0.0	0	AEGAPDDALWVR	2	R	T	q-value	MS-GF+_2026-09-01T17:45:52_7198454993515115019	NP_218318.1	461	472	-1
FEATURE	2895.989947111742367	765.403798431496284	8.353209e06	2	14.796576	0.883648	0.0	0.0	2881.571399999999812	2911.133299999999963
FEATURE	2387.27470157448397	464.250586485691542	8.344031e06	2	15.494589	0.882999	0.0	0.0	2372.073499999999967	2403.689600000000155
FEATURE	4654.143289123807335	537.204874984520188	8.33112e06	1	6.709471	0.862355	0.0	0.0	4647.682999999999993	4661.012800000000425
FEATURE	4652.110451357780221	478.410966448337661	8.330525e06	1	7.05487	0.922987	0.0	0.0	4645.90310000000045	4659.232899999999972
FEATURE	3483.963665340852003	874.552208710770742	8.318932e06	1	16.69989	0.89866	0.0	0.0	3467.668700000000172	3501.03859999999986
FEATURE	2178.467963720664557	632.338575924184397	8.316963e06	2	18.395235	0.882753	0.0	0.0	2167.146299999999883	2196.031100000000151
FEATURE	3150.224612478385097	1008.516659714921389	8.314667e06	1	17.612106	0.894179	0.0	0.0	3134.967299999999796	3168.906599999999799
FEATURE	1575.348940573080427	932.481626956931336	8.309351e06	1	21.032389	0.871805	0.0	0.0	1561.400399999999991	1595.022400000000061
FEATURE	2729.144531558185463	771.838316573473207	8.306586e06	2	18.56768	0.888779	0.0	0.0	2716.293099999999868	2747.818099999999959
PEPTIDE	2719.039000000000215	771.83837890625	0.0	0	TGDSFWAAADQM(Oxidation)AR	2	R	G	q-value	MS-GF+_2026-09-01T17:45:52_7198454993515115019	NP_216757.3	611	624	-1
FEATURE	2162.930881137279812	419.153028233132261	8.304664e06	1	26.863359	0.83854	0.0	0.0	2148.593800000000101	2183.698699999999917
FEATURE	1909.340056065514091	600.299365515204045	8.286992e06	2	14.595343	0.835676	0.0	0.0	1894.444099999999935	1924.423999999999978
FEATURE	2361.734315122271255	856.421122618789013	8.286304e06	1	16.675327	0.887005	0.0	0.0	2347.608000000000175	2378.727199999999812
FEATURE	2359.079404967587834	719.384210836166403	8.279149e06	2	14.808684	0.861695	0.0	0.0	2348.315000000000055	2373.788399999999911
PEPTIDE	2350.93139999999994	719.386413574218977	0.0	0	AAGHNITVPFTPGR	2	K	T	q-value	MS-GF+_2026-09-01T17:45:52_7198454993515115019	NP_216424.1	557	570	-1
FEATURE	4570.031032132440487	471.198143121330929	8.265061e06	1	6.025462	0.897976	0.0	0.0	4564.413700000000063	4575.834899999999834
FEATURE	2296.963497853494118	1078.553351357633119	8.249609e06	1	14.803778	0.903542	0.0	0.0	2286.254199999999855	2309.291999999999916
FEATURE	3237.011357974115526	837.911970614061033	8.240515e06	2	19.680496	0.892658	0.0	0.0	3218.904700000000048	3257.346199999999953
PEPTIDE	3224.519999999999982	837.909729003906023	0.0	0	FAPLNSWPDNASLDK	2	R	A	q-value	MS-GF+_2026-09-01T17:45:52_7198454993515115019	NP_216424.1	128	142	-1
FEATURE	1712.809383094527675	400.734694231400908	8.229781e06	2	20.011202	0.835822	0.0	0.0	1695.092699999999923	1733.674999999999955
PEPTIDE	1708.132900000000063	400.734893798828011	1.68255748738082e-03	0	AIADIAAR	2	R	A	q-value	MS-GF+_2026-09-01T17:45:52_7198454993515115019	NP_216731.1	439	446	-1
FEATURE	3595.889262342642269	511.328005693325224	8.219647e06	2	15.162651	0.873252	0.0	0.0	3580.494400000000042	3611.483200000000124
FEATURE	2396.778936987307134	1017.965780174814313	8.214391e06	2	14.160719	0.885865	0.0	0.0	2383.977899999999863	2411.390300000000025
PEPTIDE	2388.955599999999777	1017.969482421880002	0.0	0	SATLTAESGDAEPIEVEC(Carbamidomethyl)R	2	R	G	q-value	MS-GF+_2026-09-01T17:45:52_7198454993515115019	YP_177855.1	1290	1308	-1
FEATURE	1789.226071692793312	655.820598102650592	8.211007e06	2	13.871501	0.887583	0.0	0.0	1776.873299999999972	1803.783200000000079
PEPTIDE	1778.875600000000077	655.819519042968977	0.0	0	DETPLSNHELR	2	R	M	q-value	MS-GF+_2026-09-01T17:45:52_7198454993515115019	NP_216052.1	189	199	-1
FEATURE	3073.056516313015891	420.027757597449124	8.198918e06	1	54.838314	0.885867	0.0	0.0	3056.169499999999971	3103.092000000000098
FEATURE	2978.228114505855501	581.299697235042004	8.194049e06	2	14.454945	0.882426	0.0	0.0	2966.258899999999812	2993.015800000000127
PEPTIDE	2966.842999999999847	581.299194335937955	0.0	0	WDLTASELAR	2	R	N	q-value	MS-GF+_2026-09-01T17:45:52_7198454993515115019	NP_214976.1	428	437	-1
FEATURE	4392.309376119248554	481.324922419799464	8.1938e06	1	21.156185	0.874701	0.0	0.0	4371.403199999999742	4413.352899999999863
FEATURE	2390.439545935959359	556.327282362840379	8.16774e06	2	14.134182	0.876883	0.0	0.0	2382.513100000000122	2405.424399999999878
PEPTIDE	2377.797399999999925	556.329711914062045	6.1652281134402e-04	0	ALSAEVAVVPR	2	R	A	q-value	MS-GF+_2026-09-01T17:45:52_7198454993515115019	NP_217299.1	356	366	-1
FEATURE	1886.188200834437339	669.83640336558301	8.142111e06	2	13.690998	0.841691	0.0	0.0	1872.644000000000006	1900.553300000000036
FEATURE	2685.471776776857951	578.339258543730011	8.103072e06	1	18.223209	0.873772	0.0	0.0	2673.034999999999854	2703.709600000000137
FEATURE	2368.830913541051359	699.406874640453452	8.084768e06	1	19.550758	0.858553	0.0	0.0	2362.954000000000178	2388.192500000000109
FEATURE	3878.907428774938126	541.144042328700039	8.056459e06	1	28.864531	0.880342	0.0	0.0	3853.02579999999989	3909.242900000000191
FEATURE	1711.372975228224959	520.279971968560062	8.036728e06	2	18.544237	0.861771	0.0	0.0	1696.698599999999942	1729.018900000000031
PEPTIDE	1700.641100000000051	520.278869628906023	1.68255748738082e-03	0	VDSVHVLDR	2	R	Y	q-value	MS-GF+_2026-09-01T17:45:52_7198454993515115019	NP_216052.1	693	701	-1
FEATURE	2303.687207674166984	429.564079835545499	8.02908e06	3	9.886488	0.806555	0.0	0.0	2294.980599999999868	2310.195600000000013
FEATURE	2183.445794878376091	899.567984829860961	8.027257e06	1	17.166983	0.874304	0.0	0.0	2167.146299999999883	2199.210099999999784
FEATURE	3026.762461790928683	532.313098921658479	8.023588e06	1	52.752865	0.874181	0.0	0.0	2999.973899999999958	3046.543099999999868
FEATURE	2015.471549960167067	610.804254557122931	8.014636e06	2	15.770926	0.878743	0.0	0.0	2003.266399999999976	2031.672800000000052
FEATURE	3080.196186212596785	657.873784380940379	8.007957e06	2	20.955437	0.878342	0.0	0.0	3067.793900000000122	3101.26339999999982
PEPTIDE	3071.427999999999884	657.8740234375	0.0	0	GLDTIAATGNILR	2	R	D	q-value	MS-GF+_2026-09-01T17:45:52_7198454993515115019	NP_214580.1	537	549	-1
FEATURE	2562.029440733120737	653.34484313313942	8.007261e06	2	14.387039	0.878792	0.0	0.0	2553.256400000000212	2576.507099999999809
PEPTIDE	2569.447799999999916	653.344787597656023	0.0	0	IIQGAESGDFLR	2	R	T	q-value	MS-GF+_2026-09-01T17:45:52_7198454993515115019	NP_215764.2	317	328	-1
FEATURE	2211.732508623017111	900.443679142383417	8.005148e06	2	15.999893	0.880932	0.0	0.0	2199.210099999999784	2226.497699999999895
FEATURE	1757.09028175215235	515.77988072459334	7.999857e06	2	12.443229	0.801782	0.0	0.0	1744.90300000000002	1769.542599999999993
FEATURE	3542.144660636293338	520.214182040212449	7.988241e06	1	29.035915	0.884227	0.0	0.0	3511.689400000000205	3572.377399999999852
FEATURE	4454.740608818305191	359.242850121631705	7.967253e06	1	32.222054	0.916499	0.0	0.0	4420.854999999999564	4488.764000000000124
FEATURE	1434.587171981848769	1065.518987087376217	7.961315e06	1	11.780155	0.884974	0.0	0.0	1425.324499999999944	1446.623000000000047
FEATURE	2808.853104188109683	671.365323233587105	7.94583e06	2	14.604903	0.906267	0.0	0.0	2795.782999999999902	2821.022599999999784
PEPTIDE	2799.389200000000074	671.366821289062045	0.0	0	LIQPVAMDEGLR	2	K	F	q-value	MS-GF+_2026-09-01T17:45:52_7198454993515115019	NP_215199.1	364	375	-1
FEATURE	4610.697634533934433	470.190392623307787	7.940858e06	1	5.454339	0.88722	0.0	0.0	4605.194900000000416	4615.953700000000026
FEATURE	2149.084481557313666	533.753256727253529	7.928618e06	2	15.717698	0.871416	0.0	0.0	2140.065500000000156	2165.504899999999907
FEATURE	3143.973825405209027	531.220790397989504	7.917383e06	1	28.720945	0.906726	0.0	0.0	3122.427200000000084	3173.99369999999999
FEATURE	3449.222165966580633	458.788251458754758	7.916687e06	2	17.818502	0.892354	0.0	0.0	3433.153099999999995	3467.668700000000172
FEATURE	2694.923939124072149	903.445483973232285	7.91233e06	2	15.672395	0.873681	0.0	0.0	2680.443699999999808	2710.939899999999852
FEATURE	2979.933275199408854	521.764647075920721	7.887467e06	2	15.908078	0.882709	0.0	0.0	2967.412100000000009	2995.790300000000116
PEPTIDE	2967.124499999999898	521.763977050781023	6.1652281134402e-04	0	FLDDYLTR	2	K	R	q-value	MS-GF+_2026-09-01T17:45:52_7198454993515115019	YP_177855.1	45	52	-1
FEATURE	3449.351843128218661	467.301480198344393	7.886347e06	2	17.074553	0.879029	0.0	0.0	3433.153099999999995	3466.44210000000021
FEATURE	3009.78062215226646	765.338611841527609	7.884757e06	2	32.867081	0.835822	0.0	0.0	2998.133499999999913	3027.876999999999953
FEATURE	1949.574762555426105	390.2060158677902	7.884049e06	2	19.37842	0.883994	0.0	0.0	1934.792400000000043	1967.342100000000073
FEATURE	1735.661964769976521	847.45176288191135	7.87981e06	1	21.074228	0.895979	0.0	0.0	1720.103800000000092	1757.058600000000069
FEATURE	1698.10127233215394	551.287980022368174	7.847792e06	2	16.026882	0.849603	0.0	0.0	1689.408599999999979	1714.633299999999963
FEATURE	2151.771538671505823	898.919511570256077	7.846749e06	2	12.847293	0.905101	0.0	0.0	2140.833099999999831	2162.519200000000183
PEPTIDE	2142.760499999999865	898.916625976562045	0.0	0	ASYVDVDEQTGAESVAR	2	K	Q	q-value	MS-GF+_2026-09-01T17:45:52_7198454993515115019	NP_216043.1	1359	1375	-1
FEATURE	2496.234135099668038	649.818837386876453	7.844963e06	2	17.761725	0.883661	0.0	0.0	2480.274899999999889	2514.634799999999814
FEATURE	1818.32959333903068	687.85365034941151	7.8254e06	2	17.061369	0.813129	0.0	0.0	1809.559799999999996	1826.042999999999893
PEPTIDE	1812.514499999999998	687.852294921875	0.0	0	GLQLGTGASQASER	2	R	A	q-value	MS-GF+_2026-09-01T17:45:52_7198454993515115019	NP_216043.1	1178	1191	-1
FEATURE	4481.54440187822911	469.158504096498575	7.812305e06	1	19.359423	0.873723	0.0	0.0	4462.834700000000339	4498.855400000000373
FEATURE	3315.343030657570125	680.408124584287521	7.808663e06	1	20.490513	0.881697	0.0	0.0	3296.403099999999995	3336.657999999999902
FEATURE	2178.633851850299379	877.407565716612453	7.803863e06	2	14.552159	0.817683	0.0	0.0	2165.504899999999907	2191.689100000000053
PEPTIDE	2168.280499999999847	877.406127929687955	0.0	0	LEQINDGYQDM(Oxidation)LNGK	2	K	N	q-value	MS-GF+_2026-09-01T17:45:52_7198454993515115019	YP_177754.1	347	361	-1
FEATURE	2234.896762107364339	495.270393344618242	7.787058e06	2	20.91552	0.883908	0.0	0.0	2222.394200000000183	2256.546800000000076
PEPTIDE	2231.536399999999958	495.2705078125	0.0	0	M(Oxidation)PAVTDLVK	2	R	E	q-value	MS-GF+_2026-09-01T17:45:52_7198454993515115019	NP_214864.1	318	326	-1
FEATURE	2374.576013942873033	692.894312383937177	7.778273e06	2	17.048878	0.855812	0.0	0.0	2362.954000000000178	2390.964300000000094
PEPTIDE	2365.155799999999999	692.893493652343977	0.0	0	AAALNIVPTSTGAAK	2	R	A	q-value	MS-GF+_2026-09-01T17:45:52_7198454993515115019	NP_215952.1	205	219	-1
FEATURE	2689.102821496207071	853.909955945377647	7.776198e06	2	15.12013	0.885972	0.0	0.0	2674.779700000000048	2704.946399999999812
FEATURE	3814.16065438264468	459.197636693984805	7.772746e06	1	25.705698	0.9002	0.0	0.0	3791.062800000000152	3841.431500000000142
FEATURE	2304.595744749474761	444.208031775283246	7.772087e06	2	14.212005	0.812611	0.0	0.0	2294.980599999999868	2317.850199999999859
PEPTIDE	2297.393599999999879	444.20849609375	6.1652281134402e-04	0	FELYC(Carbamidomethyl)R	2	R	Q	q-value	MS-GF+_2026-09-01T17:45:52_7198454993515115019	NP_217040.1	247	252	-1
FEATURE	1990.194315918326538	602.830839746643051	7.769268e06	2	14.632657	0.880688	0.0	0.0	1980.722099999999955	2003.266399999999976
PEPTIDE	1981.234699999999975	602.829528808593977	0.0	0	ISATEINTTVR	2	R	G	q-value	MS-GF+_2026-09-01T17:45:52_7198454993515115019	NP_216043.1	2077	2087	-1
FEATURE	4649.917259774664672	448.233669607820559	7.766733e06	1	10.092664	0.807123	0.0	0.0	4639.653000000000247	4660.124700000000303
FEATURE	2861.202090515288546	773.325880044793166	7.735057e06	2	31.62455	0.837944	0.0	0.0	2846.456099999999879	2885.954999999999927
FEATURE	2098.090091680556725	560.791253387501683	7.719804e06	2	16.720377	0.871716	0.0	0.0	2086.654500000000098	2113.992999999999938
FEATURE	2367.244623456739646	515.753434097372519	7.717731e06	2	15.946705	0.842237	0.0	0.0	2359.884900000000016	2381.833299999999781
FEATURE	3422.709289388257275	796.189947416857422	7.71209e06	1	33.152653	0.866889	0.0	0.0	3394.858999999999924	3451.027300000000196
FEATURE	2557.609861754332542	491.796377676919917	7.700515e06	2	28.713209	0.884247	0.0	0.0	2542.787800000000061	2578.516399999999976
FEATURE	1824.07101352318773	632.854530561997194	7.698651e06	2	12.744608	0.869138	0.0	0.0	1815.127999999999929	1837.153700000000072
PEPTIDE	1822.066499999999905	632.854675292968977	0.0	0	LVDLNHAQNIK	2	R	S	q-value	MS-GF+_2026-09-01T17:45:52_7198454993515115019	NP_215182.1	459	469	-1
FEATURE	1574.532820895199848	1041.559596384121278	7.658475e06	1	11.411532	0.843974	0.0	0.0	1565.504500000000007	1586.238200000000006
FEATURE	3452.322226177719585	730.877624209277428	7.654103e06	2	15.389844	0.884748	0.0	0.0	3436.297000000000025	3467.668700000000172
PEPTIDE	3439.970499999999902	730.877502441406023	0.0	0	GNPLPAEYMLLDK	2	K	A	q-value	MS-GF+_2026-09-01T17:45:52_7198454993515115019	NP_216424.1	600	612	-1
PEPTIDE	3471.190999999999804	730.880676269531023	0.0	0	GNPLPAEYMLLDK	2	K	A	q-value	MS-GF+_2026-09-01T17:45:52_7198454993515115019	NP_216424.1	600	612	-1
FEATURE	4021.240488339145031	377.253599831670044	7.652287e06	1	55.351002	0.719064	0.0	0.0	3994.332899999999881	4079.122899999999845
FEATURE	1858.98547301827648	712.820961067043413	7.614428e06	2	15.637701	0.865854	0.0	0.0	1848.013799999999947	1874.63130000000001
FEATURE	2737.220335645638443	629.315665562991853	7.60541e06	1	10.203484	0.845884	0.0	0.0	2727.38839999999982	2742.433599999999842
FEATURE	2864.156665024797348	1120.571664200076612	7.600231e06	1	16.523396	0.922591	0.0	0.0	2856.123000000000047	2874.666299999999865
FEATURE	1807.66019487025028	816.44752361992289	7.595663e06	1	21.502487	0.881218	0.0	0.0	1790.328500000000076	1818.527499999999918
FEATURE	2432.585581640317741	654.343113610112823	7.591103e06	2	12.447125	0.85318	0.0	0.0	2422.837100000000191	2441.51909999999998
FEATURE	2316.552908596345787	530.804167569092442	7.586086e06	2	14.835925	0.838009	0.0	0.0	2307.168999999999869	2331.183100000000195
PEPTIDE	2305.421400000000176	530.802917480468977	0.0	0	SAGSSIQLLGK	2	R	E	q-value	MS-GF+_2026-09-01T17:45:52_7198454993515115019	NP_215218.1	157	167	-1
FEATURE	1969.497570817540463	434.780263302256856	7.572845e06	2	27.356863	0.880818	0.0	0.0	1949.635199999999941	1976.569099999999935
FEATURE	1824.454655541615466	589.313514983413484	7.572496e06	2	13.66664	0.857983	0.0	0.0	1819.621900000000096	1838.490299999999934
FEATURE	3696.429837547902025	520.213984532707968	7.558779e06	1	31.310427	0.877386	0.0	0.0	3669.128999999999905	3725.104899999999816
FEATURE	1842.453239029714268	688.314339115365101	7.553116e06	2	17.774166	0.860629	0.0	0.0	1833.192099999999982	1860.665500000000066
FEATURE	2528.239128900029755	1060.565225951922912	7.553041e06	1	14.25625	0.856011	0.0	0.0	2517.194100000000162	2539.653299999999945
FEATURE	2016.481884018179471	727.446864061077918	7.542961e06	1	21.366703	0.884078	0.0	0.0	2003.266399999999976	2038.314499999999953
FEATURE	4596.443803221793132	450.076750789396613	7.530365e06	1	5.681768	0.805359	0.0	0.0	4591.86489999999958	4601.632999999999811
FEATURE	3596.221140027820184	502.814603987710655	7.519622e06	2	15.892351	0.891732	0.0	0.0	3580.494400000000042	3612.423800000000028
FEATURE	1565.449089164716497	901.476137421973021	7.511052e06	1	14.273452	0.829947	0.0	0.0	1562.174299999999903	1578.910499999999956
FEATURE	4653.808358356752251	419.170673435568347	7.509552e06	1	16.123686	0.814325	0.0	0.0	4641.434699999999793	4668.155700000000252
FEATURE	2438.485764704616031	550.315131879679029	7.508876e06	2	14.085552	0.843971	0.0	0.0	2426.707800000000134	2448.213200000000143
FEATURE	2261.284648036461476	549.830074695021949	7.505676e06	2	13.409216	0.857091	0.0	0.0	2253.397199999999884	2271.243399999999838
PEPTIDE	2252.860999999999876	549.831115722656023	6.1652281134402e-04	0	IVVQVDGQLK	2	R	T	q-value	MS-GF+_2026-09-01T17:45:52_7198454993515115019	NP_218376.1	1098	1107	-1
FEATURE	2480.799842699114834	451.125146020355203	7.505377e06	1	22.1185	0.803539	0.0	0.0	2470.494200000000092	2498.168599999999969
FEATURE	2859.437966591781787	880.795942773549768	7.493113e06	3	16.157368	0.84317	0.0	0.0	2851.396799999999985	2875.599499999999807
FEATURE	2640.706482910459272	474.287908712393175	7.471835e06	2	14.768765	0.864579	0.0	0.0	2628.01279999999997	2653.956299999999828
PEPTIDE	2633.082800000000134	474.289306640625	6.1652281134402e-04	0	FTGVGIVVR	2	R	H	q-value	MS-GF+_2026-09-01T17:45:52_7198454993515115019	YP_177855.1	484	492	-1
FEATURE	2635.226206924697181	676.323592860793951	7.446492e06	2	15.457966	0.85686	0.0	0.0	2619.409599999999955	2651.540700000000015
PEPTIDE	2624.092000000000098	676.323608398437955	0.0	0	DGDDAYLVVAADK	2	R	G	q-value	MS-GF+_2026-09-01T17:45:52_7198454993515115019	NP_216992.1	905	917	-1
FEATURE	3203.192054625447327	651.856979531647198	7.439561e06	2	17.824551	0.89712	0.0	0.0	3186.804200000000037	3222.012299999999868
PEPTIDE	3209.635699999999815	651.856811523437955	0.0	0	LEAVFGDSPLVR	2	K	Q	q-value	MS-GF+_2026-09-01T17:45:52_7198454993515115019	NP_217106.1	517	528	-1
FEATURE	2829.643410234676594	690.23328334158407	7.438235e06	1	20.773464	0.890215	0.0	0.0	2813.990299999999934	2844.663700000000063
FEATURE	2019.472216966646784	685.357911786850309	7.428792e06	2	13.252978	0.840206	0.0	0.0	2007.302500000000009	2032.343499999999949
PEPTIDE	2011.856700000000046	685.356872558593977	0.0	0	GLSTHEGALLSER	2	K	V	q-value	MS-GF+_2026-09-01T17:45:52_7198454993515115019	NP_217296.1	341	353	-1
FEATURE	2151.985164532085946	555.806767110545366	7.422929e06	2	34.126507	0.894637	0.0	0.0	2140.833099999999831	2172.560800000000199
PEPTIDE	2163.106400000000122	555.805786132812045	6.1652281134402e-04	0	NFLAAPPPQR	2	R	A	q-value	MS-GF+_2026-09-01T17:45:52_7198454993515115019	NP_215690.1	70	79	-1
FEATURE	3900.43380964479411	445.120316481309317	7.411271e06	1	27.718412	0.901111	0.0	0.0	3886.253000000000156	3913.507000000000062
FEATURE	2236.638503214558114	671.341569055335754	7.400592e06	2	13.06384	0.879267	0.0	0.0	2223.501299999999901	2249.979400000000169
FEATURE	2479.021801917367611	765.462517591416372	7.388776e06	1	17.608212	0.90586	0.0	0.0	2463.159900000000107	2496.776100000000042
FEATURE	3085.992075881622441	370.735740609913023	7.385138e06	2	19.265772	0.873799	0.0	0.0	3072.334199999999782	3105.817000000000007
FEATURE	1430.226964728258736	580.775091706142007	7.383742e06	2	14.965031	0.864492	0.0	0.0	1414.518800000000056	1445.660000000000082
FEATURE	1898.007272422335973	494.268202021170907	7.372388e06	2	13.59934	0.861782	0.0	0.0	1884.746200000000044	1911.397400000000062
FEATURE	2274.438867076225051	737.406852834467713	7.366686e06	2	15.884185	0.850762	0.0	0.0	2262.446600000000217	2289.994900000000143
PEPTIDE	2268.952000000000226	737.404418945312045	0.0	0	TQTSQSGIAIAVAAR	2	R	S	q-value	MS-GF+_2026-09-01T17:45:52_7198454993515115019	YP_177855.1	729	743	-1
FEATURE	1574.936276263666514	523.25837623729069	7.365543e06	1	17.455408	0.823225	0.0	0.0	1559.252899999999954	1579.717399999999998
FEATURE	2944.797528983073335	567.817364688393923	7.360528e06	2	15.113934	0.872073	0.0	0.0	2933.163000000000011	2959.189699999999903
PEPTIDE	2947.513699999999972	567.817687988281023	0.0	0	GQNLLTGYIR	2	R	D	q-value	MS-GF+_2026-09-01T17:45:52_7198454993515115019	NP_215533.1	154	163	-1
FEATURE	1985.552480217734683	478.282486732488849	7.3461e06	2	17.15695	0.884944	0.0	0.0	1971.569999999999936	1999.694099999999935
FEATURE	2709.42065562554717	586.32760309720004	7.342738e06	2	14.607838	0.866732	0.0	0.0	2694.790100000000166	2724.594399999999951
PEPTIDE	2699.740999999999986	586.326477050781023	0.0	0	NAELVHIFTK	2	R	D	q-value	MS-GF+_2026-09-01T17:45:52_7198454993515115019	NP_214976.1	54	63	-1
FEATURE	2306.247987424959319	491.225226823695323	7.340477e06	2	17.893127	0.828695	0.0	0.0	2291.919600000000173	2324.157999999999902
FEATURE	1292.931218757431907	701.349769466498515	7.317673e06	2	15.420784	0.810579	0.0	0.0	1277.215400000000045	1307.750700000000052
PEPTIDE	1279.611200000000054	701.352783203125	0.0	0	IAEGTAGEGGEVSPK	2	K	E	q-value	MS-GF+_2026-09-01T17:45:52_7198454993515115019	NP_218227.3	463	477	-1
PEPTIDE	1310.37740000000008	701.353271484375	0.0	0	IAEGTAGEGGEVSPK	2	K	E	q-value	MS-GF+_2026-09-01T17:45:52_7198454993515115019	NP_218227.3	463	477	-1
FEATURE	1937.028506658977904	710.922966622811259	7.297954e06	2	18.728235	0.829321	0.0	0.0	1927.425500000000056	1956.2179000000001
PEPTIDE	1929.214600000000019	710.922302246093977	6.27943485086342e-03	0	GRPADRPALLGAVK	2	R	T	q-value	MS-GF+_2026-09-01T17:45:52_7198454993515115019	NP_218317.1	444	457	-1
FEATURE	3325.337929530925976	628.224654799995051	7.295364e06	1	22.44161	0.890834	0.0	0.0	3302.784000000000106	3349.052000000000135
FEATURE	3839.669532286904996	1001.402229050892856	7.293814e06	1	26.102404	0.903317	0.0	0.0	3818.632999999999811	3865.774800000000141
FEATURE	1907.411623274732392	521.805777834211881	7.289937e06	2	12.583816	0.89842	0.0	0.0	1895.844900000000052	1919.442099999999982
PEPTIDE	1899.688000000000102	521.805419921875	1.68255748738082e-03	0	GEFIPRPVK	2	K	S	q-value	MS-GF+_2026-09-01T17:45:52_7198454993515115019	NP_215182.1	828	836	-1
FEATURE	2039.669848104747416	952.473388883075586	7.277054e06	1	16.530323	0.879003	0.0	0.0	2026.368999999999915	2055.933500000000095
FEATURE	2847.846050788082721	614.36076382070155	7.276931e06	1	48.514221	0.874373	0.0	0.0	2806.814100000000053	2897.610299999999825
FEATURE	2252.828031750950231	516.301795111281422	7.233054e06	1	34.467632	0.862826	0.0	0.0	2223.501299999999901	2262.446600000000217
FEATURE	2033.718373166144147	743.442440518399962	7.221273e06	1	23.460835	0.853012	0.0	0.0	2013.321899999999914	2051.490200000000186
FEATURE	2766.178087348816916	779.405329659547192	7.208853e06	2	17.087534	0.86327	0.0	0.0	2751.264799999999923	2784.098599999999806
FEATURE	1413.534362688962119	640.358562255787774	7.207356e06	2	20.966629	0.882711	0.0	0.0	1393.229700000000094	1430.962700000000041
FEATURE	2440.406610189147614	542.294176758623053	7.18798e06	2	13.552197	0.828912	0.0	0.0	2426.707800000000134	2454.090900000000147
PEPTIDE	2429.213400000000092	542.292297363281023	0.0	0	VPDNLAELGR	2	R	L	q-value	MS-GF+_2026-09-01T17:45:52_7198454993515115019	NP_214580.1	63	72	-1
FEATURE	4235.369139324152457	475.192637583651049	7.182318e06	1	28.319624	0.870075	0.0	0.0	4205.423099999999977	4264.664700000000266
FEATURE	3152.280050733902044	819.456098993443106	7.174311e06	2	19.083052	0.893961	0.0	0.0	3132.449099999999817	3171.260099999999966
PEPTIDE	3159.048299999999927	819.45458984375	0.0	0	AEPIFATVAPGVAAAPR	2	R	T	q-value	MS-GF+_2026-09-01T17:45:52_7198454993515115019	NP_215638.1	145	161	-1
FEATURE	2605.684397262524726	746.360906199859755	7.17341e06	2	13.37367	0.883386	0.0	0.0	2595.101999999999862	2619.409599999999955
PEPTIDE	2602.600800000000163	746.359924316406023	0.0	0	C(Carbamidomethyl)AIDLTGNTEELR	2	R	L	q-value	MS-GF+_2026-09-01T17:45:52_7198454993515115019	YP_177855.1	831	843	-1
FEATURE	2233.995528977496633	723.380581075102327	7.170038e06	2	15.645824	0.836145	0.0	0.0	2220.747299999999996	2249.979400000000169
PEPTIDE	2249.382599999999911	723.383422851562045	0.0	0	TVYAFPGQGIQHK	2	K	G	q-value	MS-GF+_2026-09-01T17:45:52_7198454993515115019	NP_217040.1	1331	1343	-1
FEATURE	2092.011167931484124	459.256248229941548	7.167061e06	2	12.98644	0.82867	0.0	0.0	2082.773000000000138	2101.398099999999886
PEPTIDE	2084.679700000000139	459.255401611328011	6.1652281134402e-04	0	SALDAVVSR	2	K	W	q-value	MS-GF+_2026-09-01T17:45:52_7198454993515115019	NP_217040.1	2290	2298	-1
FEATURE	3039.554489757538704	889.960301047387816	7.163475e06	2	14.893967	0.892415	0.0	0.0	3026.235799999999927	3054.514900000000125
FEATURE	2118.07864220633337	544.282248024889555	7.108544e06	2	14.745884	0.873564	0.0	0.0	2106.716499999999996	2128.422300000000178
PEPTIDE	2109.080599999999777	544.281311035156023	0.0	0	APLAC(Carbamidomethyl)LSEAR	2	R	Y	q-value	MS-GF+_2026-09-01T17:45:52_7198454993515115019	NP_214914.1	244	253	-1
FEATURE	2471.001743427840211	651.310127180659492	7.094449e06	2	17.214346	0.887941	0.0	0.0	2459.631199999999808	2485.824200000000019
PEPTIDE	2457.343499999999949	651.311584472656023	0.0	0	DWDPSQSTLPR	2	R	T	q-value	MS-GF+_2026-09-01T17:45:52_7198454993515115019	NP_215610.1	52	62	-1
FEATURE	1784.140438363939438	444.216655492382756	7.090511e06	2	15.546021	0.866836	0.0	0.0	1770.365399999999909	1800.531099999999924
FEATURE	3280.089082034393414	414.762420173164742	7.087607e06	2	20.391294	0.89329	0.0	0.0	3261.746399999999994	3301.21309999999994
FEATURE	2029.441599524767526	531.764541882342769	7.076576e06	2	16.303123	0.868476	0.0	0.0	2014.738000000000056	2044.763999999999896
PEPTIDE	2018.538999999999987	531.764709472656023	1.68255748738082e-03	0	DQPFITGER	2	R	T	q-value	MS-GF+_2026-09-01T17:45:52_7198454993515115019	YP_177728.1	244	252	-1
FEATURE	3185.683691840026313	630.313126322462153	7.073658e06	1	37.655323	0.886952	0.0	0.0	3185.553300000000036	3223.946800000000167
FEATURE	1713.158055496525321	395.23914080025088	7.069719e06	2	17.866072	0.833995	0.0	0.0	1708.361599999999953	1731.702999999999975
FEATURE	2745.832933347440758	677.330401163205579	7.067731e06	2	20.577074	0.868785	0.0	0.0	2732.184299999999894	2762.594500000000153
PEPTIDE	2738.527000000000044	677.331726074218977	0.0	0	SLDM(Oxidation)SVAALAGM(Oxidation)R	2	R	R	q-value	MS-GF+_2026-09-01T17:45:52_7198454993515115019	NP_217456.1	816	828	-1
FEATURE	2360.233620520211389	614.790898799478896	7.065235e06	2	17.992636	0.889184	0.0	0.0	2346.78630000000021	2378.727199999999812
PEPTIDE	2342.569800000000214	614.787414550781023	0.0	0	LYTSPEDFEK	2	K	T	q-value	MS-GF+_2026-09-01T17:45:52_7198454993515115019	NP_214877.1	179	188	-1
FEATURE	2716.384490786073002	753.873890723215027	7.058108e06	2	18.035246	0.861631	0.0	0.0	2713.583000000000084	2733.894600000000082
PEPTIDE	2714.193000000000211	753.874877929687955	0.0	0	IWSQC(Carbamidomethyl)LGVSSVDR	2	R	N	q-value	MS-GF+_2026-09-01T17:45:52_7198454993515115019	NP_217451.1	941	953	-1
FEATURE	1984.081216086280847	571.356755208931304	7.057786e06	1	22.796946	0.857405	0.0	0.0	1970.459900000000062	2001.823100000000068
FEATURE	2545.138794991406485	971.554193221117771	7.03548e06	1	16.366421	0.898329	0.0	0.0	2534.043099999999868	2561.33159999999998
FEATURE	3693.719463796922355	581.097813769325853	7.033175e06	1	36.981499	0.851003	0.0	0.0	3670.944899999999961	3732.333299999999781
FEATURE	1906.559006744523686	385.206813103701165	7.028921e06	1	29.070635	0.866505	0.0	0.0	1888.354000000000042	1919.442099999999982
FEATURE	2581.847252783803924	415.254198397320067	7.026593e06	1	22.070196	0.887999	0.0	0.0	2558.468299999999999	2597.854200000000219
FEATURE	2425.960099544260174	560.32809976875933	7.016181e06	1	24.617851	0.841797	0.0	0.0	2400.366500000000087	2442.81919999999991
FEATURE	1623.005339480228713	682.843807679284964	7.012071e06	2	16.622515	0.850218	0.0	0.0	1610.227499999999964	1637.024599999999964
PEPTIDE	1614.338400000000092	682.842407226562045	0.0	0	AAGAQIYATAGNEK	2	R	R	q-value	MS-GF+_2026-09-01T17:45:52_7198454993515115019	NP_216043.1	1580	1593	-1
FEATURE	2610.375946117409058	596.316197196428789	7.001009e06	3	9.692851	0.832565	0.0	0.0	2600.40560000000005	2612.241599999999835
PEPTIDE	2601.799799999999777	596.316101074218977	0.0	0	TVNEAVGQAGALDTTLAR	3	R	A	q-value	MS-GF+_2026-09-01T17:45:52_7198454993515115019	NP_218376.1	1190	1207	-1
FEATURE	3084.768546851698375	665.885688561043935	6.996539e06	2	17.08202	0.895009	0.0	0.0	3070.845600000000104	3101.26339999999982
PEPTIDE	3073.561999999999898	665.887573242187955	0.0	0	IPVDSIYSPVLK	2	R	V	q-value	MS-GF+_2026-09-01T17:45:52_7198454993515115019	NP_217974.1	161	172	-1
FEATURE	3237.289235413538336	493.742299488601361	6.981376e06	2	17.701016	0.88591	0.0	0.0	3222.012299999999868	3255.776400000000194
PEPTIDE	3233.196500000000015	493.742309570311988	0.0	0	FGFSEIMR	2	R	S	q-value	MS-GF+_2026-09-01T17:45:52_7198454993515115019	NP_215181.1	245	252	-1
FEATURE	1801.890865116773057	408.726738627413454	6.970548e06	2	15.56579	0.879268	0.0	0.0	1788.42710000000011	1807.361300000000028
PEPTIDE	1802.430699999999888	408.726898193358977	1.68255748738082e-03	0	DGDILVGK	2	R	V	q-value	MS-GF+_2026-09-01T17:45:52_7198454993515115019	NP_215181.1	791	798	-1
FEATURE	4481.527879841238246	453.184573189090429	6.969671e06	1	19.666307	0.884518	0.0	0.0	4461.892899999999827	4501.564900000000307
FEATURE	2846.215377702529622	1011.501224058069965	6.966047e06	1	28.771839	0.860106	0.0	0.0	2823.149699999999939	2863.852699999999913
FEATURE	2227.627042951167823	659.839249077549539	6.954389e06	2	15.518929	0.796937	0.0	0.0	2217.5945999999999	2243.566400000000158
PEPTIDE	2217.262700000000223	659.841613769531023	0.0	0	APIQTVGENFSR	2	R	R	q-value	MS-GF+_2026-09-01T17:45:52_7198454993515115019	NP_217787.1	321	332	-1
FEATURE	2381.262773427691172	829.51526122527855	6.940033e06	1	16.470911	0.90426	0.0	0.0	2367.085300000000188	2396.867799999999988
FEATURE	2047.486707893241828	913.408727047268485	6.933465e06	1	17.568174	0.848448	0.0	0.0	2032.343499999999949	2065.466899999999896
FEATURE	3089.317440065780374	737.706240391522329	6.93303e06	3	9.961804	0.824939	0.0	0.0	3078.741599999999835	3099.509100000000217
FEATURE	4235.443288358175778	497.174403845695451	6.92324e06	1	28.549854	0.891355	0.0	0.0	4207.333200000000034	4264.664700000000266
FEATURE	4607.532648244329721	567.371963352288049	6.921224e06	1	14.260576	0.872616	0.0	0.0	4599.844900000000052	4616.832999999999629
FEATURE	2734.374190065116181	479.214963610178643	6.900243e06	2	16.332146	0.861437	0.0	0.0	2722.870399999999791	2751.264799999999923
PEPTIDE	2723.422999999999774	479.214691162108977	6.1652281134402e-04	0	GNDWYFR	2	K	E	q-value	MS-GF+_2026-09-01T17:45:52_7198454993515115019	NP_214725.1	370	376	-1
FEATURE	2865.066442416228711	729.873662575096205	6.89606e06	2	16.69949	0.82082	0.0	0.0	2858.046100000000024	2877.7824999999998
PEPTIDE	2866.709499999999935	729.873596191406023	0.0	0	LEADLAELEAEGAK	2	K	A	q-value	MS-GF+_2026-09-01T17:45:52_7198454993515115019	NP_215182.1	176	189	-1
FEATURE	2904.487825024843914	582.32024609603036	6.882704e06	2	14.975198	0.903238	0.0	0.0	2891.08869999999979	2919.804799999999887
FEATURE	2980.470777809372066	875.430115533499702	6.876319e06	2	15.129716	0.81938	0.0	0.0	2966.258899999999812	2996.485599999999977
PEPTIDE	2968.557999999999993	875.425109863281023	0.0	0	MLVDTQGTDQWISAGK	2	R	A	q-value	MS-GF+_2026-09-01T17:45:52_7198454993515115019	NP_217040.1	653	668	-1
FEATURE	2318.482652034374951	844.469853690213995	6.873938e06	1	15.196785	0.886303	0.0	0.0	2305.682600000000093	2334.130599999999959
FEATURE	1965.758582908329572	462.761154513996132	6.868627e06	2	13.016438	0.864427	0.0	0.0	1954.84030000000007	1978.61830000000009
PEPTIDE	1957.911100000000033	462.761413574218977	6.1652281134402e-04	0	HLIDDALK	2	R	V	q-value	MS-GF+_2026-09-01T17:45:52_7198454993515115019	NP_217139.1	69	76	-1
FEATURE	2496.308881906736588	815.536195380890035	6.850379e06	1	16.938971	0.88102	0.0	0.0	2482.554000000000087	2513.528999999999996
FEATURE	3018.790661455188456	879.952069584532751	6.845421e06	2	13.78681	0.871875	0.0	0.0	3005.162699999999859	3033.098899999999958
PEPTIDE	3016.311999999999898	879.951416015625	0.0	0	TLGTDAVDEAGNVIVER	2	R	G	q-value	MS-GF+_2026-09-01T17:45:52_7198454993515115019	NP_215182.1	923	939	-1
FEATURE	4027.363133058090625	492.186542396156426	6.831527e06	1	25.35549	0.92598	0.0	0.0	4000.902900000000045	4053.35530000000017
FEATURE	3418.609867785936331	777.064713183966319	6.810895e06	1	25.535139	0.848337	0.0	0.0	3400.415500000000066	3445.175600000000031
FEATURE	2660.217552856417569	784.452583756549302	6.810275e06	2	17.469305	0.850738	0.0	0.0	2646.939899999999852	2678.370899999999892
FEATURE	2402.109545181108842	449.292143044023874	6.803423e06	2	17.631784	0.869665	0.0	0.0	2387.072299999999814	2420.718199999999797
FEATURE	3147.282958949316708	509.236718779767045	6.791976e06	1	50.907639	0.830329	0.0	0.0	3117.073100000000068	3200.194300000000112
FEATURE	2180.750749288022234	642.370092570094471	6.786509e06	2	14.272985	0.885764	0.0	0.0	2169.822900000000118	2194.533800000000156
PEPTIDE	2172.036999999999807	642.369323730468977	0.0	0	LVQQAIGDQLAK	2	R	M	q-value	MS-GF+_2026-09-01T17:45:52_7198454993515115019	NP_214898.1	809	820	-1
FEATURE	1730.650894626081254	530.269275934036159	6.786496e06	2	16.49843	0.849418	0.0	0.0	1717.232700000000023	1744.90300000000002
PEPTIDE	1744.332599999999957	530.269287109375	6.1652281134402e-04	0	DELQAQIDK	2	R	W	q-value	MS-GF+_2026-09-01T17:45:52_7198454993515115019	NP_216353.1	57	65	-1
FEATURE	4645.275493074593214	478.20800225672258	6.771712e06	1	18.62369	0.800466	0.0	0.0	4636.98279999999977	4662.784800000000359
FEATURE	4026.248795086582049	475.160402925375081	6.766744e06	1	25.998003	0.903668	0.0	0.0	4000.902900000000045	4053.35530000000017
FEATURE	2421.237258200144424	434.239906192582851	6.741875e06	2	18.415974	0.848371	0.0	0.0	2403.689600000000155	2437.16130000000021
PEPTIDE	2410.035400000000209	434.239807128906023	6.1652281134402e-04	0	YFPTALR	2	R	E	q-value	MS-GF+_2026-09-01T17:45:52_7198454993515115019	NP_216992.1	1317	1323	-1
FEATURE	2528.581110526033626	840.393066839552716	6.740164e06	2	14.363024	0.857306	0.0	0.0	2514.634799999999814	2541.05139999999983
PEPTIDE	2520.183300000000145	840.390625	0.0	0	SVLEEPTYEDGIGDR	2	R	N	q-value	MS-GF+_2026-09-01T17:45:52_7198454993515115019	NP_215764.2	1095	1109	-1
FEATURE	2568.398800185967048	704.320806806448331	6.729144e06	2	17.7374	0.900215	0.0	0.0	2553.256400000000212	2586.267899999999827
PEPTIDE	2559.292699999999968	704.321228027343977	0.0	0	NMFLGDPAGNTDR	2	R	V	q-value	MS-GF+_2026-09-01T17:45:52_7198454993515115019	NP_215314.1	272	284	-1
FEATURE	4494.529496535060389	458.989090175728052	6.708238e06	1	12.511303	0.777165	0.0	0.0	4482.335100000000239	4505.234800000000178
FEATURE	1439.994549768047591	525.255579333159062	6.696812e06	2	16.104031	0.854028	0.0	0.0	1432.563100000000077	1455.0
FEATURE	3521.039146074274413	492.219227742722239	6.696387e06	1	28.457069	0.862414	0.0	0.0	3497.71810000000005	3550.6253999999999
FEATURE	1600.340810734354591	653.317463329622456	6.693512e06	2	14.01327	0.838638	0.0	0.0	1590.254100000000108	1614.632599999999911
PEPTIDE	1591.820999999999913	653.319274902343977	0.0	0	KGDDVASITDER	2	R	A	q-value	MS-GF+_2026-09-01T17:45:52_7198454993515115019	NP_218163.1	888	899	-1
FEATURE	3048.707937096876322	482.312032050455628	6.685653e06	1	23.059862	0.933387	0.0	0.0	3031.841300000000047	3058.892699999999877
FEATURE	2879.674335658917244	880.459329235108498	6.684344e06	2	15.097915	0.843902	0.0	0.0	2868.078199999999924	2895.193400000000111
FEATURE	4674.153388593820637	613.215924795182104	6.673731e06	1	9.507961	0.858343	0.0	0.0	4664.572900000000118	4675.413099999999758
FEATURE	1891.252753041048209	470.219553792009435	6.669753e06	2	12.435165	0.840075	0.0	0.0	1878.986799999999903	1904.234300000000076
PEPTIDE	1896.679599999999937	470.219787597656023	6.1652281134402e-04	0	TEWANYR	2	R	S	q-value	MS-GF+_2026-09-01T17:45:52_7198454993515115019	NP_216738.1	425	431	-1
FEATURE	1914.392270580525519	446.473587027506198	6.64949e06	4	12.093921	0.822202	0.0	0.0	1904.234300000000076	1926.363499999999931
FEATURE	1994.229116908844617	450.251010936328612	6.645686e06	1	23.72748	0.802869	0.0	0.0	1980.722099999999955	2013.321899999999914
FEATURE	3028.673461914034306	894.475307778193951	6.641346e06	1	17.578503	0.881991	0.0	0.0	3014.761599999999817	3046.543099999999868
FEATURE	1795.851055023986419	681.83322559013709	6.628979e06	2	13.61069	0.836057	0.0	0.0	1781.925899999999956	1809.559799999999996
FEATURE	2600.853798776844087	569.314809229964908	6.627485e06	1	18.549944	0.839519	0.0	0.0	2587.441899999999805	2619.409599999999955
FEATURE	2418.231414279530327	490.245884480962616	6.62319e06	2	14.897844	0.874147	0.0	0.0	2403.689600000000155	2433.186900000000151
PEPTIDE	2406.554700000000139	490.246490478516023	6.27943485086342e-03	0	VEFDLSGGR	2	R	I	q-value	MS-GF+_2026-09-01T17:45:52_7198454993515115019	NP_216992.1	1156	1164	-1
FEATURE	3039.540985944915519	890.461794628931216	6.617845e06	1	15.145294	0.803673	0.0	0.0	3027.876999999999953	3055.379899999999907
FEATURE	1921.965726607089437	803.371905777012557	6.606523e06	1	16.176428	0.876689	0.0	0.0	1909.423900000000003	1938.587299999999914
FEATURE	1789.891127665312297	872.369759974944373	6.598409e06	2	12.798173	0.866	0.0	0.0	1776.873299999999972	1801.920399999999972
PEPTIDE	1781.255599999999959	872.368713378906023	0.0	0	ATSGDNHLGGDDWDQR	2	R	V	q-value	MS-GF+_2026-09-01T17:45:52_7198454993515115019	NP_214864.1	191	206	-1
FEATURE	3663.312503936283065	533.341059799823938	6.580859e06	2	18.011175	0.900694	0.0	0.0	3649.282999999999902	3680.79300000000012
FEATURE	2124.915852558484403	652.402928529533483	6.574879e06	1	16.936152	0.916114	0.0	0.0	2107.466600000000199	2140.065500000000156
FEATURE	2758.540857079710349	680.87216175614833	6.57045e06	2	14.521325	0.882379	0.0	0.0	2743.369099999999889	2765.897100000000137
FEATURE	2165.948686961985459	665.345903531601948	6.570353e06	2	22.78023	0.88932	0.0	0.0	2147.909299999999803	2182.026400000000194
PEPTIDE	2153.748300000000199	665.346801757812045	6.1652281134402e-04	0	IEQM(Oxidation)AGLLEPGR	2	R	T	q-value	MS-GF+_2026-09-01T17:45:52_7198454993515115019	NP_217040.1	461	472	-1
FEATURE	2340.912749116815576	799.884311377124618	6.561419e06	2	13.952258	0.87148	0.0	0.0	2327.451700000000074	2355.513699999999972
FEATURE	1851.814659244505037	510.72266301010842	6.559428e06	2	18.264442	0.85188	0.0	0.0	1838.490299999999934	1868.813599999999951
PEPTIDE	1842.095299999999952	510.723297119141023	6.1652281134402e-04	0	DQWDDVSR	2	R	R	q-value	MS-GF+_2026-09-01T17:45:52_7198454993515115019	YP_177855.1	1079	1086	-1
FEATURE	1672.250880801823087	406.747312881485698	6.548771e06	2	17.200954	0.848841	0.0	0.0	1659.029099999999971	1685.463199999999915
PEPTIDE	1659.82529999999997	406.747192382811988	6.1652281134402e-04	0	IGEVIGPK	2	K	G	q-value	MS-GF+_2026-09-01T17:45:52_7198454993515115019	NP_217299.1	606	613	-1
FEATURE	2847.401329166885716	946.455798843807202	6.545616e06	1	14.594198	0.871596	0.0	0.0	2838.260099999999966	2861.006400000000212
FEATURE	3638.253736888329058	520.214042079610977	6.536294e06	1	30.156826	0.872804	0.0	0.0	3612.423800000000028	3664.984199999999873
FEATURE	2284.89036144394413	835.443066452973426	6.534e06	2	12.52041	0.868653	0.0	0.0	2277.282999999999902	2296.379899999999907
PEPTIDE	2280.613800000000083	835.443969726562045	0.0	0	LVPAPTTTSGDLAAEAR	2	R	H	q-value	MS-GF+_2026-09-01T17:45:52_7198454993515115019	NP_217449.1	1426	1442	-1
FEATURE	2268.25950244927526	1037.528104324603873	6.531745e06	1	16.273636	0.87673	0.0	0.0	2261.255700000000161	2280.084800000000087
FEATURE	1900.003408523713688	595.330736813533918	6.530177e06	2	12.94673	0.869872	0.0	0.0	1891.395500000000084	1911.397400000000062
PEPTIDE	1892.41820000000007	595.328918457031023	0.0	0	TGIAQVATVSSR	2	K	D	q-value	MS-GF+_2026-09-01T17:45:52_7198454993515115019	NP_217934.1	140	151	-1
FEATURE	2761.665535449919844	738.908260420786291	6.505828e06	2	16.342005	0.901841	0.0	0.0	2747.818099999999959	2769.253400000000056
PEPTIDE	2750.636700000000019	738.906005859375	0.0	0	SVVGVTTNPSIFQK	2	K	A	q-value	MS-GF+_2026-09-01T17:45:52_7198454993515115019	NP_215964.1	40	53	-1
FEATURE	1999.621892801498007	508.269264965298248	6.504121e06	2	17.285498	0.852371	0.0	0.0	1986.494599999999991	2017.414999999999964
FEATURE	1806.918052446640786	506.756911559510911	6.500379e06	2	15.004684	0.836802	0.0	0.0	1791.806100000000015	1816.65969999999993
FEATURE	2958.561575079585964	487.271887158154698	6.494177e06	2	16.346062	0.89503	0.0	0.0	2945.30619999999999	2971.02370000000019
PEPTIDE	2951.36180000000013	487.271606445311988	6.1652281134402e-04	0	VVDWLVDK	2	R	F	q-value	MS-GF+_2026-09-01T17:45:52_7198454993515115019	NP_214864.1	207	214	-1
FEATURE	2716.747276583395433	1083.653089931165141	6.488623e06	1	14.164801	0.904742	0.0	0.0	2706.435800000000199	2729.717999999999847
FEATURE	3369.462708914308223	436.775144075182254	6.450763e06	2	19.656187	0.884467	0.0	0.0	3349.052000000000135	3390.165100000000166
FEATURE	3110.435258273770614	485.359007353774473	6.446548e06	1	20.447359	0.876809	0.0	0.0	3094.444899999999961	3131.897100000000137
FEATURE	2342.737814344460276	781.403157048492631	6.440862e06	2	15.059848	0.837171	0.0	0.0	2331.183100000000195	2358.159700000000157
PEPTIDE	2335.729499999999916	781.405517578125	0.0	0	AFGGPTVTNDGVTVAR	2	K	E	q-value	MS-GF+_2026-09-01T17:45:52_7198454993515115019	NP_217934.1	41	56	-1
FEATURE	2635.301174937022097	416.245179833978341	6.438167e06	2	12.500782	0.858373	0.0	0.0	2623.364500000000135	2646.939899999999852
PEPTIDE	2624.708999999999833	416.244995117188012	1.68255748738082e-03	0	LTLEDLK	2	K	E	q-value	MS-GF+_2026-09-01T17:45:52_7198454993515115019	NP_216757.3	412	418	-1
FEATURE	4510.50202796384292	530.134723541917424	6.423255e06	1	12.541781	0.888965	0.0	0.0	4499.710500000000138	4523.225099999999657
FEATURE	2295.218052118214473	669.326092590797543	6.422574e06	2	17.720448	0.900567	0.0	0.0	2287.331499999999778	2310.195600000000013
FEATURE	2895.966774840132075	745.858554896209739	6.419146e06	2	14.42983	0.887457	0.0	0.0	2882.535600000000159	2911.133299999999963
FEATURE	2011.015259233905908	1009.444268468232849	6.418256e06	2	14.916695	0.850326	0.0	0.0	1998.90300000000002	2025.051999999999907
FEATURE	3419.348074798256675	794.09120453494404	6.417412e06	1	25.210695	0.838012	0.0	0.0	3399.554399999999987	3444.260499999999865
FEATURE	1628.140063011059965	645.309886773730455	6.411889e06	2	16.148075	0.863093	0.0	0.0	1615.71569999999997	1643.713400000000092
PEPTIDE	1617.636400000000094	645.310729980468977	0.0	0	EYVDGSVVEHR	2	R	F	q-value	MS-GF+_2026-09-01T17:45:52_7198454993515115019	NP_216992.1	300	310	-1
FEATURE	2719.046380136239804	869.903343687460733	6.411387e06	2	13.998106	0.891865	0.0	0.0	2707.622299999999996	2733.894600000000082
FEATURE	4481.116539639457187	490.276254364176793	6.408736e06	1	20.053156	0.887837	0.0	0.0	4461.892899999999827	4501.564900000000307
FEATURE	1871.793706454996027	461.747626988992465	6.407278e06	2	15.973608	0.849692	0.0	0.0	1856.638999999999896	1878.986799999999903
FEATURE	4060.515078176249517	416.191835114791104	6.399001e06	1	58.209877	0.895243	0.0	0.0	4053.35530000000017	4104.843700000000354
FEATURE	2108.450112168502074	593.812643397092074	6.383442e06	2	15.23366	0.846552	0.0	0.0	2100.612999999999829	2119.1878999999999
FEATURE	1891.930968786874018	649.364979109057686	6.377839e06	2	13.737636	0.849289	0.0	0.0	1883.293499999999995	1905.820699999999988
PEPTIDE	1884.470700000000079	649.361694335937955	6.1652281134402e-04	0	RIPAATAEALER	2	R	T	q-value	MS-GF+_2026-09-01T17:45:52_7198454993515115019	NP_217451.1	1432	1443	-1
FEATURE	4641.167400591024489	944.34893305782623	6.36951e06	1	31.281626	0.803012	0.0	0.0	4634.323099999999613	4665.474699999999757
FEATURE	1951.638691068258368	457.75068027171335	6.36685e06	2	15.560681	0.852253	0.0	0.0	1939.637300000000096	1966.501400000000103
PEPTIDE	1942.864499999999907	457.751190185546989	6.1652281134402e-04	0	VSIEVDPR	2	R	L	q-value	MS-GF+_2026-09-01T17:45:52_7198454993515115019	NP_215964.1	108	115	-1
FEATURE	1566.159934492849061	459.256419126073638	6.362701e06	2	11.714028	0.884272	0.0	0.0	1553.811999999999898	1570.367199999999912
FEATURE	1519.670445475472434	422.742022505801572	6.361217e06	2	16.391027	0.841451	0.0	0.0	1502.610500000000002	1536.363700000000108
PEPTIDE	1503.517100000000028	422.742706298828011	9.25925925925926e-03	0	VGIPTETK	2	R	N	q-value	MS-GF+_2026-09-01T17:45:52_7198454993515115019	NP_217296.1	2	9	-1
FEATURE	3294.229007013813771	415.212242637860243	6.360226e06	1	25.895229	0.897068	0.0	0.0	3273.465499999999793	3321.014900000000125
FEATURE	1486.579867449191625	639.796244994788253	6.356273e06	2	16.324997	0.85663	0.0	0.0	1472.577299999999923	1502.610500000000002
FEATURE	1979.794512341998825	501.764714333342909	6.34544e06	2	13.111264	0.866302	0.0	0.0	1967.342100000000073	1993.108199999999897
PEPTIDE	1977.848099999999931	501.764709472656023	0.0	0	GNETEALLR	2	R	R	q-value	MS-GF+_2026-09-01T17:45:52_7198454993515115019	NP_215186.1	362	370	-1
FEATURE	2285.579738337743038	705.866636250696502	6.339245e06	2	16.179661	0.850701	0.0	0.0	2278.321800000000167	2301.422700000000077
FEATURE	2017.072382231101074	913.408539017778139	6.32408e06	1	18.950697	0.846339	0.0	0.0	2008.354700000000094	2033.692600000000084
FEATURE	3447.494916614048634	615.819599374982659	6.322743e06	2	15.720799	0.886961	0.0	0.0	3434.826300000000174	3463.323100000000068
PEPTIDE	3435.662400000000162	615.819580078125	0.0	0	GPVIAVSDWMR	2	R	A	q-value	MS-GF+_2026-09-01T17:45:52_7198454993515115019	NP_216757.3	803	813	-1
PEPTIDE	3467.335700000000088	615.817016601562045	6.1652281134402e-04	0	GPVIAVSDWMR	2	R	A	q-value	MS-GF+_2026-09-01T17:45:52_7198454993515115019	NP_216757.3	803	813	-1
FEATURE	2490.601679766401048	632.83046527867009	6.316647e06	2	14.509716	0.878943	0.0	0.0	2477.794300000000021	2505.559000000000196
PEPTIDE	2491.550999999999931	632.830810546875	0.0	0	TVLPYSNDLSR	2	R	F	q-value	MS-GF+_2026-09-01T17:45:52_7198454993515115019	NP_215461.1	335	345	-1
FEATURE	2648.704053593465233	1140.566733312344013	6.31595e06	1	14.21649	0.871927	0.0	0.0	2640.184900000000198	2658.207699999999932
FEATURE	1844.997003681703973	729.486984821197098	6.314515e06	1	18.470133	0.913381	0.0	0.0	1830.796499999999924	1864.157300000000078
FEATURE	2479.360670077126997	700.342941856676703	6.310219e06	2	14.749654	0.896491	0.0	0.0	2468.46770000000015	2494.743399999999838
PEPTIDE	2480.85129999999981	700.343200683593977	0.0	0	LNLDDM(Oxidation)VTTAYK	2	K	L	q-value	MS-GF+_2026-09-01T17:45:52_7198454993515115019	YP_177754.1	335	346	-1
FEATURE	2826.143510444118419	664.320847209556973	6.303583e06	1	20.98383	0.880078	0.0	0.0	2813.023000000000138	2839.974900000000162
FEATURE	2004.834664264202047	1381.652472934994648	6.291127e06	1	13.83189	0.839658	0.0	0.0	1999.694099999999935	2017.414999999999964
FEATURE	3390.579836949190849	797.051075377325333	6.280667e06	1	42.827457	0.824981	0.0	0.0	3364.172500000000127	3414.682999999999993
FEATURE	1999.949408366498801	548.248748026086901	6.268122e06	2	14.222412	0.848659	0.0	0.0	1991.522999999999911	2014.738000000000056
FEATURE	2050.379959600392795	793.936672417446857	6.261113e06	2	13.615479	0.867799	0.0	0.0	2038.314499999999953	2061.532900000000154
PEPTIDE	2041.956200000000081	793.933471679687955	0.0	0	RSVAVTPEQAPLYR	2	R	R	q-value	MS-GF+_2026-09-01T17:45:52_7198454993515115019	NP_217456.1	1748	1761	-1
FEATURE	1558.99237495458533	762.412551812630795	6.259646e06	2	13.293541	0.850455	0.0	0.0	1545.591499999999996	1570.367199999999912
PEPTIDE	1549.174999999999955	762.412780761718977	0.0	0	EKPQEGTVVAVGPGR	2	K	W	q-value	MS-GF+_2026-09-01T17:45:52_7198454993515115019	NP_217935.1	35	49	-1
FEATURE	2634.649535340575312	752.413629133279187	6.257006e06	1	15.397938	0.912273	0.0	0.0	2619.409599999999955	2650.453899999999976
FEATURE	2559.635129326284186	385.255963581611354	6.254274e06	1	19.208292	0.856184	0.0	0.0	2548.007599999999911	2575.604699999999866
FEATURE	1799.279590310388585	368.703045982588208	6.251277e06	2	16.90086	0.857817	0.0	0.0	1783.561999999999898	1813.912499999999909
PEPTIDE	1789.005499999999984	368.702697753906023	6.27943485086342e-03	0	LEFTAR	2	R	V	q-value	MS-GF+_2026-09-01T17:45:52_7198454993515115019	NP_216992.1	433	438	-1
FEATURE	2539.466241706185429	599.352158496416905	6.225084e06	1	17.439682	0.848955	0.0	0.0	2527.498300000000199	2554.760499999999865
FEATURE	3407.327485676346441	658.396383706682627	6.214857e06	2	14.745982	0.884259	0.0	0.0	3393.193000000000211	3422.163300000000163
PEPTIDE	3395.385999999999967	658.392822265625	0.0	0	ILIDSLVSAGTVK	2	K	A	q-value	MS-GF+_2026-09-01T17:45:52_7198454993515115019	NP_216992.1	1187	1199	-1
PEPTIDE	3426.217799999999897	658.394409179687955	0.0	0	ILIDSLVSAGTVK	2	K	A	q-value	MS-GF+_2026-09-01T17:45:52_7198454993515115019	NP_216992.1	1187	1199	-1
FEATURE	2870.064500920750561	673.344275723889837	6.213123e06	1	11.740556	0.81707	0.0	0.0	2866.14260000000013	2881.571399999999812
FEATURE	2745.266181455696369	601.262830383304731	6.201387e06	2	15.325322	0.917024	0.0	0.0	2731.334100000000035	2759.287499999999909
FEATURE	2209.181269380220328	444.29322341795006	6.184666e06	1	16.989281	0.855775	0.0	0.0	2197.328700000000026	2226.497699999999895
FEATURE	3811.907539873102451	393.163374815709801	6.161301e06	1	27.446054	0.898808	0.0	0.0	3783.539499999999862	3840.534799999999905
FEATURE	1879.824796810079079	682.88606221014993	6.146376e06	2	15.032156	0.849816	0.0	0.0	1869.865800000000036	1890.242400000000089
PEPTIDE	1872.126700000000028	682.88671875	0.0	0	ALAAGQSAPGVVAPR	2	R	E	q-value	MS-GF+_2026-09-01T17:45:52_7198454993515115019	NP_217449.1	548	562	-1
FEATURE	3811.616048318338926	409.137383964120602	6.115438e06	1	27.833212	0.887692	0.0	0.0	3791.062800000000152	3836.815200000000004
FEATURE	4652.994592964228104	618.288972984368229	6.109663e06	1	9.514689	0.769941	0.0	0.0	4643.233000000000175	4662.784800000000359
FEATURE	2361.693321091879625	566.316701457923841	6.099195e06	2	14.323164	0.909838	0.0	0.0	2353.24369999999999	2374.917500000000018
FEATURE	4652.066065479029021	461.38460370955994	6.092483e06	1	7.016452	0.909369	0.0	0.0	4645.023100000000341	4659.232899999999972
FEATURE	2011.806138433580145	632.373253756331565	6.070353e06	1	18.602888	0.817038	0.0	0.0	1999.694099999999935	2027.196899999999914
FEATURE	4515.590863151170197	493.179599041703852	6.07002e06	1	9.068727	0.893721	0.0	0.0	4506.143000000000029	4525.023100000000341
FEATURE	2194.207205690689989	672.362550919136311	6.069882e06	2	11.968172	0.879447	0.0	0.0	2184.553800000000138	2203.329400000000078
FEATURE	2366.364615553796739	589.824926325320575	6.069132e06	2	12.578948	0.886767	0.0	0.0	2353.24369999999999	2378.727199999999812
PEPTIDE	2363.735000000000127	589.824829101562045	0.0	0	LSQGEFIAVSK	2	K	L	q-value	MS-GF+_2026-09-01T17:45:52_7198454993515115019	NP_217106.1	506	516	-1
FEATURE	1561.0995680519693	901.474329497745543	6.060919e06	1	12.055703	0.845405	0.0	0.0	1548.39689999999996	1563.569099999999935
FEATURE	2862.544066365798244	673.344028513034118	6.059792e06	1	12.68598	0.786542	0.0	0.0	2854.295000000000073	2867.255599999999959
FEATURE	3185.130468994255807	504.280968982503282	6.04581e06	1	35.137054	0.890614	0.0	0.0	3184.848599999999806	3220.798800000000028
FEATURE	4633.860723693145701	482.048689777911704	6.039563e06	1	7.307492	0.757885	0.0	0.0	4629.073099999999613	4641.434699999999793
FEATURE	1776.106532176671635	530.293299300909212	6.02076e06	2	13.868843	0.856805	0.0	0.0	1768.449399999999969	1790.328500000000076
PEPTIDE	1774.567900000000009	530.292907714843977	0.0	0	AAVTAVSDAVR	2	K	R	q-value	MS-GF+_2026-09-01T17:45:52_7198454993515115019	NP_214898.1	576	586	-1
FEATURE	1674.562582961214503	544.266538294510951	6.018151e06	3	13.013408	0.826351	0.0	0.0	1662.744200000000092	1683.055499999999938
PEPTIDE	1666.211000000000013	544.266418457031023	1.21580547112462e-03	0	TNVGHLESAAGAASM(Oxidation)AK	3	K	V	q-value	MS-GF+_2026-09-01T17:45:52_7198454993515115019	NP_218317.1	458	474	-1
FEATURE	2058.146181099176829	551.312215104521101	6.012517e06	2	12.375888	0.878707	0.0	0.0	2050.954099999999926	2064.643999999999778
FEATURE	2285.720463384771392	501.267464833556403	5.993157e06	2	17.413275	0.865362	0.0	0.0	2273.296699999999873	2303.118399999999838
PEPTIDE	2278.069300000000112	501.266815185546989	6.1652281134402e-04	0	SELADLTPR	2	R	T	q-value	MS-GF+_2026-09-01T17:45:52_7198454993515115019	NP_217447.1;NP_217448.1	834;763	842;771	-1
FEATURE	3425.194727577060803	795.328600324671925	5.985269e06	1	26.542074	0.875539	0.0	0.0	3405.003000000000156	3451.027300000000196
FEATURE	2772.253546142530013	683.32647537479204	5.984376e06	2	15.560321	0.855656	0.0	0.0	2762.594500000000153	2788.407999999999902
PEPTIDE	2771.007799999999861	683.325317382812045	0.0	0	ELEVGGEYQWR	2	R	R	q-value	MS-GF+_2026-09-01T17:45:52_7198454993515115019	NP_218376.1	802	812	-1
FEATURE	2057.159188281037586	469.750797035307755	5.98276e06	2	12.034987	0.847454	0.0	0.0	2044.763999999999896	2068.773599999999988
FEATURE	2887.03717309068179	740.870639569984746	5.981215e06	2	13.994446	0.80536	0.0	0.0	2874.666299999999865	2901.738199999999779
PEPTIDE	2879.066400000000158	740.869079589843977	0.0	0	QVELTDAIDTYGR	2	K	F	q-value	MS-GF+_2026-09-01T17:45:52_7198454993515115019	NP_216052.1	866	878	-1
FEATURE	3270.966556125667921	841.4221679643465	5.97857e06	2	15.350973	0.850594	0.0	0.0	3255.776400000000194	3286.608400000000074
FEATURE	1742.08656533707358	411.210963036244493	5.971484e06	2	19.458727	0.815131	0.0	0.0	1721.854100000000017	1757.965099999999893
PEPTIDE	1752.85609999999997	411.210998535156023	9.25925925925926e-03	0	AVVFDDR	2	K	W	q-value	MS-GF+_2026-09-01T17:45:52_7198454993515115019	NP_217040.1	2032	2038	-1
FEATURE	2272.087269120514065	481.646965104890967	5.971386e06	1	16.310667	0.815876	0.0	0.0	2268.463600000000042	2283.610499999999775
FEATURE	2847.389580995273263	1104.567695392746373	5.951112e06	1	15.008986	0.888073	0.0	0.0	2839.974900000000162	2855.20490000000018
FEATURE	3345.853394808191297	458.766443829694424	5.947506e06	2	15.855569	0.875977	0.0	0.0	3329.693000000000211	3362.425000000000182
FEATURE	4401.509387911237354	370.17362846007137	5.940655e06	1	30.611483	0.913053	0.0	0.0	4374.283099999999649	4433.972899999999754
FEATURE	2886.921730300475701	657.350856595308187	5.937832e06	2	19.933218	0.865359	0.0	0.0	2870.487599999999929	2907.27390000000014
PEPTIDE	2877.478300000000218	657.346374511718977	0.0	0	IEQMAGLLEPGR	2	R	T	q-value	MS-GF+_2026-09-01T17:45:52_7198454993515115019	NP_217040.1	461	472	-1
FEATURE	2572.345358763704098	822.053972646863372	5.936404e06	3	13.912085	0.856029	0.0	0.0	2563.939300000000003	2584.744200000000092
PEPTIDE	2564.538000000000011	822.056091308593977	0.0	0	IATTVDPNSSTTALTGSTEEGQFH	3	R	]	q-value	MS-GF+_2026-09-01T17:45:52_7198454993515115019	YP_177728.1	404	427	-1
FEATURE	2572.490784215733129	827.729620286025238	5.930065e06	3	13.614369	0.833516	0.0	0.0	2563.057999999999993	2579.82340000000022
FEATURE	1522.61178841275273	511.256203429794255	5.929961e06	2	13.216336	0.849971	0.0	0.0	1510.139100000000099	1536.363700000000108
FEATURE	2455.531173984563793	700.34347398439661	5.928408e06	2	14.89252	0.875953	0.0	0.0	2448.213200000000143	2468.46770000000015
PEPTIDE	2449.484599999999773	700.345397949218977	0.0	0	LNLDDM(Oxidation)VTTAYK	2	K	L	q-value	MS-GF+_2026-09-01T17:45:52_7198454993515115019	YP_177754.1	335	346	-1
FEATURE	1979.351144712239602	352.704270110663572	5.923586e06	2	15.424759	0.862398	0.0	0.0	1967.342100000000073	1994.053000000000111
PEPTIDE	1968.841599999999971	352.7041015625	4.3956043956044e-03	0	MELLAK	2	R	S	q-value	MS-GF+_2026-09-01T17:45:52_7198454993515115019	NP_214580.1	199	204	-1
FEATURE	1915.817746825264067	891.940363616401442	5.920862e06	2	15.922477	0.833964	0.0	0.0	1904.234300000000076	1930.052699999999959
PEPTIDE	1910.397999999999911	891.940307617187955	0.0	0	ALRDGHDAVADEIASSR	2	R	A	q-value	MS-GF+_2026-09-01T17:45:52_7198454993515115019	NP_215649.1	365	381	-1
FEATURE	1767.954866175522966	450.268944599521035	5.912581e06	2	16.261135	0.893068	0.0	0.0	1763.241800000000012	1783.561999999999898
FEATURE	4520.125193263769688	464.155532079098009	5.907882e06	1	8.375196	0.924642	0.0	0.0	4511.563000000000102	4528.544899999999871
FEATURE	3175.468410093859347	1173.585188516045719	5.903798e06	1	17.46829	0.898115	0.0	0.0	3163.272300000000087	3193.946300000000065
FEATURE	2875.314600230610722	711.917827321143705	5.903627e06	2	15.127677	0.876531	0.0	0.0	2864.523099999999886	2889.898999999999887
FEATURE	1556.096342383191995	583.78870218640111	5.901562e06	2	17.168413	0.882795	0.0	0.0	1540.712299999999914	1565.504500000000007
PEPTIDE	1544.149899999999889	583.789672851562045	0.0	0	RATEGYWAGR	2	K	T	q-value	MS-GF+_2026-09-01T17:45:52_7198454993515115019	NP_215649.1	27	36	-1
FEATURE	3264.133407156971316	648.365001887916833	5.893679e06	2	20.450136	0.907229	0.0	0.0	3245.680499999999938	3283.440500000000156
FEATURE	2716.55014192842782	677.329863672983834	5.890562e06	2	19.613081	0.870519	0.0	0.0	2704.946399999999812	2731.334100000000035
PEPTIDE	2707.020799999999781	677.329772949218977	0.0	0	SLDM(Oxidation)SVAALAGM(Oxidation)R	2	R	R	q-value	MS-GF+_2026-09-01T17:45:52_7198454993515115019	NP_217456.1	816	828	-1
FEATURE	4627.762102245907045	448.233667671117644	5.88833e06	1	7.252317	0.906926	0.0	0.0	4621.203000000000429	4635.212900000000445
FEATURE	2863.241106712629971	445.121338930548347	5.879918e06	1	18.415775	0.898993	0.0	0.0	2857.244900000000143	2874.666299999999865
FEATURE	3908.590644738357696	528.376030831485764	5.879732e06	1	18.506769	0.883967	0.0	0.0	3889.864799999999832	3928.022800000000188
FEATURE	2810.677067357343276	660.847689384863998	5.879512e06	2	15.961785	0.859317	0.0	0.0	2795.782999999999902	2824.893000000000029
FEATURE	2255.096493264071796	363.700407784383799	5.878725e06	2	12.831315	0.850614	0.0	0.0	2241.875900000000002	2265.065999999999804
FEATURE	2492.11369979495521	911.407829641904073	5.872962e06	2	17.173176	0.895092	0.0	0.0	2477.794300000000021	2510.053800000000138
PEPTIDE	2484.078399999999874	911.405883789062045	0.0	0	DNYPDGNMVVVSPDSGR	2	R	V	q-value	MS-GF+_2026-09-01T17:45:52_7198454993515115019	NP_215533.1	164	180	-1
FEATURE	1820.937145847772399	370.702563736830598	5.871975e06	2	17.826386	0.816421	0.0	0.0	1803.783200000000079	1824.255300000000034
FEATURE	1885.124288549794528	508.209210949296391	5.85616e06	2	13.485743	0.849702	0.0	0.0	1872.644000000000006	1898.885099999999966
PEPTIDE	1881.679300000000012	508.208892822266023	2.23463687150838e-03	0	SSWSDYDR	2	R	S	q-value	MS-GF+_2026-09-01T17:45:52_7198454993515115019	NP_216992.1	1039	1046	-1
FEATURE	2184.858421868801997	724.391640430402049	5.854236e06	2	12.185055	0.886541	0.0	0.0	2173.423899999999776	2197.328700000000026
FEATURE	2237.844454862453858	625.858852659415675	5.852034e06	2	12.110662	0.879833	0.0	0.0	2229.361300000000028	2249.979400000000169
PEPTIDE	2230.368199999999888	625.85888671875	0.0	0	IGVAADIGAAPAPK	2	R	P	q-value	MS-GF+_2026-09-01T17:45:52_7198454993515115019	NP_216731.1	194	207	-1
FEATURE	2470.295485191065382	884.399816108249752	5.851342e06	2	16.411419	0.902462	0.0	0.0	2457.643000000000029	2487.145100000000184
PEPTIDE	2462.563000000000102	884.399475097656023	0.0	0	YGEYFTGAM(Oxidation)GAESIQK	2	R	L	q-value	MS-GF+_2026-09-01T17:45:52_7198454993515115019	NP_215182.1	247	262	-1
FEATURE	4630.013197157531067	500.380536279586238	5.851198e06	1	15.272266	0.861949	0.0	0.0	4620.324899999999616	4641.434699999999793
FEATURE	2205.757508197390052	430.753405547649948	5.843175e06	2	15.229772	0.853334	0.0	0.0	2196.031100000000151	2220.747299999999996
FEATURE	1715.716450072036878	415.224219162354188	5.828464e06	2	20.271572	0.851654	0.0	0.0	1699.823200000000043	1736.994200000000092
PEPTIDE	1710.609699999999975	415.224212646483977	5.353319057815841e-03	0	TLDPDIR	2	K	E	q-value	MS-GF+_2026-09-01T17:45:52_7198454993515115019	NP_215908.1	213	219	-1
FEATURE	3422.478695939701538	609.296172681118833	5.826777e06	2	16.680559	0.853951	0.0	0.0	3408.544800000000123	3439.161799999999857
PEPTIDE	3409.846199999999953	609.297912597656023	0.0	0	GFDSEFFAVAK	2	K	T	q-value	MS-GF+_2026-09-01T17:45:52_7198454993515115019	NP_218317.1	184	194	-1
FEATURE	1716.953365095687104	471.784189686646414	5.817541e06	2	20.74184	0.791017	0.0	0.0	1707.325599999999895	1738.589400000000069
FEATURE	2163.691959791885893	453.244267130001958	5.815267e06	3	11.372611	0.772495	0.0	0.0	2154.646600000000035	2175.412800000000061
FEATURE	2158.709517994638645	483.256266143896198	5.794694e06	2	16.050468	0.895569	0.0	0.0	2145.676300000000083	2175.412800000000061
FEATURE	2403.149481527969328	711.35902275384592	5.790737e06	2	14.852485	0.86883	0.0	0.0	2390.964300000000094	2418.51319999999987
FEATURE	3237.869063621944406	901.454020595710517	5.788356e06	2	15.450727	0.906495	0.0	0.0	3223.946800000000167	3252.73259999999982
PEPTIDE	3225.826700000000074	901.455688476562045	0.0	0	ELLAAQEFDEDAPVVR	2	R	V	q-value	MS-GF+_2026-09-01T17:45:52_7198454993515115019	NP_215199.1	157	172	-1
FEATURE	1598.533553297976596	1090.53005348653096	5.780077e06	1	16.219526	0.827967	0.0	0.0	1589.198699999999917	1604.733400000000074
FEATURE	1828.92209136102997	643.300318530762411	5.777077e06	2	15.444603	0.800626	0.0	0.0	1823.345299999999952	1840.538199999999961
PEPTIDE	1836.291999999999916	643.299926757812045	0.0	0	SDSLWQAHDAR	2	R	Y	q-value	MS-GF+_2026-09-01T17:45:52_7198454993515115019	NP_217040.1	858	868	-1
FEATURE	2731.496795260301951	758.37509930884255	5.772632e06	2	19.18903	0.865166	0.0	0.0	2719.678199999999833	2751.264799999999923
FEATURE	3813.135884145310683	388.20802536964311	5.765659e06	1	26.324715	0.886572	0.0	0.0	3791.062800000000152	3840.534799999999905
FEATURE	3648.433755952439242	940.573744834091144	5.758046e06	1	18.882763	0.892325	0.0	0.0	3628.41359999999986	3667.693000000000211
FEATURE	2352.476679732758385	595.658389825389236	5.751846e06	3	23.986305	0.866402	0.0	0.0	2330.477199999999812	2372.934200000000146
PEPTIDE	2336.269999999999982	595.658874511718977	0.0	0	C(Carbamidomethyl)VRPPILYGDVSRPR	3	R	A	q-value	MS-GF+_2026-09-01T17:45:52_7198454993515115019	NP_215649.1	521	535	-1
FEATURE	1712.628262982648721	380.221373937050601	5.751772e06	2	20.967449	0.842075	0.0	0.0	1699.823200000000043	1733.674999999999955
FEATURE	3727.060582236156733	555.35397971516943	5.74704e06	2	18.498821	0.882595	0.0	0.0	3709.872899999999845	3745.977400000000216
FEATURE	3146.17119454459862	751.871717394181019	5.745277e06	2	15.996342	0.865751	0.0	0.0	3131.897100000000137	3162.04950000000008
PEPTIDE	3149.496000000000095	751.870788574218977	0.0	0	DLDIDLVDAQETR	2	R	R	q-value	MS-GF+_2026-09-01T17:45:52_7198454993515115019	NP_218163.1	154	166	-1
FEATURE	3345.544056577785796	916.526702222621111	5.744265e06	1	16.186937	0.90001	0.0	0.0	3329.693000000000211	3362.425000000000182
FEATURE	2968.443149098254708	585.765169354214891	5.727162e06	2	15.768597	0.892968	0.0	0.0	2957.197900000000118	2984.322099999999864
PEPTIDE	2961.386700000000019	585.765686035156023	0.0	0	WGQGAFDDFK	2	R	V	q-value	MS-GF+_2026-09-01T17:45:52_7198454993515115019	NP_215991.1	159	168	-1
FEATURE	2457.105513026795506	604.283913491291628	5.725132e06	2	25.737108	0.834993	0.0	0.0	2446.444899999999961	2483.504800000000159
FEATURE	2663.257926228690394	618.815265806069419	5.719506e06	2	13.774385	0.876407	0.0	0.0	2654.994700000000194	2677.805299999999988
PEPTIDE	2660.710999999999785	618.815979003906023	0.0	0	EAFADITNTVR	2	K	A	q-value	MS-GF+_2026-09-01T17:45:52_7198454993515115019	NP_215908.1	64	74	-1
FEATURE	4568.318464638322439	358.222791938811667	5.711104e06	1	5.836759	0.861802	0.0	0.0	4562.65480000000025	4574.083700000000135
FEATURE	2209.40032095759716	591.361782212454273	5.704069e06	1	17.725809	0.893594	0.0	0.0	2201.454299999999876	2227.939300000000003
FEATURE	4558.990263916040021	427.280744451231044	5.691593e06	1	3.392501	0.875612	0.0	0.0	4555.632899999999609	4561.783900000000358
FEATURE	2980.024402374331203	443.216908880510971	5.691029e06	2	23.563114	0.879903	0.0	0.0	2958.084100000000035	2981.873099999999795
PEPTIDE	2960.619999999999891	443.215606689453011	6.1652281134402e-04	0	FFDGFPR	2	R	N	q-value	MS-GF+_2026-09-01T17:45:52_7198454993515115019	NP_215411.1	122	128	-1
FEATURE	3684.511720173433787	431.31182620009838	5.688793e06	1	18.907784	0.910149	0.0	0.0	3667.693000000000211	3703.522899999999936
FEATURE	1795.757990769759999	560.281926068074881	5.677455e06	1	19.899632	0.871845	0.0	0.0	1775.407999999999902	1808.663999999999987
FEATURE	3874.669128026960607	462.147057289017596	5.673997e06	1	35.166561	0.907274	0.0	0.0	3862.010000000000218	3892.902900000000045
FEATURE	3184.281272795626137	401.262214852757211	5.670834e06	2	18.048944	0.86085	0.0	0.0	3168.906599999999799	3202.514900000000125
FEATURE	2208.453243546559861	495.270902070650152	5.656594e06	2	22.809008	0.856523	0.0	0.0	2191.689100000000053	2220.747299999999996
PEPTIDE	2201.210700000000088	495.271209716796989	0.0	0	M(Oxidation)PAVTDLVK	2	R	E	q-value	MS-GF+_2026-09-01T17:45:52_7198454993515115019	NP_214864.1	318	326	-1
FEATURE	3077.914152914324859	587.30141578274015	5.655077e06	2	16.721769	0.90405	0.0	0.0	3063.929700000000139	3094.444899999999961
PEPTIDE	3095.355000000000018	587.301574707031023	0.0	0	YEIFVYSPR	2	R	V	q-value	MS-GF+_2026-09-01T17:45:52_7198454993515115019	NP_216992.1	787	795	-1
PEPTIDE	3064.768799999999828	587.303894042968977	0.0	0	YEIFVYSPR	2	R	V	q-value	MS-GF+_2026-09-01T17:45:52_7198454993515115019	NP_216992.1	787	795	-1
FEATURE	2025.386348420514878	575.293061592725849	5.643368e06	2	12.884053	0.857371	0.0	0.0	2014.738000000000056	2037.241999999999962
PEPTIDE	2017.154399999999896	575.297119140625	5.82627118644068e-03	0	ITPTADAADFK	2	R	G	q-value	MS-GF+_2026-09-01T17:45:52_7198454993515115019	NP_215375.1	392	402	-1
FEATURE	3369.314375301872133	445.288395536200369	5.614102e06	2	21.215914	0.86022	0.0	0.0	3351.172900000000027	3391.083599999999933
FEATURE	3861.560443918922829	856.429701886077169	5.608215e06	1	17.594271	0.905131	0.0	0.0	3845.254800000000159	3879.76299999999992
FEATURE	3252.538893433507383	635.36297502231605	5.603316e06	2	14.652404	0.8838	0.0	0.0	3238.422900000000027	3268.064100000000053
PEPTIDE	3266.172999999999774	635.362426757812045	0.0	0	LVGINLEGIDAR	2	K	E	q-value	MS-GF+_2026-09-01T17:45:52_7198454993515115019	NP_218163.1	627	638	-1
FEATURE	2607.314650480522232	644.84780176088077	5.591031e06	2	15.198655	0.875334	0.0	0.0	2597.032600000000002	2621.658600000000206
FEATURE	4597.392816191448219	457.364692002786967	5.587072e06	1	5.455663	0.904577	0.0	0.0	4591.86489999999958	4602.525099999999839
FEATURE	3966.090936232274544	473.177385626326554	5.581895e06	1	28.730204	0.892671	0.0	0.0	3939.434699999999793	3996.225100000000111
FEATURE	3693.121357817101398	369.142436428125052	5.579042e06	1	30.778116	0.872541	0.0	0.0	3670.04300000000012	3723.313000000000102
FEATURE	2024.159477061424241	750.886721394713504	5.578606e06	2	14.823725	0.855508	0.0	0.0	2013.321899999999914	2039.616199999999935
PEPTIDE	2017.965099999999893	750.88623046875	0.0	0	AISLASSPAAGTPSDR	2	R	W	q-value	MS-GF+_2026-09-01T17:45:52_7198454993515115019	NP_217447.1	1080	1095	-1
FEATURE	2469.044889115170463	611.819745057386058	5.57654e06	2	16.834208	0.904166	0.0	0.0	2459.631199999999808	2485.824200000000019
FEATURE	3078.123792766245515	966.914556148554652	5.574945e06	2	16.868109	0.884037	0.0	0.0	3066.593499999999949	3095.667199999999866
PEPTIDE	3069.810800000000199	966.91748046875	0.0	0	EIDAGPTNNWMDPGEMR	2	K	S	q-value	MS-GF+_2026-09-01T17:45:52_7198454993515115019	NP_214725.1	92	108	-1
FEATURE	1705.605536693330578	639.286904526662283	5.570136e06	2	15.846151	0.843347	0.0	0.0	1696.698599999999942	1721.854100000000017
PEPTIDE	1700.367199999999912	639.28662109375	6.1652281134402e-04	0	FDRDPNGDWR	2	R	R	q-value	MS-GF+_2026-09-01T17:45:52_7198454993515115019	NP_218376.1	927	936	-1
FEATURE	3388.613263156265475	777.064776068569813	5.563669e06	1	27.809273	0.817193	0.0	0.0	3363.288700000000063	3405.913100000000213
FEATURE	1733.314931799781562	537.79763108530392	5.562347e06	2	11.839036	0.893948	0.0	0.0	1725.244999999999891	1736.994200000000092
FEATURE	1944.847433186258513	514.298478742501516	5.553024e06	2	14.501618	0.867204	0.0	0.0	1939.637300000000096	1958.404299999999921
PEPTIDE	1939.126199999999926	514.297973632812045	0.0	0	LIQVVADNR	2	R	A	q-value	MS-GF+_2026-09-01T17:45:52_7198454993515115019	NP_217447.1	1071	1079	-1
FEATURE	2142.834158493272298	787.413447098815027	5.551864e06	2	13.18983	0.865622	0.0	0.0	2132.426699999999983	2156.584499999999935
PEPTIDE	2135.75019999999995	787.416870117187955	0.0	0	QKQELDEISTNIR	2	K	Q	q-value	MS-GF+_2026-09-01T17:45:52_7198454993515115019	NP_218391.1	64	76	-1
FEATURE	1633.38512256693366	616.835470749972956	5.541887e06	2	14.917739	0.843058	0.0	0.0	1621.4525000000001	1648.609699999999975
PEPTIDE	1621.150000000000091	616.835021972656023	1.68255748738082e-03	0	VKEPIAAEYGR	2	K	L	q-value	MS-GF+_2026-09-01T17:45:52_7198454993515115019	NP_217296.1	73	83	-1
FEATURE	1870.812710866068983	515.26110032025997	5.54151e06	1	14.855165	0.820051	0.0	0.0	1856.638999999999896	1883.293499999999995
FEATURE	2983.199647946292771	434.240460557363974	5.530619e06	2	16.23525	0.875258	0.0	0.0	2969.223300000000108	2999.973899999999958
PEPTIDE	2971.88819999999987	434.240509033203011	3.34261838440111e-03	0	FLEGFVR	2	K	T	q-value	MS-GF+_2026-09-01T17:45:52_7198454993515115019	NP_218321.1	270	276	-1
FEATURE	3001.059683876528197	798.452516254155853	5.526843e06	2	18.508177	0.882772	0.0	0.0	2985.202699999999822	3019.414999999999964
FEATURE	4219.639801956471274	494.223391094624333	5.513382e06	1	24.95183	0.863606	0.0	0.0	4194.002900000000409	4245.824700000000121
FEATURE	1914.887148711703503	460.276376576679127	5.51315e06	2	16.469936	0.836128	0.0	0.0	1902.190000000000055	1928.492299999999887
PEPTIDE	1910.160399999999981	460.276885986328011	6.1652281134402e-04	0	TTLTAAITK	2	K	V	q-value	MS-GF+_2026-09-01T17:45:52_7198454993515115019	NP_215199.1	25	33	-1
FEATURE	2981.80358476330639	679.412656025542219	5.504836e06	1	17.520897	0.883885	0.0	0.0	2966.258899999999812	2998.133499999999913
FEATURE	2987.327503908680228	443.217207548868487	5.502154e06	1	21.401369	0.805311	0.0	0.0	2982.563299999999799	3002.709299999999985
FEATURE	1898.79999790697434	500.283100739558108	5.493445e06	2	14.292389	0.852859	0.0	0.0	1890.242400000000089	1913.424600000000055
PEPTIDE	1891.90930000000003	500.282196044921989	6.1652281134402e-04	0	NVVAAGLAER	2	K	V	q-value	MS-GF+_2026-09-01T17:45:52_7198454993515115019	NP_215908.1	304	313	-1
FEATURE	1876.985667142044349	536.293050542652509	5.477539e06	2	22.237764	0.835023	0.0	0.0	1865.305900000000065	1890.242400000000089
FEATURE	3692.553841183127588	353.168457415904811	5.469842e06	1	31.207691	0.871583	0.0	0.0	3666.802999999999884	3712.695299999999861
FEATURE	2225.211197203760094	619.29602716376985	5.464539e06	2	15.621378	0.868302	0.0	0.0	2211.909799999999905	2240.36869999999999
FEATURE	1741.355657422936929	384.771893444153818	5.4609e06	2	22.2173	0.870471	0.0	0.0	1735.092000000000098	1755.400499999999965
FEATURE	4090.170833851208499	583.359507471826532	5.456659e06	1	35.539856	0.863793	0.0	0.0	4060.234699999999975	4123.754700000000412
FEATURE	3206.282314113623215	657.777704987396305	5.45574e06	2	20.38945	0.887192	0.0	0.0	3189.593699999999899	3227.385499999999865
FEATURE	4598.822104742254851	810.55817132888626	5.446054e06	1	10.173638	0.812669	0.0	0.0	4592.743000000000393	4609.613199999999779
FEATURE	2376.581041954311786	1265.637792111726867	5.429681e06	1	14.323077	0.856463	0.0	0.0	2368.802599999999984	2390.964300000000094
FEATURE	1743.283566781801483	409.205996219943131	5.428565e06	2	20.409809	0.863286	0.0	0.0	1725.244999999999891	1755.400499999999965
FEATURE	4616.660118752946801	602.369891185415213	5.424438e06	1	8.375817	0.865411	0.0	0.0	4610.494999999999891	4624.703300000000127
FEATURE	3237.662368670465185	383.264341816639558	5.420137e06	1	52.456951	0.876098	0.0	0.0	3202.514900000000125	3261.746399999999994
FEATURE	1696.348773459554195	829.420584510686922	5.416995e06	1	17.450905	0.87864	0.0	0.0	1682.226400000000012	1713.128999999999905
FEATURE	4585.872288741182274	391.284840410749496	5.415806e06	1	25.070219	0.885675	0.0	0.0	4574.083700000000135	4598.943100000000413
FEATURE	4391.684070976637486	459.342963672148187	5.410405e06	1	20.886763	0.905673	0.0	0.0	4374.283099999999649	4413.352899999999863
FEATURE	2567.660735364087486	810.93520563138145	5.405086e06	2	25.791117	0.838948	0.0	0.0	2549.727600000000166	2581.6878999999999
PEPTIDE	2562.159700000000157	810.93359375	1.68255748738082e-03	0	TAVPPPAEGDEVAVLR	2	K	G	q-value	MS-GF+_2026-09-01T17:45:52_7198454993515115019	NP_215764.2	92	107	-1
FEATURE	1535.998098659492825	473.2062829520317	5.403496e06	2	17.663988	0.817721	0.0	0.0	1523.492500000000064	1553.811999999999898
PEPTIDE	1524.816499999999905	473.205688476561988	6.1652281134402e-04	0	DYNSFGSR	2	K	R	q-value	MS-GF+_2026-09-01T17:45:52_7198454993515115019	NP_215991.1	746	753	-1
FEATURE	4631.714499851773326	488.224805904334801	5.395978e06	1	6.344395	0.884228	0.0	0.0	4625.565700000000106	4637.882999999999811
FEATURE	3293.277792280192443	447.111304645563109	5.393662e06	1	28.695862	0.842286	0.0	0.0	3269.909700000000157	3323.725800000000163
FEATURE	2804.403827671733325	1059.969949085068947	5.37244e06	2	14.234005	0.887515	0.0	0.0	2793.815000000000055	2817.621900000000096
PEPTIDE	2797.528299999999945	1059.970092773440001	0.0	0	DGAPLM(Oxidation)YDETGYAGLSDTAR	2	K	H	q-value	MS-GF+_2026-09-01T17:45:52_7198454993515115019	NP_216736.1	283	302	-1
FEATURE	3184.695303386306932	384.235701848605515	5.359964e06	2	19.316166	0.886961	0.0	0.0	3169.794199999999819	3204.598399999999856
FEATURE	2481.596408794989202	740.910270125664056	5.359397e06	2	17.479387	0.874294	0.0	0.0	2473.822999999999865	2499.417699999999968
FEATURE	1433.895958353343985	569.303617474600515	5.357488e06	2	12.878745	0.862914	0.0	0.0	1424.172600000000102	1447.495799999999917
PEPTIDE	1426.189100000000053	569.304016113281023	0.0	0	QLVEENHLR	2	K	W	q-value	MS-GF+_2026-09-01T17:45:52_7198454993515115019	NP_214580.1	594	602	-1
FEATURE	2264.748308958423877	587.32818221020932	5.351503e06	2	19.790905	0.709351	0.0	0.0	2256.546800000000076	2285.175900000000183
FEATURE	2918.512789709569915	551.335560370928874	5.349989e06	2	16.648815	0.882886	0.0	0.0	2911.133299999999963	2934.438400000000001
PEPTIDE	2908.16820000000007	551.335327148437955	0.0	0	LLGSVSSGLLR	2	R	H	q-value	MS-GF+_2026-09-01T17:45:52_7198454993515115019	NP_217139.1	127	137	-1
FEATURE	2894.33230159643972	943.464255892984056	5.339764e06	2	15.641485	0.862581	0.0	0.0	2882.535600000000159	2907.27390000000014
FEATURE	3022.298721950735853	668.350983059376176	5.339582e06	2	14.374041	0.875512	0.0	0.0	3007.177900000000136	3037.136300000000119
PEPTIDE	3013.524399999999787	668.352172851562045	0.0	0	VDLVFGSNSELR	2	R	A	q-value	MS-GF+_2026-09-01T17:45:52_7198454993515115019	NP_216424.1	693	704	-1
FEATURE	2381.428373609174741	443.261588391842395	5.338519e06	2	16.953592	0.826227	0.0	0.0	2364.574999999999818	2398.61239999999998
PEPTIDE	2398.005099999999857	443.261596679688012	9.25925925925926e-03	0	AGLDVALAR	2	K	E	q-value	MS-GF+_2026-09-01T17:45:52_7198454993515115019	NP_217040.1	304	312	-1
FEATURE	3876.718535798599987	462.212841980238522	5.33114e06	1	63.626537	0.886841	0.0	0.0	3830.940700000000106	3932.79300000000012
FEATURE	2846.317322858992156	692.409917048822194	5.328738e06	1	17.570883	0.878145	0.0	0.0	2838.260099999999966	2859.539999999999964
FEATURE	4297.497534489909413	578.219861732390768	5.328371e06	1	28.183228	0.891282	0.0	0.0	4276.104699999999866	4327.034700000000157
FEATURE	2681.328605979245367	772.412996539625965	5.323092e06	2	29.15996	0.876172	0.0	0.0	2664.196199999999863	2708.505000000000109
PEPTIDE	2668.867999999999938	772.414978027343977	0.0	0	SGVTVSM(Oxidation)ADVLVPPR	2	R	K	q-value	MS-GF+_2026-09-01T17:45:52_7198454993515115019	NP_215182.1	726	740	-1
FEATURE	1639.782400485544258	601.312377645255538	5.323002e06	2	15.417317	0.842196	0.0	0.0	1628.888899999999921	1650.654800000000023
PEPTIDE	1633.266200000000026	601.3115234375	0.0	0	AEVQAIATDGAR	2	R	K	q-value	MS-GF+_2026-09-01T17:45:52_7198454993515115019	NP_218227.3	185	196	-1
FEATURE	2171.214117024749157	865.895837525772549	5.316596e06	2	12.603881	0.857095	0.0	0.0	2159.632700000000114	2182.860099999999875
PEPTIDE	2164.625700000000052	865.895324707031023	0.0	0	TGDEIHTSMEAGPMVR	2	R	K	q-value	MS-GF+_2026-09-01T17:45:52_7198454993515115019	NP_216353.1	463	478	-1
FEATURE	4653.680467733395744	401.159995085253627	5.304045e06	1	16.188992	0.798137	0.0	0.0	4642.342899999999645	4668.155700000000252
FEATURE	2035.410851287166679	651.836043361563043	5.303514e06	2	14.981079	0.860108	0.0	0.0	2022.397999999999911	2049.81939999999986
PEPTIDE	2026.080300000000079	651.83642578125	0.0	0	GSLVEGGIGGTEAR	2	K	I	q-value	MS-GF+_2026-09-01T17:45:52_7198454993515115019	NP_216892.1	79	92	-1
FEATURE	2368.458255645255576	465.256529756807993	5.301859e06	2	15.995666	0.814674	0.0	0.0	2355.513699999999972	2383.977899999999863
PEPTIDE	2359.266000000000076	465.259704589843977	6.1652281134402e-04	0	QDVGELLR	2	R	W	q-value	MS-GF+_2026-09-01T17:45:52_7198454993515115019	NP_216992.1	219	226	-1
FEATURE	3552.369787609925425	631.845175516781865	5.30065e06	2	16.624313	0.906839	0.0	0.0	3537.06710000000021	3569.295000000000073
PEPTIDE	3563.944300000000112	631.844482421875	0.0	0	IVLPEMLYER	2	R	V	q-value	MS-GF+_2026-09-01T17:45:52_7198454993515115019	NP_214780.1	110	119	-1
FEATURE	2808.717302576381826	1024.006755720177352	5.293518e06	2	13.966853	0.883165	0.0	0.0	2796.640499999999975	2821.915899999999965
FEATURE	4569.781355807126602	431.202927194149083	5.292782e06	1	6.424083	0.852925	0.0	0.0	4563.523000000000138	4574.963200000000143
FEATURE	2856.20609491561072	996.977997043655705	5.291124e06	2	17.829521	0.846892	0.0	0.0	2848.484300000000076	2874.666299999999865
FEATURE	2263.68369886935352	570.288954381433655	5.285497e06	2	13.265823	0.846878	0.0	0.0	2252.260299999999916	2273.296699999999873
PEPTIDE	2254.239999999999782	570.287414550781023	0.0	0	DEIIEDLHR	2	R	C	q-value	MS-GF+_2026-09-01T17:45:52_7198454993515115019	NP_214580.1	314	322	-1
FEATURE	3088.841997225403702	1106.055630245970633	5.266656e06	2	13.588361	0.856536	0.0	0.0	3078.741599999999835	3103.092000000000098
FEATURE	1394.072924498502061	627.300647791412757	5.25209e06	2	13.910497	0.850655	0.0	0.0	1379.944099999999935	1408.669699999999921
PEPTIDE	1389.62760000000003	627.29931640625	0.0	0	YINQVADQM(Oxidation)R	2	R	G	q-value	MS-GF+_2026-09-01T17:45:52_7198454993515115019	NP_214780.1	218	227	-1
FEATURE	2251.623640421682467	598.344121582083744	5.250447e06	2	12.816373	0.859683	0.0	0.0	2241.875900000000002	2265.065999999999804
FEATURE	2655.987473070141732	621.857502259524495	5.250048e06	2	14.6436	0.897357	0.0	0.0	2645.48050000000012	2667.692900000000009
FEATURE	2563.058431921843749	1264.597555712935446	5.235253e06	1	15.352535	0.899113	0.0	0.0	2553.256400000000212	2573.8429000000001
FEATURE	2355.463855254276496	647.362233869286797	5.22768e06	2	13.806486	0.904437	0.0	0.0	2346.78630000000021	2368.802599999999984
PEPTIDE	2349.100800000000163	647.364074707031023	0.0	0	NNPVLIGEPGVGK	2	K	T	q-value	MS-GF+_2026-09-01T17:45:52_7198454993515115019	NP_214898.1;YP_177995.1	199;209	211;221	-1
FEATURE	2627.534384638493066	699.874735323728942	5.22656e06	2	20.921963	0.882495	0.0	0.0	2616.013600000000224	2646.939899999999852
PEPTIDE	2618.722400000000107	699.874572753906023	0.0	0	LPADAM(Oxidation)LPGATGLR	2	R	A	q-value	MS-GF+_2026-09-01T17:45:52_7198454993515115019	NP_214914.1	230	243	-1
FEATURE	3022.353504013266502	788.909164950378226	5.214806e06	2	14.822038	0.868175	0.0	0.0	3008.137499999999818	3037.822999999999865
PEPTIDE	3011.496799999999894	788.913330078125	0.0	0	TVIGYPAPNLMDTGK	2	R	A	q-value	MS-GF+_2026-09-01T17:45:52_7198454993515115019	NP_215965.1	266	280	-1
FEATURE	4222.358412548957858	547.041734096691584	5.212689e06	1	22.507139	0.807748	0.0	0.0	4204.462900000000445	4244.892899999999827
FEATURE	3020.775935481611668	608.316143019915671	5.204576e06	2	14.463839	0.892937	0.0	0.0	3010.191200000000208	3034.342200000000048
PEPTIDE	3009.887700000000223	608.314880371093977	0.0	0	GLEALEAEVER	2	R	R	q-value	MS-GF+_2026-09-01T17:45:52_7198454993515115019	NP_217040.1	1533	1543	-1
FEATURE	2633.8521669886768	376.710159330706119	5.199481e06	2	13.406906	0.806169	0.0	0.0	2620.797999999999775	2646.939899999999852
PEPTIDE	2622.516999999999825	376.709899902343977	4.934210526315789e-03	0	SLMFVR	2	R	N	q-value	MS-GF+_2026-09-01T17:45:52_7198454993515115019	NP_216353.1	333	338	-1
FEATURE	2406.307422897127253	628.282121245873441	5.190259e06	2	17.487286	0.818609	0.0	0.0	2392.722400000000107	2424.71369999999979
FEATURE	3280.176767675401152	423.275727837870591	5.187528e06	2	20.835257	0.857301	0.0	0.0	3263.449500000000171	3296.403099999999995
FEATURE	2473.548585226679279	584.809481578663963	5.183474e06	2	17.202803	0.887665	0.0	0.0	2463.159900000000107	2491.037299999999959
PEPTIDE	2463.97460000000001	584.809997558593977	0.0	0	QIFIYGNSAR	2	R	A	q-value	MS-GF+_2026-09-01T17:45:52_7198454993515115019	NP_217106.1	529	538	-1
FEATURE	1983.868973974570054	599.789324408012362	5.181069e06	2	16.273964	0.837753	0.0	0.0	1974.515499999999975	2000.995799999999917
FEATURE	1866.259419796007933	408.732344392875803	5.174418e06	2	17.387169	0.866916	0.0	0.0	1855.012099999999919	1873.484500000000025
PEPTIDE	1854.444999999999936	408.733184814453011	1.68255748738082e-03	0	GLADTALR	2	K	T	q-value	MS-GF+_2026-09-01T17:45:52_7198454993515115019	NP_215182.1	858	865	-1
FEATURE	2771.332785122978294	497.253038438454098	5.170877e06	2	28.809271	0.850267	0.0	0.0	2746.270500000000084	2782.581499999999778
PEPTIDE	2783.302200000000084	497.253295898438012	6.1652281134402e-04	0	VLPYC(Carbamidomethyl)WR	2	R	D	q-value	MS-GF+_2026-09-01T17:45:52_7198454993515115019	NP_216052.1	182	188	-1
FEATURE	2307.078050284610526	830.499768245191945	5.170524e06	1	13.335222	0.905546	0.0	0.0	2294.980599999999868	2320.463000000000193
FEATURE	2574.777367749540645	725.860112613664455	5.167444e06	2	15.136798	0.892374	0.0	0.0	2563.057999999999993	2588.123000000000047
FEATURE	3973.269727925319785	556.276431141791136	5.163442e06	1	29.520054	0.888054	0.0	0.0	3949.742999999999938	4003.964800000000196
FEATURE	3384.242600006047269	689.328324065217544	5.162646e06	2	16.824335	0.871551	0.0	0.0	3371.263100000000122	3401.335099999999784
PEPTIDE	3373.619599999999991	689.326904296875	0.0	0	AETLGDDIAWMR	2	R	F	q-value	MS-GF+_2026-09-01T17:45:52_7198454993515115019	NP_214725.1	289	300	-1
FEATURE	2557.356196511228518	646.854884331351855	5.160869e06	2	20.885403	0.872133	0.0	0.0	2546.861399999999776	2575.604699999999866
PEPTIDE	2546.537600000000111	646.856201171875	0.0	0	FPTEPPAAPLPR	2	R	Y	q-value	MS-GF+_2026-09-01T17:45:52_7198454993515115019	NP_215368.1	182	193	-1
FEATURE	2679.181049021447507	505.259154514962631	5.149702e06	2	20.340906	0.831991	0.0	0.0	2666.582600000000184	2697.664099999999962
FEATURE	3121.460441975452341	406.222718003434522	5.149631e06	1	22.355137	0.926623	0.0	0.0	3101.26339999999982	3140.227199999999812
FEATURE	1921.541421900333717	443.753230759456017	5.133975e06	2	13.73927	0.852845	0.0	0.0	1909.423900000000003	1933.723799999999983
PEPTIDE	1914.012199999999893	443.753204345703011	6.1652281134402e-04	0	VVVEIDGR	2	K	R	q-value	MS-GF+_2026-09-01T17:45:52_7198454993515115019	NP_217802.1	480	487	-1
FEATURE	2319.423249657418182	357.943313663874676	5.123806e06	4	14.954055	0.892557	0.0	0.0	2309.291999999999916	2335.199700000000121
FEATURE	3017.46825303415153	691.87955093219739	5.120208e06	2	15.206048	0.874069	0.0	0.0	3006.004699999999957	3033.098899999999958
PEPTIDE	3008.985599999999977	691.880126953125	0.0	0	LPADAMLPGATGLR	2	R	A	q-value	MS-GF+_2026-09-01T17:45:52_7198454993515115019	NP_214914.1	230	243	-1
FEATURE	2341.659348148882145	604.319788939172895	5.11894e06	2	19.640965	0.871758	0.0	0.0	2332.534500000000207	2350.344900000000052
FEATURE	1434.004242129524073	559.304633551042912	5.11619e06	2	16.913273	0.884909	0.0	0.0	1424.172600000000102	1449.200800000000072
PEPTIDE	1423.56269999999995	559.305786132812045	0.0	0	IAVANM(Oxidation)ANAVK	2	R	K	q-value	MS-GF+_2026-09-01T17:45:52_7198454993515115019	NP_214780.1	419	429	-1
FEATURE	3143.079414649970659	526.265577805098928	5.114994e06	1	23.314102	0.895308	0.0	0.0	3126.214100000000144	3167.67450000000008
FEATURE	3325.100291225324327	611.198441473764092	5.108928e06	1	22.60923	0.905403	0.0	0.0	3304.664800000000014	3348.173099999999977
FEATURE	2936.754012960801447	775.458448399469148	5.104569e06	1	16.223059	0.913325	0.0	0.0	2924.498500000000149	2952.82340000000022
FEATURE	3483.490481930688475	553.116845185055809	5.099164e06	1	42.337658	0.835477	0.0	0.0	3463.323100000000068	3525.427499999999782
FEATURE	1861.781914460323378	565.303860595516881	5.097929e06	2	15.927882	0.825537	0.0	0.0	1851.696999999999889	1876.211099999999988
FEATURE	1866.876296744582987	520.83233158704445	5.089602e06	2	16.29204	0.878275	0.0	0.0	1856.638999999999896	1880.429000000000087
PEPTIDE	1856.104199999999992	520.832214355468977	6.1652281134402e-04	0	VREVVVLAR	2	K	A	q-value	MS-GF+_2026-09-01T17:45:52_7198454993515115019	NP_215649.1	356	364	-1
FEATURE	2146.531225821868702	1007.552830817624795	5.069303e06	1	13.920204	0.847506	0.0	0.0	2136.04320000000007	2159.632700000000114
FEATURE	1484.165654326003278	546.301202012165618	5.066143e06	2	16.080099	0.878572	0.0	0.0	1470.717699999999923	1494.553100000000086
PEPTIDE	1473.480299999999943	546.301574707031023	0.0	0	YRDAAVAGIR	2	R	A	q-value	MS-GF+_2026-09-01T17:45:52_7198454993515115019	NP_214780.1	40	49	-1
FEATURE	1640.205647986966369	569.29838614874609	5.066037e06	2	15.803656	0.85781	0.0	0.0	1634.60329999999999	1649.729299999999967
PEPTIDE	1632.190599999999904	569.298217773437955	0.0	0	SAYQQATGLAK	2	R	T	q-value	MS-GF+_2026-09-01T17:45:52_7198454993515115019	NP_215146.1	151	161	-1
FEATURE	1939.650608330318391	823.900509881449125	5.064917e06	2	15.547211	0.842648	0.0	0.0	1930.052699999999959	1954.84030000000007
PEPTIDE	1933.16599999999994	823.903625488281023	0.0	0	VPGYAPQGGGYAEPAGR	2	R	D	q-value	MS-GF+_2026-09-01T17:45:52_7198454993515115019	NP_214534.1	384	400	-1
FEATURE	4655.917952155155035	450.270555173665173	5.058154e06	1	8.709721	0.845726	0.0	0.0	4648.582900000000336	4664.572900000000118
FEATURE	2891.373396641849013	716.332957199370185	5.056096e06	2	17.22035	0.87463	0.0	0.0	2882.535600000000159	2908.778299999999945
PEPTIDE	2883.503700000000208	716.328674316406023	0.0	0	YTDEWQAYVTR	2	R	Q	q-value	MS-GF+_2026-09-01T17:45:52_7198454993515115019	NP_216052.1	131	141	-1
FEATURE	1917.315267652242937	399.285263821510227	5.034609e06	1	28.391462	0.886323	0.0	0.0	1898.885099999999966	1927.425500000000056
FEATURE	3999.755713170596209	617.258439496230494	5.024182e06	1	25.851433	0.890299	0.0	0.0	3975.333000000000084	4026.652900000000045
FEATURE	2777.229022901401549	653.361875001209	5.02081e06	2	13.924872	0.889334	0.0	0.0	2762.594500000000153	2790.280799999999999
FEATURE	4597.442381338148152	732.549628165497552	5.017908e06	1	11.76441	0.869457	0.0	0.0	4590.982899999999972	4601.632999999999811
FEATURE	2062.062088951925034	601.804897373080394	5.010451e06	2	12.86938	0.864331	0.0	0.0	2053.23030000000017	2067.913000000000011
FEATURE	2305.774249118914213	415.753090602541079	5.00822e06	2	13.588161	0.789536	0.0	0.0	2294.980599999999868	2319.685699999999997
FEATURE	2993.930312120730832	1159.638404201614321	5.0062e06	1	15.611818	0.871375	0.0	0.0	2987.80560000000014	3005.162699999999859
FEATURE	3085.866585468716494	379.249053284145418	5.005367e06	2	19.598322	0.865658	0.0	0.0	3073.869099999999889	3105.817000000000007
FEATURE	4670.382237551689286	588.277691721737256	4.990819e06	1	10.909136	0.843531	0.0	0.0	4659.232899999999972	4675.413099999999758
FEATURE	2414.422917126401899	1020.477659765544331	4.983645e06	2	20.14916	0.867493	0.0	0.0	2396.867799999999988	2431.603000000000066
PEPTIDE	2404.745399999999791	1020.483825683589998	0.0	0	VGDPTDPDTDVGPLATEQGR	2	R	N	q-value	MS-GF+_2026-09-01T17:45:52_7198454993515115019	NP_216247.2	347	366	-1
FEATURE	3036.864903605599011	558.223422230767142	4.973672e06	1	36.775707	0.844354	0.0	0.0	3012.202999999999975	3063.929700000000139
FEATURE	3361.791840034985853	430.048366034562491	4.972349e06	1	28.705559	0.816085	0.0	0.0	3344.22400000000016	3381.31880000000001
FEATURE	2235.309654755461906	656.689568321058232	4.96068e06	3	15.460087	0.844545	0.0	0.0	2222.394200000000183	2251.169300000000021
PEPTIDE	2228.506800000000112	656.691284179687955	6.1652281134402e-04	0	VVAEGGEPAAGRPVLM(Oxidation)GITK	3	R	A	q-value	MS-GF+_2026-09-01T17:45:52_7198454993515115019	NP_215182.1	1192	1211	-1
FEATURE	3049.51683419548408	920.4452378889182	4.96048e06	2	21.600334	0.883497	0.0	0.0	3038.956900000000132	3069.002100000000155
FEATURE	2685.78007904300739	626.812937412753627	4.959538e06	2	13.495803	0.857711	0.0	0.0	2676.872899999999845	2698.541799999999967
FEATURE	3206.287685161187255	649.264123594377224	4.935296e06	2	21.298895	0.896073	0.0	0.0	3189.593699999999899	3227.385499999999865
PEPTIDE	3192.300299999999879	649.263305664062045	8.803728638011389e-03	0	ASVPGGGDMGGMDF	2	K	]	q-value	MS-GF+_2026-09-01T17:45:52_7198454993515115019	NP_214954.1	526	539	-1
FEATURE	3377.719105003966433	782.830785445544166	4.933911e06	2	14.112687	0.89749	0.0	0.0	3363.288700000000063	3392.261300000000119
FEATURE	1753.146383444155617	684.403805105280867	4.933487e06	1	25.33312	0.855756	0.0	0.0	1736.994200000000092	1757.965099999999893
FEATURE	1555.136648315556158	693.649166325383817	4.931795e06	3	12.072387	0.845867	0.0	0.0	1545.591499999999996	1565.504500000000007
PEPTIDE	1545.265900000000102	693.647399902343977	0.0	0	HDTSTLANDPNETELHER	3	K	L	q-value	MS-GF+_2026-09-01T17:45:52_7198454993515115019	NP_217040.1	2871	2888	-1
FEATURE	1746.438083639167644	430.224518620279753	4.931539e06	2	18.016186	0.836317	0.0	0.0	1729.018900000000031	1757.965099999999893
FEATURE	2895.831668985687429	806.898165796390913	4.9265e06	2	16.77087	0.754051	0.0	0.0	2879.990099999999984	2908.778299999999945
FEATURE	2935.407204766098857	730.382169660629302	4.908031e06	2	14.42388	0.879391	0.0	0.0	2922.759700000000066	2949.618199999999888
FEATURE	3086.35227614888845	362.222544105474924	4.906227e06	2	18.31922	0.908654	0.0	0.0	3072.334199999999782	3104.324700000000121
FEATURE	4537.357065967808012	474.20891726881473	4.895093e06	1	14.543806	0.855627	0.0	0.0	4523.225099999999657	4546.92489999999998
FEATURE	4559.789299173648033	529.31295468661358	4.895026e06	1	3.365451	0.839475	0.0	0.0	4556.522799999999734	4562.65480000000025
FEATURE	2716.326647555937598	899.448797790063054	4.888953e06	2	13.648367	0.838446	0.0	0.0	2704.946399999999812	2729.717999999999847
FEATURE	2394.966586634512169	620.375456302555108	4.885756e06	2	13.863023	0.906858	0.0	0.0	2383.977899999999863	2409.168099999999868
FEATURE	4449.893698861874327	399.235430935792067	4.873403e06	1	38.321014	0.855418	0.0	0.0	4409.59479999999985	4481.423200000000179
FEATURE	3237.073420044194336	537.035034826027072	4.869806e06	1	23.847502	0.824343	0.0	0.0	3218.904700000000048	3261.746399999999994
FEATURE	3784.483290536182722	577.367666048249589	4.867132e06	2	18.056639	0.871681	0.0	0.0	3770.289400000000114	3802.804799999999887
FEATURE	3265.947811514377008	452.177029933632923	4.864701e06	1	22.16482	0.873453	0.0	0.0	3246.612999999999829	3282.146000000000186
FEATURE	2823.804540099105452	622.366980826780264	4.860884e06	1	18.68668	0.868332	0.0	0.0	2806.814100000000053	2839.062199999999848
FEATURE	2339.326671611034271	410.234155628338101	4.859406e06	2	21.729975	0.878938	0.0	0.0	2339.105399999999918	2359.884900000000016
FEATURE	2603.969757826786463	493.288046369512017	4.857704e06	2	14.761239	0.852414	0.0	0.0	2600.40560000000005	2619.409599999999955
FEATURE	2185.484077955222801	849.445739504008316	4.835018e06	2	13.882333	0.89559	0.0	0.0	2173.423899999999776	2199.210099999999784
PEPTIDE	2177.64260000000013	849.447387695312045	0.0	0	ATALAEGTGAAIAPAEGAR	2	R	A	q-value	MS-GF+_2026-09-01T17:45:52_7198454993515115019	NP_215697.1	1423	1441	-1
FEATURE	1421.892835659383991	473.252023224152424	4.833983e06	3	10.70847	0.789699	0.0	0.0	1413.344900000000052	1430.962700000000041
PEPTIDE	1415.6099999999999	473.251495361328011	6.1652281134402e-04	0	AVVLAHDHDEAIK	3	R	G	q-value	MS-GF+_2026-09-01T17:45:52_7198454993515115019	NP_218317.1	674	686	-1
FEATURE	1659.119125443534585	502.26967250236504	4.829739e06	2	17.371441	0.855394	0.0	0.0	1643.713400000000092	1677.134199999999964
FEATURE	1940.407971596909647	519.78248756966957	4.826026e06	2	12.988624	0.848192	0.0	0.0	1933.723799999999983	1953.480299999999943
FEATURE	2154.38032153223503	429.233119071058923	4.819407e06	1	19.167583	0.897685	0.0	0.0	2135.185599999999795	2171.428300000000036
FEATURE	3318.987227020822502	391.171551027095347	4.812593e06	1	37.708706	0.819412	0.0	0.0	3298.77579999999989	3349.052000000000135
FEATURE	2451.694749861400396	518.81157922378361	4.80632e06	2	15.572288	0.863714	0.0	0.0	2435.315999999999804	2464.818000000000211
FEATURE	1751.485477472738467	778.420724043872951	4.80552e06	1	19.836113	0.818011	0.0	0.0	1738.589400000000069	1771.484899999999925
FEATURE	4650.302696896732414	445.186442549854405	4.803084e06	1	9.760866	0.90628	0.0	0.0	4640.542999999999665	4660.124700000000303
FEATURE	2441.833390876991416	459.280441263631758	4.802729e06	1	27.114952	0.88134	0.0	0.0	2441.51909999999998	2470.494200000000092
FEATURE	2232.633125197036861	462.146621813999786	4.800737e06	1	31.779467	0.854632	0.0	0.0	2217.5945999999999	2246.939199999999801
FEATURE	4030.144359715212431	381.154548375420006	4.800639e06	1	35.714253	0.849074	0.0	0.0	4006.833000000000084	4067.76279999999997
FEATURE	2238.924298290083243	463.792869904563816	4.788731e06	2	12.431096	0.819995	0.0	0.0	2226.497699999999895	2251.169300000000021
PEPTIDE	2230.640899999999874	463.792114257811988	6.1652281134402e-04	0	ALIQQVVR	2	K	F	q-value	MS-GF+_2026-09-01T17:45:52_7198454993515115019	NP_215844.1	561	568	-1
FEATURE	2846.972026952248143	1351.675121305200491	4.785463e06	2	26.734919	0.772931	0.0	0.0	2833.04340000000002	2862.271499999999833
FEATURE	3814.386864594955114	441.187106720801808	4.774981e06	1	25.341459	0.904181	0.0	0.0	3793.803499999999986	3833.742999999999938
FEATURE	4576.140238377445712	451.982599377142208	4.77349e06	1	6.601793	0.795391	0.0	0.0	4570.574800000000323	4582.193100000000413
FEATURE	2281.112489899673619	741.390695873713298	4.769969e06	2	11.161596	0.842377	0.0	0.0	2274.034000000000106	2291.919600000000173
PEPTIDE	2275.858200000000124	741.390686035156023	0.0	0	SLVDGGVHNTLVDR	2	R	Y	q-value	MS-GF+_2026-09-01T17:45:52_7198454993515115019	YP_177855.1	691	704	-1
FEATURE	3663.043923893331794	524.827722088926748	4.767652e06	2	17.094318	0.886074	0.0	0.0	3649.282999999999902	3680.79300000000012
FEATURE	2816.684254097924622	623.818284670337789	4.765685e06	2	16.433636	0.851328	0.0	0.0	2803.005599999999959	2833.890100000000075
FEATURE	2089.120102254199082	664.880949919480486	4.763462e06	2	14.983438	0.830675	0.0	0.0	2082.773000000000138	2104.869400000000042
PEPTIDE	2084.374499999999898	664.880981445312045	0.0	0	AVLQAQGSVLTNK	2	R	Y	q-value	MS-GF+_2026-09-01T17:45:52_7198454993515115019	YP_177787.3	38	50	-1
FEATURE	1870.121840022987271	557.316736206312612	4.750834e06	2	16.38315	0.863072	0.0	0.0	1859.526599999999917	1880.429000000000087
PEPTIDE	1858.705600000000004	557.317321777343977	1.68255748738082e-03	0	LVAQTSLEPR	2	R	H	q-value	MS-GF+_2026-09-01T17:45:52_7198454993515115019	NP_215026.1	22	31	-1
FEATURE	1710.525632310670744	789.471566563847659	4.743615e06	1	22.279966	0.885996	0.0	0.0	1696.698599999999942	1732.556900000000042
FEATURE	3235.865239649200248	825.877144395423102	4.742253e06	2	17.914448	0.878951	0.0	0.0	3220.798800000000028	3254.523799999999937
PEPTIDE	3225.476000000000113	825.877624511718977	0.0	0	VDQWEPDEVYWGK	2	R	E	q-value	MS-GF+_2026-09-01T17:45:52_7198454993515115019	NP_216424.1	187	199	-1
FEATURE	3396.202022536995173	547.850879099444114	4.73784e06	2	18.164864	0.870799	0.0	0.0	3382.451300000000174	3411.96309999999994
PEPTIDE	3409.068400000000111	547.851501464843977	6.1652281134402e-04	0	TVLPPVLSIR	2	R	N	q-value	MS-GF+_2026-09-01T17:45:52_7198454993515115019	NP_217040.1	220	229	-1
FEATURE	2669.801320168032817	496.27216612309121	4.732648e06	2	14.988609	0.877253	0.0	0.0	2657.128600000000006	2684.976200000000063
PEPTIDE	2657.938999999999851	496.272705078125	0.0	0	AFAPYGLPR	2	K	T	q-value	MS-GF+_2026-09-01T17:45:52_7198454993515115019	NP_216441.2	339	347	-1
FEATURE	4465.991838695792467	518.894622824540647	4.729734e06	1	54.217823	0.877042	0.0	0.0	4424.613400000000183	4471.214700000000448
FEATURE	1804.206071887788312	381.710950356657008	4.729007e06	2	17.563364	0.852941	0.0	0.0	1787.387400000000071	1816.65969999999993
PEPTIDE	1802.655799999999999	381.711212158203011	3.34261838440111e-03	0	FTPEIR	2	R	S	q-value	MS-GF+_2026-09-01T17:45:52_7198454993515115019	NP_216992.1	1326	1331	-1
FEATURE	2119.344172480053203	465.240210689545791	4.726556e06	2	14.112012	0.865581	0.0	0.0	2107.466600000000199	2132.426699999999983
PEPTIDE	2109.338400000000092	465.239685058593977	6.1652281134402e-04	0	FETITYR	2	R	E	q-value	MS-GF+_2026-09-01T17:45:52_7198454993515115019	NP_217106.1	82	88	-1
FEATURE	4145.210961205410968	422.005703595214072	4.72149e06	1	28.830362	0.892027	0.0	0.0	4116.153500000000349	4175.134799999999814
FEATURE	3818.247403576602665	581.097961330920612	4.711561e06	1	21.865515	0.846109	0.0	0.0	3800.635400000000118	3837.772899999999936
FEATURE	2187.868007172482521	621.372349980460513	4.71114e06	1	15.063806	0.867126	0.0	0.0	2175.412800000000061	2199.210099999999784
FEATURE	2699.575419818490445	609.322973162011522	4.708282e06	2	13.817853	0.897883	0.0	0.0	2689.158199999999852	2708.505000000000109
PEPTIDE	2692.695000000000164	609.324890136718977	0.0	0	SGNLQELIDTK	2	R	S	q-value	MS-GF+_2026-09-01T17:45:52_7198454993515115019	NP_215964.1	29	39	-1
FEATURE	2422.002764225477222	619.766926909623294	4.706027e06	2	17.143848	0.887777	0.0	0.0	2405.424399999999878	2431.603000000000066
PEPTIDE	2415.295999999999822	619.7666015625	6.1652281134402e-04	0	YGPWEC(Carbamidomethyl)DGVR	2	K	R	q-value	MS-GF+_2026-09-01T17:45:52_7198454993515115019	NP_217451.1	408	417	-1
FEATURE	2175.677497634789688	449.771484712516156	4.702364e06	2	19.658442	0.869208	0.0	0.0	2158.210799999999836	2194.533800000000156
FEATURE	3233.14803230045618	850.417870848960888	4.699588e06	2	16.081966	0.85222	0.0	0.0	3217.992999999999938	3250.013100000000122
FEATURE	2007.897083743702751	802.405461960248317	4.696119e06	2	13.111829	0.809185	0.0	0.0	2000.995799999999917	2021.563000000000102
PEPTIDE	2004.261999999999944	802.408081054687955	0.0	0	VRPYGMAGGSPGELGR	2	R	N	q-value	MS-GF+_2026-09-01T17:45:52_7198454993515115019	NP_214780.1	1145	1160	-1
FEATURE	4516.160962800508969	442.337942451660069	4.693008e06	1	26.749941	0.897031	0.0	0.0	4494.243099999999686	4531.1850000000004
FEATURE	2044.363857585212145	735.378938983459307	4.691816e06	1	19.056782	0.878253	0.0	0.0	2030.648500000000013	2058.552000000000135
FEATURE	2144.717368092529796	526.744062583188452	4.691505e06	2	16.464567	0.889003	0.0	0.0	2137.672000000000026	2161.040399999999863
FEATURE	1965.350313060491317	446.238531468957774	4.689281e06	1	19.717714	0.872359	0.0	0.0	1949.635199999999941	1981.497399999999971
FEATURE	2273.747687433494775	471.083187565650121	4.688862e06	1	13.311744	0.82785	0.0	0.0	2272.025299999999788	2285.175900000000183
FEATURE	3275.437153473862963	905.944110737267806	4.680373e06	2	16.766975	0.887569	0.0	0.0	3260.855799999999817	3289.763699999999972
PEPTIDE	3265.526400000000194	905.941284179687955	0.0	0	GGYFPVAPNDQYVDLR	2	K	D	q-value	MS-GF+_2026-09-01T17:45:52_7198454993515115019	NP_216736.1	183	198	-1
FEATURE	3024.275035102347829	813.414102699389787	4.674273e06	2	13.623776	0.877542	0.0	0.0	3013.808399999999892	3037.822999999999865
FEATURE	2088.571453712345829	754.41742921510172	4.673707e06	1	14.806953	0.889457	0.0	0.0	2079.17489999999998	2100.612999999999829
FEATURE	1815.451113055954465	677.818980156968905	4.667796e06	2	14.462836	0.844764	0.0	0.0	1805.810699999999997	1823.345299999999952
FEATURE	2738.915170647908326	816.897885221996376	4.664247e06	2	14.815695	0.875152	0.0	0.0	2727.38839999999982	2753.522599999999784
PEPTIDE	2738.239000000000033	816.896606445312045	0.0	0	GGGPLC(Carbamidomethyl)VTDANVM(Oxidation)LGR	2	R	I	q-value	MS-GF+_2026-09-01T17:45:52_7198454993515115019	NP_214780.1	350	365	-1
FEATURE	2868.810525675002737	482.935118475619447	4.65851e06	3	15.877532	0.753749	0.0	0.0	2864.523099999999886	2884.117799999999988
PEPTIDE	2860.749499999999898	482.934509277343977	1.68255748738082e-03	0	LVDAPLPAWTHAR	3	R	L	q-value	MS-GF+_2026-09-01T17:45:52_7198454993515115019	NP_217456.1	862	874	-1
FEATURE	2755.295913326666778	736.838500647615888	4.65758e06	2	14.537619	0.878977	0.0	0.0	2743.369099999999889	2770.479899999999816
PEPTIDE	2750.005999999999858	736.838684082031023	0.0	0	TAGFDSDVFEGTAR	2	K	V	q-value	MS-GF+_2026-09-01T17:45:52_7198454993515115019	NP_214703.1	413	426	-1
FEATURE	2337.03439458559069	688.821050078418352	4.65712e06	2	14.917699	0.851054	0.0	0.0	2327.451700000000074	2351.483299999999872
PEPTIDE	2337.412400000000162	688.821228027343977	0.0	0	WSTDNPDSIVDK	2	R	N	q-value	MS-GF+_2026-09-01T17:45:52_7198454993515115019	NP_215764.2	356	367	-1
FEATURE	2376.585315065096893	531.252664846676907	4.652455e06	2	16.274811	0.890105	0.0	0.0	2368.802599999999984	2387.072299999999814
FEATURE	2797.282591345862329	697.325603982167991	4.648449e06	2	13.251452	0.881782	0.0	0.0	2786.038500000000113	2811.045500000000175
PEPTIDE	2790.788000000000011	697.324829101562045	0.0	0	AETLGDDIAWM(Oxidation)R	2	R	F	q-value	MS-GF+_2026-09-01T17:45:52_7198454993515115019	NP_214725.1	289	300	-1
FEATURE	2769.229777578561425	755.889223483208866	4.647021e06	2	17.434599	0.878634	0.0	0.0	2757.016500000000178	2787.593199999999797
PEPTIDE	2761.047599999999875	755.890686035156023	0.0	0	QSGPDAPVLPTLC(Carbamidomethyl)R	2	R	A	q-value	MS-GF+_2026-09-01T17:45:52_7198454993515115019	NP_217106.1	639	652	-1
FEATURE	1829.415467357596981	452.24861970370398	4.64552e06	2	9.032022	0.829896	0.0	0.0	1821.554799999999887	1832.444999999999936
FEATURE	2487.903246074723484	904.402673073102051	4.64541e06	2	14.359503	0.872266	0.0	0.0	2475.764500000000226	2498.168599999999969
FEATURE	4467.551820806042088	588.276790829472475	4.64283e06	1	21.764334	0.906874	0.0	0.0	4445.102799999999661	4490.564800000000105
FEATURE	3387.914418332452442	794.091379202680059	4.641167e06	1	25.966103	0.827788	0.0	0.0	3366.01319999999987	3403.173099999999977
FEATURE	2483.825317245729366	820.473553832762036	4.635661e06	2	17.016512	0.867934	0.0	0.0	2470.494200000000092	2500.853000000000066
FEATURE	3478.063075485848913	376.093184892623697	4.618655e06	1	23.37491	0.840381	0.0	0.0	3462.046600000000126	3501.03859999999986
FEATURE	2121.64560013678647	704.339758654944376	4.617005e06	2	12.533065	0.869663	0.0	0.0	2110.918999999999869	2134.391299999999774
PEPTIDE	2112.847999999999956	704.338317871093977	0.0	0	C(Carbamidomethyl)VVIDSC(Carbamidomethyl)QTGLR	2	R	A	q-value	MS-GF+_2026-09-01T17:45:52_7198454993515115019	YP_177855.1	202	213	-1
FEATURE	3466.172910867207975	817.91855369438963	4.615667e06	2	18.152496	0.899454	0.0	0.0	3448.88799999999992	3483.536099999999806
PEPTIDE	3454.337399999999889	817.920227050781023	0.0	0	TIDEIPELYESAVR	2	R	E	q-value	MS-GF+_2026-09-01T17:45:52_7198454993515115019	NP_217802.1	182	195	-1
FEATURE	2368.201156136464306	437.178377861155923	4.607262e06	1	16.477348	0.815786	0.0	0.0	2364.574999999999818	2383.194300000000112
FEATURE	4525.60394024955167	376.175789497093547	4.60222e06	1	11.059436	0.927879	0.0	0.0	4514.253099999999904	4535.612799999999879
FEATURE	4528.278665480661402	898.587766161210084	4.592127e06	1	3.610391	0.881953	0.0	0.0	4525.023100000000341	4532.063100000000304
FEATURE	1852.229148413028042	523.759248032971982	4.591268e06	2	16.45981	0.816035	0.0	0.0	1848.013799999999947	1867.335499999999911
FEATURE	2819.667818949146749	676.143768553012706	4.589186e06	1	25.667967	0.867225	0.0	0.0	2804.949500000000171	2836.503000000000156
FEATURE	4617.048919796605333	397.105477315992403	4.586392e06	1	8.194229	0.88395	0.0	0.0	4613.135000000000218	4625.565700000000106
FEATURE	1562.463207894906418	888.480100996407145	4.584976e06	1	12.913526	0.862437	0.0	0.0	1551.592799999999897	1573.884600000000091
FEATURE	2804.678853423806686	512.26002355519779	4.584878e06	2	14.475461	0.864068	0.0	0.0	2792.075800000000072	2819.04300000000012
PEPTIDE	2812.412600000000111	512.258422851562045	0.0	0	DFDSLGTLR	2	R	K	q-value	MS-GF+_2026-09-01T17:45:52_7198454993515115019	NP_218163.1	255	263	-1
FEATURE	3002.667964316951839	583.274350718394089	4.583649e06	1	28.394485	0.883679	0.0	0.0	2978.900500000000193	3023.178899999999885
FEATURE	2250.842988511034491	594.846578174268757	4.582787e06	2	16.20155	0.852364	0.0	0.0	2237.389000000000124	2259.947299999999814
PEPTIDE	2236.529300000000148	594.848693847656023	1.21580547112462e-03	0	LHVVLPGSPNR	2	R	G	q-value	MS-GF+_2026-09-01T17:45:52_7198454993515115019	NP_217040.1	2266	2276	-1
FEATURE	1787.741368109612949	451.73258976007287	4.582703e06	2	22.086317	0.828467	0.0	0.0	1769.542599999999993	1800.531099999999924
FEATURE	2967.556880683906911	543.754840013455009	4.577724e06	2	16.831751	0.893328	0.0	0.0	2955.777799999999843	2980.231400000000122
PEPTIDE	2953.630999999999858	543.756225585937955	6.1652281134402e-04	0	DAGFYWATR	2	K	S	q-value	MS-GF+_2026-09-01T17:45:52_7198454993515115019	NP_215182.1	717	725	-1
FEATURE	1707.751185331678244	821.476685823964203	4.574612e06	1	18.181385	0.890265	0.0	0.0	1696.698599999999942	1726.70880000000011
FEATURE	1793.569429559132004	453.572523228853072	4.572311e06	3	11.606837	0.784417	0.0	0.0	1785.416400000000067	1805.810699999999997
FEATURE	2241.409003660097369	447.755787654881431	4.565724e06	2	11.70463	0.862036	0.0	0.0	2229.361300000000028	2244.882999999999811
PEPTIDE	2232.11869999999999	447.754699707031023	6.1652281134402e-04	0	VATIFTSR	2	K	D	q-value	MS-GF+_2026-09-01T17:45:52_7198454993515115019	YP_177855.1	785	792	-1
FEATURE	3037.693223305788706	625.865811449816988	4.557674e06	2	16.360493	0.886712	0.0	0.0	3024.472699999999804	3054.514900000000125
PEPTIDE	3025.919400000000223	625.867919921875	0.0	0	AITALLNLEHR	2	K	G	q-value	MS-GF+_2026-09-01T17:45:52_7198454993515115019	NP_218376.1	37	47	-1
FEATURE	2614.603614655515685	796.905109588686969	4.556747e06	2	16.57679	0.866128	0.0	0.0	2603.192799999999806	2630.432499999999891
PEPTIDE	2606.43730000000005	796.903625488281023	0.0	0	TVIGYPAPNLM(Oxidation)DTGK	2	R	A	q-value	MS-GF+_2026-09-01T17:45:52_7198454993515115019	NP_215965.1	266	280	-1
FEATURE	1235.767058093827018	391.284778155920151	4.55643e06	1	58.058353	0.848595	0.0	0.0	1214.472999999999956	1265.93139999999994
FEATURE	2502.148829024886254	733.857180737053	4.550911e06	2	14.169033	0.799439	0.0	0.0	2491.037299999999959	2515.795999999999822
PEPTIDE	2508.577099999999973	733.856506347656023	0.0	0	EALC(Carbamidomethyl)AVGNGYLGSR	2	R	G	q-value	MS-GF+_2026-09-01T17:45:52_7198454993515115019	YP_177855.1	550	563	-1
FEATURE	3142.176206291651397	587.017868342773454	4.550206e06	1	22.112312	0.871308	0.0	0.0	3129.295599999999922	3161.197200000000066
FEATURE	3242.546293731254082	492.186967709309556	4.54599e06	1	24.324076	0.907776	0.0	0.0	3218.904700000000048	3268.064100000000053
FEATURE	2111.261071549685767	870.444593516956502	4.543808e06	2	12.092377	0.855649	0.0	0.0	2101.398099999999886	2124.026100000000042
PEPTIDE	2106.141000000000076	870.441772460937955	0.0	0	VYSGTVESGSQVINATK	2	R	G	q-value	MS-GF+_2026-09-01T17:45:52_7198454993515115019	YP_177746.1	334	350	-1
FEATURE	2539.713334203219347	682.863496160329646	4.540527e06	2	14.452528	0.893161	0.0	0.0	2527.498300000000199	2549.727600000000166
PEPTIDE	2532.327999999999975	682.862182617187955	0.0	0	ALVAFTQSGDTVR	2	K	R	q-value	MS-GF+_2026-09-01T17:45:52_7198454993515115019	NP_216133.1	368	380	-1
FEATURE	3081.881871195209442	620.867734670576169	4.519218e06	2	17.067514	0.905074	0.0	0.0	3072.334199999999782	3099.509100000000217
PEPTIDE	3072.911399999999958	620.869384765625	0.0	0	DVLLVSAGTIPR	2	R	T	q-value	MS-GF+_2026-09-01T17:45:52_7198454993515115019	NP_218318.1	591	602	-1
FEATURE	2748.39939854090153	830.443603121894512	4.514138e06	2	16.685925	0.851787	0.0	0.0	2736.248700000000099	2764.773400000000038
PEPTIDE	2739.699700000000121	830.445495605468977	0.0	0	ILVEVGPGGSLTGSAM(Oxidation)R	2	R	H	q-value	MS-GF+_2026-09-01T17:45:52_7198454993515115019	NP_217451.1	810	826	-1
FEATURE	3266.454407196326429	797.402209375604457	4.513902e06	2	14.592268	0.877852	0.0	0.0	3251.214199999999892	3281.222999999999956
FEATURE	2683.402373325179269	624.815652047379786	4.508629e06	2	24.647686	0.86077	0.0	0.0	2662.154100000000199	2700.314100000000053
PEPTIDE	2666.264000000000124	624.815490722656023	0.0	0	SPEQVAEGYLR	2	R	I	q-value	MS-GF+_2026-09-01T17:45:52_7198454993515115019	NP_214780.1	408	418	-1
PEPTIDE	2701.522699999999986	624.813598632812045	0.0	0	SPEQVAEGYLR	2	R	I	q-value	MS-GF+_2026-09-01T17:45:52_7198454993515115019	NP_214780.1	408	418	-1
FEATURE	2732.688272867147589	1103.062631436808488	4.504961e06	2	13.467325	0.883463	0.0	0.0	2724.594399999999951	2746.270500000000084
PEPTIDE	2729.41820000000007	1103.065673828119998	0.0	0	LPEVGVAGEGAAAPPVDVSEANR	2	R	I	q-value	MS-GF+_2026-09-01T17:45:52_7198454993515115019	NP_216992.1	453	475	-1
FEATURE	1264.9619941026574	654.624734403628054	4.489683e06	3	10.273471	0.781928	0.0	0.0	1254.664700000000039	1275.303000000000111
PEPTIDE	1256.344700000000103	654.621826171875	1.68255748738082e-03	0	RGGGGGDDDDIAGSTAAGQER	3	K	R	q-value	MS-GF+_2026-09-01T17:45:52_7198454993515115019	NP_216627.1	7	27	-1
FEATURE	3179.216939471594287	609.327274029090631	4.484439e06	2	17.349659	0.864138	0.0	0.0	3163.272300000000087	3197.167199999999866
FEATURE	3165.114053787009198	444.722180048210532	4.484243e06	2	17.908398	0.883809	0.0	0.0	3148.63760000000002	3183.744799999999941
FEATURE	3835.041398939753435	399.165299580965723	4.480157e06	1	30.439535	0.883119	0.0	0.0	3809.302900000000136	3865.774800000000141
FEATURE	2732.505696709868062	693.879120624525967	4.479762e06	2	15.364244	0.882546	0.0	0.0	2719.678199999999833	2747.818099999999959
PEPTIDE	2731.897699999999986	693.878112792968977	0.0	0	DSEPAVILTTAAAK	2	R	N	q-value	MS-GF+_2026-09-01T17:45:52_7198454993515115019	NP_216441.2	139	152	-1
FEATURE	2143.277931124416227	695.85265604451331	4.476545e06	2	20.345615	0.848117	0.0	0.0	2143.116100000000188	2163.894800000000032
PEPTIDE	2141.628700000000208	695.85009765625	0.0	0	LQDGEPYLAGTAR	2	R	T	q-value	MS-GF+_2026-09-01T17:45:52_7198454993515115019	NP_217667.1	719	731	-1
FEATURE	2596.660011094788388	493.287982531395528	4.463645e06	2	13.800342	0.821102	0.0	0.0	2582.373099999999795	2600.40560000000005
PEPTIDE	2587.188700000000154	493.286804199218977	6.1652281134402e-04	0	GIVVELAER	2	R	A	q-value	MS-GF+_2026-09-01T17:45:52_7198454993515115019	NP_215182.1	895	903	-1
FEATURE	1393.298283882009628	652.314249776089355	4.457471e06	2	11.872461	0.894392	0.0	0.0	1381.26260000000002	1405.042999999999893
PEPTIDE	1395.022200000000112	652.314575195312045	0.0	0	YAELC(Carbamidomethyl)QQHVR	2	R	A	q-value	MS-GF+_2026-09-01T17:45:52_7198454993515115019	YP_177855.1	813	822	-1
FEATURE	2889.301501180144442	979.013679216726018	4.443173e06	2	11.7884	0.820685	0.0	0.0	2879.990099999999984	2901.738199999999779
FEATURE	4617.48979477708599	925.516263828935394	4.441418e06	1	9.8796	0.87944	0.0	0.0	4611.373400000000402	4627.313100000000304
FEATURE	2146.476524921739838	654.853439197037233	4.439148e06	2	13.573097	0.857109	0.0	0.0	2135.185599999999795	2158.210799999999836
PEPTIDE	2139.505000000000109	654.853271484375	0.0	0	KVLIC(Carbamidomethyl)GYGDVGK	2	K	G	q-value	MS-GF+_2026-09-01T17:45:52_7198454993515115019	NP_217765.1	276	287	-1
FEATURE	1963.585435881215062	648.382886636284979	4.435509e06	1	19.911779	0.871552	0.0	0.0	1946.529700000000048	1975.544000000000096
FEATURE	3415.272530668523814	392.203012032617778	4.432125e06	1	30.007837	0.854564	0.0	0.0	3398.682999999999993	3433.990999999999986
FEATURE	2872.008840663686442	692.25409177612778	4.430841e06	1	25.165081	0.84181	0.0	0.0	2861.006400000000212	2891.08869999999979
FEATURE	4611.834430266272648	483.198425824459946	4.427047e06	1	5.774117	0.884146	0.0	0.0	4606.96309999999994	4616.832999999999629
FEATURE	439.367474711514433	371.100996079748086	4.422165e06	1	19.891096	0.768984	0.0	0.0	425.494700000000023	453.363800000000026
FEATURE	3728.493681393708357	849.499417394291982	4.405429e06	1	19.24939	0.899673	0.0	0.0	3710.619299999999839	3748.694100000000162
FEATURE	2406.600903322616432	701.875236712764945	4.404638e06	2	17.427372	0.873577	0.0	0.0	2394.511399999999867	2422.837100000000191
PEPTIDE	2399.180199999999786	701.875915527343977	0.0	0	TIVGLETPDSGSVK	2	K	V	q-value	MS-GF+_2026-09-01T17:45:52_7198454993515115019	NP_216993.1	365	378	-1
FEATURE	3190.200067745356591	879.469967106726472	4.401756e06	2	16.389408	0.910008	0.0	0.0	3175.225100000000111	3203.757399999999961
PEPTIDE	3179.860599999999977	879.470581054687955	0.0	0	AADAVSEALLASATPVSGK	2	K	T	q-value	MS-GF+_2026-09-01T17:45:52_7198454993515115019	NP_217934.1	121	139	-1
FEATURE	4320.180849160101388	480.222969477042568	4.401241e06	1	57.92614	0.846395	0.0	0.0	4273.244800000000396	4357.172899999999572
FEATURE	2263.88785441218306	679.362133483800221	4.396822e06	2	13.50307	0.852991	0.0	0.0	2251.169300000000021	2267.584800000000087
PEPTIDE	2265.567399999999907	679.359924316406023	6.1652281134402e-04	0	LIQPVAM(Oxidation)DEGLR	2	K	F	q-value	MS-GF+_2026-09-01T17:45:52_7198454993515115019	NP_215199.1	364	375	-1
FEATURE	2060.63920348588681	497.295917087860232	4.39115e06	2	13.335777	0.8659	0.0	0.0	2047.83809999999994	2074.654899999999998
PEPTIDE	2057.509500000000116	497.296112060546989	6.1652281134402e-04	0	EVQIHLVR	2	R	E	q-value	MS-GF+_2026-09-01T17:45:52_7198454993515115019	NP_215182.1	1128	1135	-1
FEATURE	2075.068357143493358	699.883430712981522	4.38734e06	2	11.964436	0.853991	0.0	0.0	2067.040500000000065	2084.911599999999908
PEPTIDE	2070.95699999999988	699.885620117187955	0.0	0	LNSVVPDGAGTVAAK	2	R	V	q-value	MS-GF+_2026-09-01T17:45:52_7198454993515115019	YP_177782.1	18	32	-1
FEATURE	4652.568226386282731	833.529416681636917	4.383178e06	1	19.035973	0.844529	0.0	0.0	4642.342899999999645	4660.124700000000303
FEATURE	2836.341105765362045	705.353283948829585	4.375094e06	2	14.167801	0.851628	0.0	0.0	2829.417899999999918	2846.456099999999879
FEATURE	3033.281619285570741	654.83461314813178	4.374414e06	2	19.081768	0.889172	0.0	0.0	3017.207499999999982	3050.775299999999788
PEPTIDE	3020.314699999999903	654.836791992187955	0.0	0	VGPDQFVYLDR	2	K	R	q-value	MS-GF+_2026-09-01T17:45:52_7198454993515115019	NP_217106.1	489	499	-1
FEATURE	3429.528871054180399	819.461240378940829	4.371452e06	2	16.447275	0.889244	0.0	0.0	3416.495300000000043	3446.123099999999795
PEPTIDE	3420.548999999999978	819.462707519531023	0.0	0	LIDLGAPEIIVNNEK	2	R	R	q-value	MS-GF+_2026-09-01T17:45:52_7198454993515115019	NP_215182.1	356	370	-1
FEATURE	2819.72081648483163	616.266174277877894	4.365725e06	2	17.155418	0.842895	0.0	0.0	2803.733299999999872	2827.643000000000029
FEATURE	2637.72779333796143	895.921277831330713	4.362347e06	2	13.308179	0.887903	0.0	0.0	2624.966600000000199	2651.540700000000015
FEATURE	1745.185106351197192	488.928356226411495	4.358527e06	3	18.680689	0.764917	0.0	0.0	1729.018900000000031	1755.400499999999965
PEPTIDE	1732.276599999999917	488.927398681641023	0.0	0	HPDRPAGVPYVTR	3	R	A	q-value	MS-GF+_2026-09-01T17:45:52_7198454993515115019	NP_216757.3	784	796	-1
FEATURE	3332.84412753559991	582.328365353537379	4.350925e06	1	31.717678	0.802115	0.0	0.0	3300.261599999999817	3351.172900000000027
FEATURE	1762.966729146798798	851.441940396733003	4.350182e06	2	12.898569	0.83241	0.0	0.0	1752.279500000000098	1775.407999999999902
PEPTIDE	1755.044699999999921	851.444396972656023	0.0	0	ALGQIEADRTSEVGKQ	2	R	]	q-value	MS-GF+_2026-09-01T17:45:52_7198454993515115019	NP_218317.1	1717	1732	-1
FEATURE	1369.763209454182288	789.717469743077686	4.34851e06	3	15.441724	0.849789	0.0	0.0	1358.153099999999995	1383.208599999999933
FEATURE	2180.563882658806051	714.451531942511451	4.347869e06	1	14.282308	0.88191	0.0	0.0	2171.428300000000036	2191.689100000000053
FEATURE	2954.932561652713048	464.281018079622868	4.347197e06	2	35.701683	0.807953	0.0	0.0	2936.347200000000157	2981.873099999999795
FEATURE	3233.0298966335572	858.931350057403961	4.346451e06	2	16.842855	0.869036	0.0	0.0	3220.798800000000028	3250.013100000000122
FEATURE	2636.450467505173037	831.48391611420368	4.343584e06	1	12.799682	0.925628	0.0	0.0	2623.364500000000135	2648.599900000000162
FEATURE	2052.880187389018374	493.785051948099408	4.341622e06	2	13.896597	0.887543	0.0	0.0	2042.607600000000048	2067.040500000000065
PEPTIDE	2053.73700000000008	493.785003662108977	0.0	0	TLVAGVVDGR	2	K	N	q-value	MS-GF+_2026-09-01T17:45:52_7198454993515115019	NP_215649.1	287	296	-1
FEATURE	3321.390406870806601	362.254077565786815	4.337483e06	1	22.278727	0.892806	0.0	0.0	3303.733099999999922	3344.22400000000016
FEATURE	3175.792640644580843	587.29488548507527	4.336363e06	2	17.332651	0.832379	0.0	0.0	3158.500799999999799	3193.946300000000065
FEATURE	2716.378443738348324	691.40184916138503	4.329994e06	2	13.501028	0.892927	0.0	0.0	2707.622299999999996	2729.717999999999847
FEATURE	3023.866280346195254	834.866130237440984	4.315565e06	2	16.396301	0.873869	0.0	0.0	3009.291499999999814	3040.943200000000161
PEPTIDE	3028.478500000000167	834.866088867187955	0.0	0	ADEEQQQALSSQMGF	2	R	]	q-value	MS-GF+_2026-09-01T17:45:52_7198454993515115019	NP_218391.1	85	99	-1
FEATURE	2678.655025304396077	720.370557957602728	4.311432e06	2	14.834421	0.880204	0.0	0.0	2664.196199999999863	2693.508400000000165
FEATURE	2410.279556243056504	481.254879902410664	4.306612e06	2	16.130524	0.876447	0.0	0.0	2398.61239999999998	2426.707800000000134
PEPTIDE	2404.202999999999975	481.255310058593977	0.0	0	DEIIAAMAK	2	R	T	q-value	MS-GF+_2026-09-01T17:45:52_7198454993515115019	NP_217040.1	713	721	-1
FEATURE	2950.808048735036209	695.845476498930452	4.304112e06	2	16.472073	0.885953	0.0	0.0	2937.264099999999871	2967.412100000000009
FEATURE	4577.671056696094638	436.197277263350372	4.285976e06	1	5.174885	0.880054	0.0	0.0	4573.205299999999625	4583.083599999999933
FEATURE	1911.311420792846775	602.861584811900798	4.2822e06	2	11.799822	0.867328	0.0	0.0	1905.820699999999988	1922.998199999999997
PEPTIDE	1905.021199999999908	602.861022949218977	6.1652281134402e-04	0	VLIPTQQHIR	2	K	T	q-value	MS-GF+_2026-09-01T17:45:52_7198454993515115019	YP_177728.1	197	206	-1
FEATURE	4144.121777017065142	1011.333711707683506	4.280334e06	1	20.704544	0.903117	0.0	0.0	4125.633700000000317	4165.863099999999577
FEATURE	2532.591911886694106	652.654556236433905	4.278518e06	1	15.376939	0.863963	0.0	0.0	2528.647699999999986	2542.787800000000061
FEATURE	4119.52960668823107	492.18662139062377	4.275395e06	1	25.386047	0.89971	0.0	0.0	4093.284799999999905	4144.972999999999956
FEATURE	2063.687954898775843	514.945373473414861	4.274981e06	3	11.680724	0.875812	0.0	0.0	2052.413100000000213	2070.492999999999938
PEPTIDE	2062.282000000000153	514.945007324218977	1.68255748738082e-03	0	ELGTDPASGKPMVIK	3	R	D	q-value	MS-GF+_2026-09-01T17:45:52_7198454993515115019	NP_218163.1	855	869	-1
FEATURE	4669.825004358454862	630.288547344351741	4.274114e06	1	9.646361	0.901197	0.0	0.0	4661.892899999999827	4675.413099999999758
FEATURE	2173.119316863340373	750.868979202943592	4.273519e06	2	13.369832	0.85536	0.0	0.0	2163.894800000000032	2187.063599999999951
PEPTIDE	2167.657999999999902	750.868591308593977	0.0	0	GASPGGDLAVSEDAVR	2	R	A	q-value	MS-GF+_2026-09-01T17:45:52_7198454993515115019	NP_216964.1	559	574	-1
FEATURE	2495.228394655821376	571.277951639086837	4.268117e06	2	14.276496	0.871264	0.0	0.0	2485.824200000000019	2507.23909999999978
FEATURE	3362.673415367868984	546.790394787226546	4.26031e06	2	20.808867	0.883903	0.0	0.0	3347.221399999999903	3382.451300000000174
PEPTIDE	3378.064499999999953	546.789978027343977	0.0	0	SGLWPYLEK	2	R	L	q-value	MS-GF+_2026-09-01T17:45:52_7198454993515115019	NP_215991.1	526	534	-1
FEATURE	2466.380398939706993	696.884008688461108	4.234614e06	2	16.118429	0.871496	0.0	0.0	2454.940200000000004	2482.554000000000087
PEPTIDE	2465.365200000000186	696.882629394531023	1.21580547112462e-03	0	AGGGVDVPIGAPVAGR	2	K	S	q-value	MS-GF+_2026-09-01T17:45:52_7198454993515115019	NP_216896.3	1283	1298	-1
FEATURE	2839.536360305420658	773.325695829036249	4.227775e06	2	21.382837	0.774488	0.0	0.0	2828.543299999999817	2847.264900000000125
FEATURE	3047.801438347673411	784.885511868228832	4.225398e06	2	15.378327	0.897816	0.0	0.0	3035.615400000000136	3062.813099999999849
PEPTIDE	3038.649199999999837	784.883422851562045	0.0	0	LDATFDSGDPYLVR	2	R	H	q-value	MS-GF+_2026-09-01T17:45:52_7198454993515115019	NP_217106.1	814	827	-1
FEATURE	4250.626511522540568	452.030387984345737	4.216538e06	1	57.31205	0.837725	0.0	0.0	4219.593700000000354	4286.542900000000373
FEATURE	4112.926975370757646	391.284527098895865	4.21589e06	1	56.719265	0.863146	0.0	0.0	4086.662899999999809	4138.613199999999779
FEATURE	4050.829799021119925	852.466392143858229	4.211779e06	2	17.89081	0.8908	0.0	0.0	4033.253000000000156	4069.662899999999809
FEATURE	2820.806377132018042	895.931408794453205	4.210733e06	2	14.669755	0.887294	0.0	0.0	2808.476000000000113	2835.604899999999816
FEATURE	1672.76717021654872	616.835444658251504	4.209704e06	2	14.839335	0.870055	0.0	0.0	1660.06490000000008	1683.901900000000069
PEPTIDE	1663.320799999999963	616.834777832031023	2.23463687150838e-03	0	REYAEVQPLK	2	R	G	q-value	MS-GF+_2026-09-01T17:45:52_7198454993515115019	NP_217765.1	50	59	-1
FEATURE	2629.189439289882557	765.865849109561964	4.190781e06	2	19.257557	0.874634	0.0	0.0	2612.241599999999835	2641.383100000000013
PEPTIDE	2621.358400000000074	765.866577148437955	0.0	0	SGSSQPPLQDMIDR	2	K	M	q-value	MS-GF+_2026-09-01T17:45:52_7198454993515115019	NP_215375.1	624	637	-1
FEATURE	3151.893073662658935	661.830772067063776	4.185456e06	2	17.388922	0.90039	0.0	0.0	3140.227199999999812	3168.906599999999799
FEATURE	2534.789584596353507	476.285381859909762	4.183799e06	2	14.23129	0.829382	0.0	0.0	2530.673200000000179	2549.727600000000166
FEATURE	3169.430249936087876	630.334357741238705	4.181698e06	2	17.335079	0.897694	0.0	0.0	3155.728599999999915	3181.478000000000066
PEPTIDE	3161.760999999999967	630.3369140625	6.1652281134402e-04	0	LLVGDEPFDVR	2	R	Y	q-value	MS-GF+_2026-09-01T17:45:52_7198454993515115019	NP_217918.1	92	102	-1
FEATURE	4144.780773598069573	787.402152081090094	4.181661e06	1	24.192144	0.8694	0.0	0.0	4119.962900000000445	4148.564900000000307
FEATURE	4283.071425731536692	408.065294392634826	4.181098e06	1	24.238733	0.809782	0.0	0.0	4269.412999999999556	4307.315099999999802
FEATURE	3362.278426301607396	391.171445023439787	4.178283e06	1	38.588253	0.843917	0.0	0.0	3335.494700000000194	3386.504699999999957
FEATURE	2947.470116144951589	692.360921381550838	4.17812e06	2	20.266592	0.882337	0.0	0.0	2931.927999999999884	2967.412100000000009
FEATURE	2990.133756985040691	592.288567816263253	4.171914e06	2	26.443306	0.86447	0.0	0.0	2972.750300000000152	2999.973899999999958
FEATURE	2701.736981738401482	685.82883457934031	4.170486e06	2	15.938845	0.869869	0.0	0.0	2686.249099999999999	2716.293099999999868
PEPTIDE	2696.831299999999828	685.827575683593977	0.0	0	SPGVYFDETIDK	2	R	S	q-value	MS-GF+_2026-09-01T17:45:52_7198454993515115019	NP_215181.1	175	186	-1
FEATURE	3589.697033043685678	640.85478121482322	4.162163e06	2	16.331652	0.900089	0.0	0.0	3574.214899999999943	3606.423200000000179
PEPTIDE	3576.883499999999913	640.856506347656023	0.0	0	VVFINTGFLDR	2	R	T	q-value	MS-GF+_2026-09-01T17:45:52_7198454993515115019	NP_216353.1	452	462	-1
PEPTIDE	3608.278600000000097	640.85498046875	0.0	0	VVFINTGFLDR	2	R	T	q-value	MS-GF+_2026-09-01T17:45:52_7198454993515115019	NP_216353.1	452	462	-1
FEATURE	1800.643732854943664	518.769848197760211	4.16034e06	2	13.86814	0.865917	0.0	0.0	1794.755499999999984	1810.702199999999948
FEATURE	3592.474946004893354	748.371287414426547	4.157369e06	1	18.421124	0.891153	0.0	0.0	3575.361399999999776	3611.483200000000124
FEATURE	2754.04224053004782	649.852202711672589	4.152084e06	2	19.360283	0.863197	0.0	0.0	2740.048699999999826	2773.065599999999904
PEPTIDE	2759.002399999999852	649.852111816406023	0.0	0	VVPADDLLTEAR	2	R	A	q-value	MS-GF+_2026-09-01T17:45:52_7198454993515115019	NP_215586.1	178	189	-1
FEATURE	2069.613937551556774	904.437960868609935	4.132058e06	1	18.63308	0.823517	0.0	0.0	2056.9675000000002	2083.643000000000029
FEATURE	2561.302580628962005	579.336367602271025	4.131936e06	2	14.246027	0.868783	0.0	0.0	2551.287200000000212	2575.604699999999866
PEPTIDE	2554.217999999999847	579.336669921875	1.68255748738082e-03	0	QTAVSAAALGLR	2	R	G	q-value	MS-GF+_2026-09-01T17:45:52_7198454993515115019	NP_217786.1	37	48	-1
FEATURE	2329.494974663239645	703.815604628573397	4.122058e06	2	15.494688	0.864962	0.0	0.0	2317.850199999999859	2345.595200000000205
PEPTIDE	2326.276899999999841	703.817016601562045	0.0	0	SYYATADPDTFR	2	K	K	q-value	MS-GF+_2026-09-01T17:45:52_7198454993515115019	NP_217561.1	220	231	-1
FEATURE	2507.8504319509575	510.759319958715821	4.121028e06	2	16.444984	0.875084	0.0	0.0	2491.037299999999959	2524.227600000000166
FEATURE	3002.846724429440656	686.310010792657067	4.118151e06	2	15.940721	0.876306	0.0	0.0	2993.015800000000127	3014.761599999999817
PEPTIDE	2994.289299999999912	686.30712890625	0.0	0	MFAC(Carbamidomethyl)FDQPDLK	2	R	A	q-value	MS-GF+_2026-09-01T17:45:52_7198454993515115019	YP_177885.1	137	147	-1
FEATURE	2681.40570906448329	392.240047393786085	4.116915e06	2	20.791393	0.847138	0.0	0.0	2664.196199999999863	2701.825600000000122
PEPTIDE	2675.580800000000181	392.239807128906023	5.82627118644068e-03	0	IGLPDIR	2	K	A	q-value	MS-GF+_2026-09-01T17:45:52_7198454993515115019	NP_217451.1	1050	1056	-1
FEATURE	3507.698753524640779	364.056729319278702	4.107828e06	1	25.335398	0.829329	0.0	0.0	3491.316299999999956	3531.04340000000002
FEATURE	2169.992188678281764	577.599886264219094	4.103329e06	3	12.875009	0.824907	0.0	0.0	2159.632700000000114	2180.904799999999796
PEPTIDE	2161.941699999999855	577.601379394531023	0.0	0	TGDEIHTSMEAGPMVR	3	R	K	q-value	MS-GF+_2026-09-01T17:45:52_7198454993515115019	NP_216353.1	463	478	-1
FEATURE	4648.997949277726548	462.213217222656056	4.101305e06	1	12.846703	0.7917	0.0	0.0	4636.105400000000373	4661.892899999999827
FEATURE	3279.819575928611357	406.249134363870212	4.093984e06	2	18.970718	0.890396	0.0	0.0	3264.99310000000014	3298.77579999999989
FEATURE	1278.829944534862307	436.890218530333243	4.090988e06	3	6.397316	0.702888	0.0	0.0	1276.253300000000081	1285.04989999999998
FEATURE	2027.946149781768781	500.295538761103785	4.084085e06	2	14.999049	0.897963	0.0	0.0	2016.38149999999996	2043.368999999999915
FEATURE	4273.824643248713983	574.224803809157038	4.076038e06	1	41.132221	0.874211	0.0	0.0	4242.092899999999645	4313.882899999999609
FEATURE	2257.59230755074168	726.394498356987356	4.070593e06	1	13.936353	0.898731	0.0	0.0	2247.654799999999796	2270.398000000000138
FEATURE	2491.369118523131874	725.821555067739951	4.060503e06	2	13.155335	0.869554	0.0	0.0	2483.504800000000159	2504.803399999999783
FEATURE	1329.565255369805982	735.883827589532189	4.059873e06	2	13.349588	0.840216	0.0	0.0	1316.234699999999975	1342.605999999999995
PEPTIDE	1323.661100000000033	735.885620117187955	0.0	0	IDAEVQRDPTAAGK	2	R	R	q-value	MS-GF+_2026-09-01T17:45:52_7198454993515115019	YP_177885.1	716	729	-1
FEATURE	2686.92447728765319	828.531742688920076	4.047584e06	1	16.200336	0.88865	0.0	0.0	2674.779700000000048	2701.825600000000122
FEATURE	4428.898844656112487	492.186638287528808	4.042922e06	1	23.74177	0.899019	0.0	0.0	4403.934699999999793	4453.483000000000175
FEATURE	2866.198552965484851	560.787892415186775	4.039179e06	2	18.927341	0.82143	0.0	0.0	2856.123000000000047	2881.571399999999812
PEPTIDE	2857.786399999999958	560.787414550781023	5.82627118644068e-03	0	TFNAALEAVQG	2	K	]	q-value	MS-GF+_2026-09-01T17:45:52_7198454993515115019	NP_214580.1	734	744	-1
FEATURE	1483.017342802893836	1014.530527995691614	4.034666e06	1	16.528503	0.790243	0.0	0.0	1472.577299999999923	1500.539199999999937
FEATURE	2956.667656360517412	770.869507288123259	4.025263e06	2	16.263382	0.890297	0.0	0.0	2944.144999999999982	2972.750300000000152
FEATURE	1751.575689238688938	681.828532336584317	4.02326e06	2	15.628506	0.831202	0.0	0.0	1741.594200000000001	1764.412900000000036
FEATURE	1996.561381084726463	545.780604457502022	4.017937e06	2	15.429994	0.858406	0.0	0.0	1991.522999999999911	2008.354700000000094
PEPTIDE	1994.789600000000064	545.781311035156023	6.1652281134402e-04	0	IAATPEFADR	2	K	Q	q-value	MS-GF+_2026-09-01T17:45:52_7198454993515115019	YP_177787.3	272	281	-1
FEATURE	2298.876765338179212	883.373153391324081	4.016122e06	2	17.644901	0.848926	0.0	0.0	2289.994900000000143	2310.904899999999998
FEATURE	2473.198015935294279	516.229292965072773	4.010162e06	2	17.784773	0.89108	0.0	0.0	2460.945099999999911	2489.811400000000049
PEPTIDE	2466.456299999999828	516.230224609375	0.0	0	M(Oxidation)GDDGFFVK	2	K	A	q-value	MS-GF+_2026-09-01T17:45:52_7198454993515115019	NP_214725.1	169	177	-1
FEATURE	2378.992454024278686	674.349409192153416	4.00655e06	2	15.40202	0.877089	0.0	0.0	2365.459699999999884	2394.511399999999867
PEPTIDE	2371.188200000000052	674.35009765625	0.0	0	GSYVPAEQVIER	2	R	G	q-value	MS-GF+_2026-09-01T17:45:52_7198454993515115019	NP_214555.1	706	717	-1
FEATURE	2451.187661259817105	554.785911837507683	4.006357e06	2	15.145189	0.875549	0.0	0.0	2447.333299999999781	2462.014500000000226
FEATURE	1808.640476448907521	513.764791393011706	4.000716e06	2	15.303646	0.800896	0.0	0.0	1792.98479999999995	1815.904600000000073
FEATURE	2223.94445453472872	545.288121979121456	3.998622e06	2	16.752153	0.86423	0.0	0.0	2212.989500000000135	2237.389000000000124
PEPTIDE	2214.369900000000143	545.287902832031023	6.1652281134402e-04	0	AVENFPISGR	2	R	G	q-value	MS-GF+_2026-09-01T17:45:52_7198454993515115019	NP_215614.1	34	43	-1
FEATURE	2750.584391072689869	732.370963890907092	3.997919e06	2	26.134422	0.8306	0.0	0.0	2736.248700000000099	2762.594500000000153
PEPTIDE	2737.067000000000007	732.369384765625	0.0	0	FVLGGPM(Oxidation)GDAGLTGR	2	K	K	q-value	MS-GF+_2026-09-01T17:45:52_7198454993515115019	NP_215908.1	250	264	-1
FEATURE	2581.699013504376126	572.316882835986689	3.995954e06	2	14.663248	0.866442	0.0	0.0	2568.849900000000162	2593.451900000000023
FEATURE	1302.58975563638478	756.669869181376043	3.995534e06	3	11.960403	0.797439	0.0	0.0	1291.244200000000092	1314.738499999999931
FEATURE	3726.936403489090026	546.840670508615631	3.993517e06	2	19.522573	0.880213	0.0	0.0	3716.24310000000014	3744.245300000000043
FEATURE	4515.306956945472848	509.153580889946852	3.991417e06	1	9.229712	0.900666	0.0	0.0	4506.143000000000029	4525.023100000000341
FEATURE	2976.63559833629779	779.393824715964342	3.990946e06	2	13.454305	0.879706	0.0	0.0	2964.41359999999986	2989.728799999999865
PEPTIDE	2968.215999999999895	779.393615722656023	0.0	0	LLDEVAGDAEAVAER	2	R	R	q-value	MS-GF+_2026-09-01T17:45:52_7198454993515115019	NP_217040.1	697	711	-1
FEATURE	2885.11167207077051	996.604706545231011	3.990583e06	1	9.718462	0.890498	0.0	0.0	2879.990099999999984	2891.08869999999979
FEATURE	2808.301981537707434	704.886983594636035	3.985844e06	2	18.747829	0.884933	0.0	0.0	2795.782999999999902	2819.04300000000012
FEATURE	1884.840941664109096	828.931347208259126	3.983085e06	2	12.216804	0.824749	0.0	0.0	1873.484500000000025	1895.844900000000052
PEPTIDE	1879.84920000000011	828.932983398437955	0.0	0	VVVVGGTPEAAASTNER	2	R	I	q-value	MS-GF+_2026-09-01T17:45:52_7198454993515115019	NP_214756.1	118	134	-1
FEATURE	1576.984358779338436	988.533818031220221	3.97964e06	1	8.407231	0.870424	0.0	0.0	1570.367199999999912	1579.717399999999998
FEATURE	2807.424888947693489	843.936518145073706	3.978808e06	2	13.156009	0.874876	0.0	0.0	2796.640499999999975	2821.022599999999784
FEATURE	3971.242261348892498	816.342952786691853	3.948296e06	1	20.737158	0.897357	0.0	0.0	3952.554700000000139	3992.443099999999959
FEATURE	4584.389583508767828	441.187532375828482	3.936284e06	1	6.835697	0.915767	0.0	0.0	4580.43329999999969	4590.982899999999972
FEATURE	2206.23288763074288	677.336903845156598	3.929376e06	2	15.210271	0.864565	0.0	0.0	2201.454299999999876	2219.55600000000004
PEPTIDE	2204.882799999999861	677.33837890625	0.0	0	ESAAVGVTDTTFR	2	R	D	q-value	MS-GF+_2026-09-01T17:45:52_7198454993515115019	NP_217483.1	519	531	-1
FEATURE	2550.728827733541493	697.343362158774198	3.926194e06	2	13.076742	0.880938	0.0	0.0	2541.05139999999983	2563.939300000000003
FEATURE	1970.675584067976161	429.737709615855408	3.922736e06	2	18.446613	0.814496	0.0	0.0	1959.913199999999961	1981.497399999999971
PEPTIDE	1961.808500000000095	429.738006591796989	2.23463687150838e-03	0	GEAEALLR	2	K	S	q-value	MS-GF+_2026-09-01T17:45:52_7198454993515115019	NP_216143.1	321	328	-1
FEATURE	2882.196212106558505	752.3856234047729	3.922641e06	2	14.269163	0.895363	0.0	0.0	2873.334899999999834	2896.384900000000016
FEATURE	2139.725649038214669	573.780998960447278	3.915831e06	2	18.571674	0.822709	0.0	0.0	2129.71369999999979	2146.760200000000168
PEPTIDE	2130.248799999999846	573.780517578125	1.68255748738082e-03	0	NPLFDGAQER	2	K	S	q-value	MS-GF+_2026-09-01T17:45:52_7198454993515115019	NP_215590.1	135	144	-1
FEATURE	1457.64641501469464	644.814124806094924	3.911672e06	2	14.406243	0.85067	0.0	0.0	1443.033200000000079	1472.577299999999923
FEATURE	2023.904008517174361	599.819600113817614	3.904916e06	2	15.99143	0.8717	0.0	0.0	2013.321899999999914	2037.241999999999962
PEPTIDE	2015.545200000000023	599.820129394531023	0.0	0	IVALGAEDDPAK	2	R	F	q-value	MS-GF+_2026-09-01T17:45:52_7198454993515115019	NP_215844.1	363	374	-1
FEATURE	2230.625175904744083	592.343211818825125	3.900504e06	2	18.381775	0.873271	0.0	0.0	2222.394200000000183	2244.882999999999811
PEPTIDE	2221.809999999999945	592.342407226562045	5.82627118644068e-03	0	LATVPGGLSAAAR	2	R	L	q-value	MS-GF+_2026-09-01T17:45:52_7198454993515115019	NP_217667.1	478	490	-1
FEATURE	2133.990306603378485	529.303729432094997	3.899331e06	2	16.308741	0.861546	0.0	0.0	2128.422300000000178	2150.029599999999846
PEPTIDE	2125.640400000000227	529.302917480468977	0.0	0	TAIVEGLAQR	2	K	I	q-value	MS-GF+_2026-09-01T17:45:52_7198454993515115019	NP_214898.1	212	221	-1
FEATURE	1664.652316400944528	910.487094420960034	3.89794e06	1	16.373056	0.887997	0.0	0.0	1650.654800000000023	1681.135600000000068
FEATURE	1882.389953802883838	599.81244183950912	3.891665e06	2	20.248718	0.833987	0.0	0.0	1881.113200000000006	1902.190000000000055
PEPTIDE	1889.627199999999903	599.813110351562045	0.0	0	RLPDALADGDR	2	K	I	q-value	MS-GF+_2026-09-01T17:45:52_7198454993515115019	NP_216043.1;NP_218342.1	258;269	268;279	-1
FEATURE	2309.123176910024085	612.075307783756671	3.89041e06	4	15.158615	0.79119	0.0	0.0	2304.232500000000073	2315.547399999999925
FEATURE	2026.532168449608662	787.341731958015657	3.887769e06	3	12.36269	0.813426	0.0	0.0	2028.067999999999984	2037.241999999999962
PEPTIDE	2022.971399999999903	787.343688964843977	0.0	0	NSGAHAVVEGVGDHGC(Carbamidomethyl)EYMTGGR	3	R	V	q-value	MS-GF+_2026-09-01T17:45:52_7198454993515115019	NP_218376.1	1388	1410	-1
FEATURE	2874.41272972099614	860.989320157656948	3.875137e06	2	13.717706	0.885389	0.0	0.0	2867.255599999999959	2888.241799999999785
FEATURE	4633.181989301037902	833.529358473368916	3.869925e06	1	21.026474	0.822546	0.0	0.0	4621.203000000000429	4643.233000000000175
FEATURE	3732.080569373219532	416.191695956894648	3.868647e06	1	27.528976	0.852246	0.0	0.0	3713.592999999999847	3760.733000000000175
FEATURE	2997.423983643737301	852.443527190247778	3.864534e06	2	19.067085	0.82625	0.0	0.0	2986.491300000000138	3013.808399999999892
PEPTIDE	2988.679700000000139	852.44482421875	0.0	0	RPGDLQTLEFVASDR	2	R	V	q-value	MS-GF+_2026-09-01T17:45:52_7198454993515115019	NP_217456.1	1426	1440	-1
FEATURE	3844.333492071788442	599.381307827461455	3.850287e06	2	18.792578	0.88611	0.0	0.0	3831.903600000000097	3862.010000000000218
FEATURE	2821.186975445050848	613.287861160058469	3.831418e06	1	24.291462	0.810387	0.0	0.0	2803.005599999999959	2827.643000000000029
FEATURE	2656.029789027828883	891.95571808223292	3.829222e06	2	15.107745	0.867208	0.0	0.0	2643.564699999999903	2665.127399999999852
FEATURE	4378.975568812004894	446.213502889307051	3.827853e06	1	31.67182	0.891854	0.0	0.0	4350.512800000000425	4411.472899999999754
FEATURE	2705.36153518431729	701.861766108387428	3.827513e06	2	15.382679	0.864835	0.0	0.0	2693.508400000000165	2719.678199999999833
FEATURE	2219.81626549821749	949.450188434990764	3.823211e06	1	36.022171	0.830521	0.0	0.0	2211.100399999999809	2244.158199999999852
FEATURE	2540.78518779740034	451.970082390974426	3.818644e06	4	15.308616	0.880508	0.0	0.0	2527.498300000000199	2555.900200000000041
FEATURE	2305.34435119049158	534.254213770573756	3.814505e06	2	16.27252	0.879735	0.0	0.0	2298.325600000000122	2317.01110000000017
PEPTIDE	2302.579799999999978	534.254272460937955	0.0	0	DTDDVVTFR	2	R	T	q-value	MS-GF+_2026-09-01T17:45:52_7198454993515115019	NP_217447.1	930	938	-1
FEATURE	1637.097088594936395	546.260871399913071	3.814244e06	2	19.340206	0.835138	0.0	0.0	1633.811500000000024	1656.58380000000011
FEATURE	3279.752032494041487	828.518763748234164	3.812857e06	1	18.600439	0.851385	0.0	0.0	3268.064100000000053	3298.77579999999989
FEATURE	4487.317344319516451	394.222505290200274	3.799699e06	1	12.862789	0.915696	0.0	0.0	4475.893500000000131	4500.642899999999827
FEATURE	2266.771421129993541	679.36288726402563	3.798136e06	2	14.33286	0.805755	0.0	0.0	2265.831900000000132	2279.203100000000177
PEPTIDE	2265.567399999999907	679.359924316406023	6.1652281134402e-04	0	LIQPVAM(Oxidation)DEGLR	2	K	F	q-value	MS-GF+_2026-09-01T17:45:52_7198454993515115019	NP_215199.1	364	375	-1
FEATURE	2942.133212617577101	441.332851312627099	3.790055e06	1	21.859694	0.896993	0.0	0.0	2931.927999999999884	2960.903499999999895
FEATURE	1434.673934746766236	500.774508177333303	3.788054e06	2	14.049541	0.86324	0.0	0.0	1422.74389999999994	1449.200800000000072
PEPTIDE	1429.571500000000015	500.774505615233977	6.1652281134402e-04	0	IESLPASQR	2	K	D	q-value	MS-GF+_2026-09-01T17:45:52_7198454993515115019	NP_214580.1	305	313	-1
FEATURE	4525.472804921904753	359.149146808920705	3.788039e06	1	10.983295	0.930899	0.0	0.0	4514.253099999999904	4536.494700000000194
FEATURE	4598.371058893328154	509.357710242938879	3.780786e06	1	4.147855	0.912391	0.0	0.0	4595.3729000000003	4602.525099999999839
FEATURE	2058.515707115595887	752.870183365978505	3.775565e06	2	12.740626	0.846301	0.0	0.0	2049.81939999999986	2068.773599999999988
PEPTIDE	2053.982700000000023	752.868225097656023	0.0	0	MAQQIDSLGPETSK	2	K	R	q-value	MS-GF+_2026-09-01T17:45:52_7198454993515115019	NP_217299.1	391	404	-1
FEATURE	1673.151779840803101	815.896595440494593	3.77422e06	2	12.785767	0.817363	0.0	0.0	1665.633299999999963	1686.414999999999964
PEPTIDE	1667.628500000000031	815.89599609375	0.0	0	TNVGHLESAAGAASM(Oxidation)AK	2	K	V	q-value	MS-GF+_2026-09-01T17:45:52_7198454993515115019	NP_218317.1	458	474	-1
FEATURE	2062.755839750468567	484.229984827924739	3.772094e06	2	12.539349	0.872644	0.0	0.0	2052.413100000000213	2067.040500000000065
FEATURE	4654.23223304525618	520.178225163431989	3.77087e06	1	6.645094	0.863102	0.0	0.0	4647.682999999999993	4661.012800000000425
FEATURE	2538.159851964319842	772.391213181971693	3.770576e06	2	13.075788	0.853595	0.0	0.0	2529.754899999999907	2551.287200000000212
PEPTIDE	2534.584499999999935	772.389892578125	0.0	0	AGVGLDNVDVDAATAR	2	R	G	q-value	MS-GF+_2026-09-01T17:45:52_7198454993515115019	YP_177916.1	71	86	-1
FEATURE	1706.738321123610149	816.457846259740109	3.769845e06	1	17.049276	0.84094	0.0	0.0	1698.324599999999919	1723.20659999999998
FEATURE	3840.137761197934196	443.207244744476441	3.76897e06	1	23.447762	0.875393	0.0	0.0	3816.774800000000141	3864.823499999999967
FEATURE	3132.557771936192694	773.3826418592555	3.765659e06	2	16.52898	0.902521	0.0	0.0	3119.211699999999837	3145.420500000000175
FEATURE	2475.019386722318814	552.798565861996394	3.765495e06	2	14.180666	0.861552	0.0	0.0	2467.268199999999979	2489.811400000000049
PEPTIDE	2486.891599999999926	552.796081542968977	0.0	0	TTLGELSEVR	2	R	D	q-value	MS-GF+_2026-09-01T17:45:52_7198454993515115019	NP_215697.1	450	459	-1
FEATURE	2523.330470550659811	528.280204004188477	3.762929e06	2	13.783903	0.808458	0.0	0.0	2515.795999999999822	2537.092999999999847
PEPTIDE	2515.178199999999833	528.27978515625	1.68255748738082e-03	0	YVGDLVAYR	2	K	Y	q-value	MS-GF+_2026-09-01T17:45:52_7198454993515115019	NP_216441.2	45	53	-1
FEATURE	1782.537300981587805	528.245134680810679	3.758356e06	2	15.095067	0.892123	0.0	0.0	1772.811099999999897	1791.806100000000015
PEPTIDE	1777.798600000000079	528.244812011718977	0.0	0	AIGVDDYM(Oxidation)R	2	K	T	q-value	MS-GF+_2026-09-01T17:45:52_7198454993515115019	NP_214976.1	289	297	-1
FEATURE	2108.519414485430843	673.771159896745417	3.756319e06	2	18.732346	0.822981	0.0	0.0	2099.724799999999959	2125.91150000000016
FEATURE	2173.362558944672401	705.309716183533737	3.755611e06	2	24.565754	0.807099	0.0	0.0	2158.210799999999836	2189.251299999999901
PEPTIDE	2166.008800000000065	705.311218261718977	0.0	0	YHDDAIM(Oxidation)FEPR	2	R	Y	q-value	MS-GF+_2026-09-01T17:45:52_7198454993515115019	NP_218317.1	1662	1672	-1
FEATURE	1974.595299573923057	471.761768781782223	3.754293e06	2	9.658166	0.830592	0.0	0.0	1965.703099999999949	1984.736200000000054
PEPTIDE	1967.082300000000032	471.758911132811988	6.1652281134402e-04	0	LIAAFDHR	2	R	H	q-value	MS-GF+_2026-09-01T17:45:52_7198454993515115019	NP_216992.1	1006	1013	-1
FEATURE	1982.090490011597467	421.774594072240973	3.745735e06	2	23.901846	0.851168	0.0	0.0	1970.459900000000062	2001.823100000000068
FEATURE	2349.300935765045779	795.891737300003229	3.734791e06	2	16.036459	0.8647	0.0	0.0	2338.219099999999798	2364.574999999999818
PEPTIDE	2344.780799999999999	795.892395019531023	0.0	0	SADVFDPNTGQIQAK	2	R	V	q-value	MS-GF+_2026-09-01T17:45:52_7198454993515115019	NP_215267.1	20	34	-1
FEATURE	2063.734408098111089	571.314650032652935	3.732526e06	2	12.879675	0.853599	0.0	0.0	2058.552000000000135	2069.635200000000168
PEPTIDE	2058.279300000000148	571.313720703125	0.0	0	IPAATAEALER	2	R	T	q-value	MS-GF+_2026-09-01T17:45:52_7198454993515115019	NP_217451.1	1433	1443	-1
FEATURE	2975.862781455907225	410.739830074071449	3.732078e06	2	15.225534	0.872444	0.0	0.0	2960.903499999999895	2991.182200000000194
PEPTIDE	2967.967999999999847	410.739990234375	3.882418191902381e-03	0	FWVGLAK	2	R	L	q-value	MS-GF+_2026-09-01T17:45:52_7198454993515115019	YP_177855.1	998	1004	-1
FEATURE	2520.761114508497485	594.354183658222837	3.729522e06	2	11.873795	0.871173	0.0	0.0	2513.528999999999996	2531.779700000000048
FEATURE	2677.65265510518384	762.378744975170321	3.7283e06	1	16.970182	0.885536	0.0	0.0	2664.196199999999863	2694.790100000000166
FEATURE	2910.191700186664093	728.893739640634294	3.726363e06	2	15.696564	0.874768	0.0	0.0	2902.433100000000195	2924.498500000000149
FEATURE	1574.368050260097789	697.378375163677674	3.725325e06	3	7.859365	0.716266	0.0	0.0	1567.843200000000024	1576.045100000000048
FEATURE	2202.704281823217571	757.372620580850821	3.722503e06	2	16.145672	0.807064	0.0	0.0	2192.9699999999998	2213.835599999999886
FEATURE	1812.435766250876213	486.280056737224299	3.719906e06	2	11.734847	0.774729	0.0	0.0	1800.531099999999924	1816.65969999999993
FEATURE	1962.39966734766972	685.391198778225771	3.716818e06	1	14.647422	0.872809	0.0	0.0	1949.635199999999941	1973.489700000000084
FEATURE	1961.753818098616421	606.780067498123344	3.714488e06	2	14.88439	0.843547	0.0	0.0	1956.2179000000001	1973.489700000000084
FEATURE	1930.33765616534788	1262.657786665728736	3.702118e06	1	13.46075	0.866015	0.0	0.0	1922.998199999999997	1936.126999999999953
FEATURE	1954.349707004052561	518.276999898991789	3.700036e06	2	15.317478	0.864476	0.0	0.0	1948.535000000000082	1962.053400000000011
PEPTIDE	1945.044100000000071	518.276916503906023	9.25925925925926e-03	0	IITREEQF	2	R	]	q-value	MS-GF+_2026-09-01T17:45:52_7198454993515115019	NP_215222.1	130	137	-1
FEATURE	2334.84297298013098	590.301401832000011	3.700003e06	2	19.214592	0.816829	0.0	0.0	2329.145199999999932	2350.344900000000052
FEATURE	3260.532667626082912	819.417228908500988	3.691762e06	2	16.351576	0.819184	0.0	0.0	3246.612999999999829	3277.43060000000014
FEATURE	1532.466227991936421	533.755128470088494	3.689773e06	2	17.979918	0.860832	0.0	0.0	1523.492500000000064	1548.39689999999996
FEATURE	4574.261164296114657	455.312258163939589	3.689528e06	1	3.836197	0.887095	0.0	0.0	4570.574800000000323	4577.773199999999633
FEATURE	2729.66168959292645	883.428238954555013	3.689091e06	2	14.696543	0.862663	0.0	0.0	2718.160899999999856	2744.530099999999948
PEPTIDE	2726.762700000000223	883.425415039062045	0.0	0	M(Oxidation)LVDTQGTDQWISAGK	2	R	A	q-value	MS-GF+_2026-09-01T17:45:52_7198454993515115019	NP_217040.1	653	668	-1
FEATURE	1804.657733285218455	585.26705266585293	3.686224e06	2	15.124005	0.842822	0.0	0.0	1790.328500000000076	1810.702199999999948
FEATURE	1915.10573277352546	600.832521194329502	3.684098e06	2	14.38833	0.857507	0.0	0.0	1900.553300000000036	1930.052699999999959
PEPTIDE	1920.231299999999919	600.829406738281023	6.1652281134402e-04	0	ALADKDIALDR	2	R	S	q-value	MS-GF+_2026-09-01T17:45:52_7198454993515115019	NP_216348.1	477	487	-1
FEATURE	1852.70410318076938	388.226964977496152	3.679646e06	2	15.774307	0.846162	0.0	0.0	1840.538199999999961	1868.813599999999951
FEATURE	3784.745081414035667	568.853816637566979	3.679099e06	2	18.659603	0.891387	0.0	0.0	3770.289400000000114	3803.752899999999954
FEATURE	1647.220999231663654	487.222337606245276	3.678909e06	2	19.22776	0.827399	0.0	0.0	1643.713400000000092	1667.043300000000045
FEATURE	2613.042186259101072	934.464663539885464	3.672347e06	2	18.820139	0.839644	0.0	0.0	2599.653099999999995	2628.01279999999997
FEATURE	1913.209897379571657	558.268748310955516	3.671438e06	2	13.847723	0.902689	0.0	0.0	1902.190000000000055	1927.425500000000056
PEPTIDE	1905.286299999999983	558.268920898437955	0.0	0	HNMPFGEVGK	2	R	G	q-value	MS-GF+_2026-09-01T17:45:52_7198454993515115019	NP_215314.1	240	249	-1
FEATURE	3975.207950777687984	826.475557367968236	3.667925e06	2	23.425299	0.869016	0.0	0.0	3953.49310000000014	3998.112900000000081
PEPTIDE	3986.454799999999977	826.475219726562045	0.0	0	TAVVAANLPELVEGLR	2	R	E	q-value	MS-GF+_2026-09-01T17:45:52_7198454993515115019	NP_217456.1	497	512	-1
PEPTIDE	3955.885499999999865	826.473693847656023	0.0	0	TAVVAANLPELVEGLR	2	R	E	q-value	MS-GF+_2026-09-01T17:45:52_7198454993515115019	NP_217456.1	497	512	-1
FEATURE	1347.875294304164299	531.273705361394377	3.667392e06	2	17.141909	0.852166	0.0	0.0	1335.343200000000024	1365.680699999999888
PEPTIDE	1366.907300000000078	531.275512695312045	0.0	0	YPAGSVGSAPR	2	K	A	q-value	MS-GF+_2026-09-01T17:45:52_7198454993515115019	NP_217447.1	978	988	-1
PEPTIDE	1336.050799999999981	531.2744140625	0.0	0	YPAGSVGSAPR	2	K	A	q-value	MS-GF+_2026-09-01T17:45:52_7198454993515115019	NP_217447.1	978	988	-1
FEATURE	1311.562215937500696	755.708501690500953	3.667333e06	3	14.247641	0.859894	0.0	0.0	1296.63779999999997	1326.106700000000046
FEATURE	2713.56226440391174	879.943507090237517	3.661516e06	2	15.650216	0.870702	0.0	0.0	2703.709600000000137	2727.38839999999982
PEPTIDE	2708.179399999999987	879.943420410156023	0.0	0	IEVITGDITEPDTAER	2	R	L	q-value	MS-GF+_2026-09-01T17:45:52_7198454993515115019	NP_217449.1	1854	1869	-1
FEATURE	3310.924026760433662	704.853222694987608	3.660465e06	2	15.602127	0.885372	0.0	0.0	3298.77579999999989	3326.837899999999991
PEPTIDE	3301.776400000000194	704.851379394531023	0.0	0	IDVYGSLDELER	2	R	D	q-value	MS-GF+_2026-09-01T17:45:52_7198454993515115019	NP_216052.1	493	504	-1
FEATURE	3296.943077422912666	876.404439715080684	3.659265e06	2	18.986847	0.891911	0.0	0.0	3282.146000000000186	3315.739799999999832
FEATURE	3524.501558981196922	472.288325050420838	3.657851e06	2	18.384558	0.898551	0.0	0.0	3507.669800000000123	3543.628099999999904
FEATURE	1886.434177962877357	446.238430528336949	3.650464e06	1	22.144831	0.867094	0.0	0.0	1874.63130000000001	1905.820699999999988
FEATURE	2249.128272106243003	447.755778769317942	3.649839e06	2	11.80097	0.837798	0.0	0.0	2245.791000000000167	2261.255700000000161
FEATURE	3529.051089544732349	628.383665891426062	3.646095e06	2	34.374104	0.870345	0.0	0.0	3503.89469999999983	3546.862900000000082
FEATURE	3639.132337953975821	803.429673219993674	3.644262e06	2	15.973393	0.877726	0.0	0.0	3625.322900000000118	3654.783800000000156
PEPTIDE	3628.060800000000199	803.429321289062045	0.0	0	GDTTVVDAYLSPVLR	2	R	R	q-value	MS-GF+_2026-09-01T17:45:52_7198454993515115019	NP_214780.1	202	216	-1
FEATURE	1905.588293063775382	458.308475780091612	3.637284e06	1	19.728636	0.882573	0.0	0.0	1894.444099999999935	1919.442099999999982
FEATURE	2016.802182487551818	809.908475168621749	3.63613e06	2	17.203442	0.832809	0.0	0.0	2007.302500000000009	2026.368999999999915
PEPTIDE	2011.53670000000011	809.905029296875	0.0	0	PVTSYTASPPDNTIR	2	R	A	q-value	MS-GF+_2026-09-01T17:45:52_7198454993515115019	NP_215330.1;NP_217633.1	130;130	144;144	-1
FEATURE	2670.897194683756425	518.764686469207845	3.633975e06	2	14.432153	0.889685	0.0	0.0	2660.177099999999882	2681.660300000000007
FEATURE	3223.4595152967795	669.332370298486353	3.631675e06	2	14.308171	0.854346	0.0	0.0	3209.089699999999993	3238.422900000000027
PEPTIDE	3213.628999999999905	669.333618164062045	0.0	0	SLDM(Oxidation)SVAALAGMR	2	R	R	q-value	MS-GF+_2026-09-01T17:45:52_7198454993515115019	NP_217456.1	816	828	-1
FEATURE	2046.780229944563189	440.250304449617943	3.62393e06	2	14.763201	0.842132	0.0	0.0	2033.692600000000084	2058.552000000000135
PEPTIDE	2036.976400000000012	440.248596191406023	4.3956043956044e-03	0	EYLVVTR	2	R	E	q-value	MS-GF+_2026-09-01T17:45:52_7198454993515115019	NP_215610.1	115	121	-1
FEATURE	1550.836320754415965	681.335760112193498	3.622494e06	2	14.731218	0.828243	0.0	0.0	1540.712299999999914	1562.174299999999903
PEPTIDE	1556.767000000000053	681.334106445312045	0.0	0	NGESQTEVTLQR	2	R	I	q-value	MS-GF+_2026-09-01T17:45:52_7198454993515115019	NP_217451.1	929	940	-1
FEATURE	3850.13223487428877	954.590135695074991	3.621942e06	1	15.981731	0.901882	0.0	0.0	3834.694700000000012	3866.712899999999991
FEATURE	1700.054940094827998	685.339167538030893	3.618995e06	2	12.714068	0.849524	0.0	0.0	1693.671100000000024	1711.481999999999971
PEPTIDE	1697.200700000000097	685.33837890625	0.0	0	ELDVHVTSQDAR	2	K	E	q-value	MS-GF+_2026-09-01T17:45:52_7198454993515115019	NP_215533.1	29	40	-1
FEATURE	1532.630965420246866	489.731464948075313	3.617297e06	2	38.102459	0.761872	0.0	0.0	1515.922900000000027	1556.20679999999993
PEPTIDE	1549.496599999999944	489.730590820311988	6.1652281134402e-04	0	IGIM(Oxidation)DEER	2	K	R	q-value	MS-GF+_2026-09-01T17:45:52_7198454993515115019	NP_216353.1	428	435	-1
PEPTIDE	1518.751700000000028	489.731109619141023	6.1652281134402e-04	0	IGIM(Oxidation)DEER	2	K	R	q-value	MS-GF+_2026-09-01T17:45:52_7198454993515115019	NP_216353.1	428	435	-1
FEATURE	3414.778858320843483	598.323242473699565	3.614907e06	1	40.028008	0.863917	0.0	0.0	3390.165100000000166	3441.5300000000002
FEATURE	2108.356203074841233	641.300452626233323	3.612991e06	2	12.243907	0.85861	0.0	0.0	2099.724799999999959	2120.725300000000061
PEPTIDE	2101.110400000000027	641.299072265625	0.0	0	LDC(Carbamidomethyl)ALGSATSMR	2	R	T	q-value	MS-GF+_2026-09-01T17:45:52_7198454993515115019	NP_215186.1	294	305	-1
FEATURE	1788.708299525350412	401.859486610059093	3.60817e06	3	15.202879	0.826689	0.0	0.0	1791.806100000000015	1801.920399999999972
FEATURE	3195.701839202451993	614.281739179106921	3.606004e06	1	27.241663	0.868237	0.0	0.0	3171.260099999999966	3218.904700000000048
FEATURE	1603.705547363862252	513.731701630645148	3.604106e06	2	16.453503	0.844883	0.0	0.0	1592.119500000000016	1607.749299999999948
FEATURE	2400.945394275454873	475.259171331413484	3.603882e06	2	15.883758	0.864375	0.0	0.0	2388.192500000000109	2417.308700000000044
FEATURE	3267.742094902595	582.328542519609186	3.599729e06	1	22.096704	0.896611	0.0	0.0	3252.73259999999982	3288.824999999999818
FEATURE	1865.826345793712562	471.29248191695126	3.598658e06	2	15.628492	0.865492	0.0	0.0	1852.373800000000074	1881.113200000000006
PEPTIDE	1856.377600000000029	471.291107177733977	1.68255748738082e-03	0	IVINNQLK	2	R	R	q-value	MS-GF+_2026-09-01T17:45:52_7198454993515115019	NP_215764.2	142	149	-1
FEATURE	2613.891837824762661	627.857218026930696	3.593143e06	2	15.778779	0.868553	0.0	0.0	2604.882999999999811	2624.966600000000199
PEPTIDE	2620.181999999999789	627.856018066406023	1.68255748738082e-03	0	EVVPSDAGVIIR	2	R	T	q-value	MS-GF+_2026-09-01T17:45:52_7198454993515115019	NP_216960.1	489	500	-1
FEATURE	1894.094720094451986	617.827182087687902	3.592561e06	2	14.453634	0.884684	0.0	0.0	1887.522200000000112	1905.820699999999988
PEPTIDE	1889.362699999999904	617.827575683593977	0.0	0	AAASGATVLC(Carbamidomethyl)VSK	2	R	D	q-value	MS-GF+_2026-09-01T17:45:52_7198454993515115019	NP_216448.1	70	82	-1
FEATURE	2554.278174556905014	501.795765134489841	3.592119e06	2	16.516121	0.854688	0.0	0.0	2545.461299999999937	2570.969500000000153
FEATURE	1815.320251153891377	879.459155333481817	3.591832e06	1	12.357044	0.844763	0.0	0.0	1805.810699999999997	1818.527499999999918
FEATURE	2005.361766071330067	710.303664714003503	3.583602e06	2	14.261893	0.830936	0.0	0.0	1999.694099999999935	2017.414999999999964
FEATURE	2429.392770581407603	430.264892901453436	3.581761e06	1	18.848816	0.878888	0.0	0.0	2420.718199999999797	2439.011399999999867
FEATURE	2657.180591396883301	501.740056630109393	3.57925e06	2	14.235664	0.839339	0.0	0.0	2646.939899999999852	2671.328700000000026
PEPTIDE	2670.707800000000134	501.738891601561988	0.0	0	FGFSEIM(Oxidation)R	2	R	S	q-value	MS-GF+_2026-09-01T17:45:52_7198454993515115019	NP_215181.1	245	252	-1
FEATURE	2003.056012450789467	635.84207140225567	3.574269e06	2	10.678697	0.830773	0.0	0.0	1993.108199999999897	2008.354700000000094
PEPTIDE	1998.067099999999982	635.841369628906023	0.0	0	QVEDAAAAGAVIR	2	K	C	q-value	MS-GF+_2026-09-01T17:45:52_7198454993515115019	NP_216247.2	372	384	-1
FEATURE	3818.66155713113676	619.344655334179947	3.573161e06	1	23.511719	0.892287	0.0	0.0	3801.834100000000035	3843.362999999999829
FEATURE	2034.472438397306632	496.761493101969279	3.563308e06	2	14.752271	0.838564	0.0	0.0	2025.051999999999907	2049.81939999999986
PEPTIDE	2026.932700000000068	496.761108398438012	0.0	0	AGLGAADYVR	2	R	A	q-value	MS-GF+_2026-09-01T17:45:52_7198454993515115019	NP_214762.1	438	447	-1
FEATURE	2569.541148864183469	641.807863787228598	3.555182e06	2	14.575331	0.854122	0.0	0.0	2561.33159999999998	2584.744200000000092
FEATURE	2050.545975181729318	547.777771526260153	3.554686e06	2	13.408804	0.870991	0.0	0.0	2043.368999999999915	2062.796200000000226
PEPTIDE	2044.184700000000021	547.777282714843977	0.0	0	LGVEYVGDSR	2	R	S	q-value	MS-GF+_2026-09-01T17:45:52_7198454993515115019	NP_217449.1	1638	1647	-1
FEATURE	4476.014129843036244	504.219070257114367	3.550337e06	1	34.500256	0.810757	0.0	0.0	4460.952900000000227	4505.234800000000178
FEATURE	4664.120281505748608	445.120833817347886	3.543069e06	1	21.046812	0.863533	0.0	0.0	4654.804699999999684	4675.413099999999758
FEATURE	3369.160202329061576	428.261800884370814	3.540134e06	2	18.939941	0.885637	0.0	0.0	3352.334699999999884	3389.242999999999938
FEATURE	3444.612298854801338	774.412342446745356	3.538305e06	2	18.097387	0.902423	0.0	0.0	3430.29300000000012	3463.323100000000068
PEPTIDE	3439.674599999999828	774.411499023437955	0.0	0	LGIQAFEPM(Oxidation)LVEGK	2	R	A	q-value	MS-GF+_2026-09-01T17:45:52_7198454993515115019	NP_215182.1	506	519	-1
FEATURE	2925.945221162912276	567.806255606926129	3.537904e06	2	17.881954	0.88382	0.0	0.0	2912.643099999999777	2933.163000000000011
FEATURE	2694.508145132160735	422.737912022268517	3.529888e06	2	15.90781	0.870139	0.0	0.0	2681.660300000000007	2710.939899999999852
PEPTIDE	2682.26339999999982	422.737915039061988	5.353319057815841e-03	0	NWLGLNK	2	R	G	q-value	MS-GF+_2026-09-01T17:45:52_7198454993515115019	NP_216353.1	289	295	-1
FEATURE	2347.155943491192829	750.371552375496322	3.525938e06	2	27.85763	0.830161	0.0	0.0	2334.130599999999959	2367.085300000000188
PEPTIDE	2337.927000000000135	750.371398925781023	0.0	0	IAEHEM(Oxidation)PGLMSLR	2	R	R	q-value	MS-GF+_2026-09-01T17:45:52_7198454993515115019	NP_217765.1	37	49	-1
FEATURE	1635.578079004782012	1047.521802915794069	3.522988e06	1	13.294502	0.84072	0.0	0.0	1622.790400000000091	1638.080300000000079
FEATURE	1648.191954975708086	532.292780353789681	3.521758e06	2	16.576649	0.846059	0.0	0.0	1637.024599999999964	1653.924999999999955
FEATURE	1738.691000314406438	782.422245669172298	3.521378e06	2	13.434073	0.832453	0.0	0.0	1728.114100000000008	1751.161299999999983
PEPTIDE	1731.388500000000022	782.421508789062045	0.0	0	LAKDEKVEYVDVR	2	K	F	q-value	MS-GF+_2026-09-01T17:45:52_7198454993515115019	NP_216736.1	11	23	-1
FEATURE	1804.514998034315795	658.838873602790045	3.518795e06	2	13.738164	0.830717	0.0	0.0	1796.231700000000046	1813.912499999999909
PEPTIDE	1795.630699999999933	658.837524414062045	0.0	0	LEGDEATGANIVK	2	K	V	q-value	MS-GF+_2026-09-01T17:45:52_7198454993515115019	NP_214954.1	428	440	-1
FEATURE	3011.628421699436331	810.434486536996701	3.518107e06	2	16.973269	0.876954	0.0	0.0	2999.084400000000187	3029.127800000000207
PEPTIDE	3001.414999999999964	810.434204101562045	0.0	0	IPLDVAEGDTVIYSK	2	R	Y	q-value	MS-GF+_2026-09-01T17:45:52_7198454993515115019	NP_217935.1	58	72	-1
FEATURE	2969.718202185531482	754.374662610716655	3.510987e06	2	16.001062	0.873002	0.0	0.0	2955.777799999999843	2983.395300000000134
FEATURE	3465.341267424297257	829.942652030370255	3.510426e06	2	16.04199	0.883915	0.0	0.0	3451.027300000000196	3481.503099999999904
FEATURE	2852.816176284265112	757.384760167152308	3.505522e06	2	14.994597	0.791534	0.0	0.0	2845.583200000000034	2864.523099999999886
PEPTIDE	2846.973399999999856	757.385192871093977	0.0	0	GENIPEPGIPESFK	2	K	V	q-value	MS-GF+_2026-09-01T17:45:52_7198454993515115019	NP_215181.1	1102	1115	-1
FEATURE	2534.813659534716862	865.466566776664195	3.504515e06	2	14.208591	0.825327	0.0	0.0	2523.699099999999817	2548.007599999999911
PEPTIDE	2531.457800000000134	865.466674804687955	0.0	0	LEPVPNADAPLGPGQVR	2	R	V	q-value	MS-GF+_2026-09-01T17:45:52_7198454993515115019	NP_216564.2	1372	1388	-1
FEATURE	1574.096838169097055	1042.563768778726626	3.503331e06	1	9.766884	0.811523	0.0	0.0	1566.805000000000064	1578.910499999999956
FEATURE	2225.352275085643669	813.378544865391063	3.499905e06	2	19.769415	0.856509	0.0	0.0	2211.909799999999905	2243.566400000000158
PEPTIDE	2220.127700000000004	813.377380371093977	0.0	0	RSPWGEM(Oxidation)FASTGQR	2	R	S	q-value	MS-GF+_2026-09-01T17:45:52_7198454993515115019	NP_217456.1	1994	2007	-1
FEATURE	3221.074199757777933	684.86329636624339	3.498928e06	2	19.106758	0.884384	0.0	0.0	3207.609199999999873	3239.317399999999907
PEPTIDE	3210.822799999999916	684.861022949218977	6.1652281134402e-04	0	GEPGEPLWLGSVK	2	R	S	q-value	MS-GF+_2026-09-01T17:45:52_7198454993515115019	NP_216564.2;NP_216564.2	361;2384	373;2396	-1
FEATURE	3456.815295494068778	653.380835327537625	3.498893e06	2	14.470384	0.905775	0.0	0.0	3441.5300000000002	3471.539400000000114
PEPTIDE	3465.784200000000055	653.37939453125	0.0	0	TVLLTGATGFLGR	2	R	Y	q-value	MS-GF+_2026-09-01T17:45:52_7198454993515115019	NP_214615.1;NP_217106.1	2108;769	2120;781	-1
FEATURE	2351.690553002932575	460.21349195032866	3.493432e06	2	17.667166	0.876	0.0	0.0	2336.830800000000181	2365.459699999999884
FEATURE	2590.636784654429903	1187.617740570070964	3.490717e06	1	14.473922	0.871838	0.0	0.0	2584.744200000000092	2603.192799999999806
FEATURE	3170.827279565049139	728.88132236742581	3.487405e06	1	17.403627	0.811009	0.0	0.0	3155.728599999999915	3187.732100000000173
FEATURE	2949.230267730084506	666.391786703136859	3.481973e06	1	20.134876	0.876881	0.0	0.0	2940.526400000000194	2967.412100000000009
FEATURE	2232.868948404460298	466.284291361294379	3.480191e06	2	16.082911	0.854289	0.0	0.0	2220.747299999999996	2247.654799999999796
FEATURE	1978.278655786017453	704.401837240974032	3.478337e06	1	15.052481	0.864051	0.0	0.0	1966.501400000000103	1990.556800000000067
FEATURE	4602.322267548184755	460.229952009614294	3.471619e06	1	6.891118	0.865333	0.0	0.0	4595.3729000000003	4608.743000000000393
FEATURE	1882.588656033812413	523.750123167708011	3.470876e06	2	15.500669	0.863067	0.0	0.0	1880.429000000000087	1894.996499999999969
FEATURE	3378.872721265785003	807.947971961316057	3.470826e06	2	24.472176	0.883881	0.0	0.0	3355.887000000000171	3400.415500000000066
PEPTIDE	3365.660199999999804	807.947814941406023	0.0	0	AYPLAVVVPSGDALSR	2	R	H	q-value	MS-GF+_2026-09-01T17:45:52_7198454993515115019	NP_217106.1	539	554	-1
FEATURE	2060.673330968566916	829.418538323309349	3.469445e06	2	10.535824	0.877426	0.0	0.0	2051.490200000000186	2070.492999999999938
PEPTIDE	2055.623799999999847	829.419311523437955	0.0	0	ALPNEDADVSKEIEK	2	R	Q	q-value	MS-GF+_2026-09-01T17:45:52_7198454993515115019	NP_214976.1	205	219	-1
FEATURE	4617.01392228536406	447.180926193567529	3.468338e06	1	4.613581	0.922923	0.0	0.0	4612.243599999999788	4621.203000000000429
FEATURE	1720.051274214494015	537.275936153447219	3.466203e06	2	11.359938	0.87564	0.0	0.0	1713.959299999999985	1726.11220000000003
PEPTIDE	1720.661100000000033	537.277893066406023	0.0	0	VEDVVNVGDK	2	K	L	q-value	MS-GF+_2026-09-01T17:45:52_7198454993515115019	NP_217299.1	706	715	-1
FEATURE	2147.931631484356331	791.394106894578613	3.464541e06	1	15.82382	0.897427	0.0	0.0	2138.721399999999903	2163.894800000000032
FEATURE	2205.567966569728014	757.410320450626614	3.459578e06	1	17.478853	0.858576	0.0	0.0	2191.689100000000053	2206.990800000000036
FEATURE	2237.98216870619126	1141.518829385566733	3.456579e06	1	12.13243	0.902002	0.0	0.0	2230.919600000000173	2244.882999999999811
FEATURE	4551.090477562056549	480.22349804131818	3.452968e06	1	10.668716	0.91192	0.0	0.0	4546.052999999999884	4556.522799999999734
FEATURE	2230.193512744336203	1068.503267436778287	3.447029e06	1	17.996962	0.830214	0.0	0.0	2224.829099999999926	2240.36869999999999
FEATURE	3595.958053334734359	494.301395750551365	3.443116e06	2	16.064034	0.887298	0.0	0.0	3579.193299999999908	3612.423800000000028
FEATURE	4648.258028846194065	604.309154713594353	3.441971e06	1	7.615024	0.836884	0.0	0.0	4641.434699999999793	4655.682899999999791
FEATURE	4520.39231464583645	502.240151734194569	3.441039e06	1	10.15637	0.907113	0.0	0.0	4509.764799999999923	4529.413199999999961
FEATURE	3449.021662373203526	450.275170302466506	3.439158e06	2	17.359764	0.882439	0.0	0.0	3436.297000000000025	3466.44210000000021
FEATURE	3046.235650333178	723.296953705113651	3.438402e06	1	34.444481	0.855125	0.0	0.0	3029.127800000000207	3069.002100000000155
FEATURE	2413.370395944191387	521.798284862965829	3.438139e06	2	16.45203	0.891518	0.0	0.0	2405.424399999999878	2421.639700000000175
FEATURE	2865.744896594405418	878.947035157362507	3.437819e06	2	15.524719	0.844889	0.0	0.0	2857.244900000000143	2879.990099999999984
FEATURE	1563.966731242449214	618.803228228893431	3.433564e06	2	13.839985	0.82675	0.0	0.0	1552.947899999999891	1570.367199999999912
PEPTIDE	1569.30379999999991	618.804016113281023	0.0	0	TAANSFEAQAAR	2	R	D	q-value	MS-GF+_2026-09-01T17:45:52_7198454993515115019	NP_215614.1	259	270	-1
FEATURE	2498.269580085817779	864.973465116796433	3.431779e06	2	14.358974	0.863032	0.0	0.0	2487.145100000000184	2512.090599999999995
PEPTIDE	2491.81269999999995	864.97412109375	0.0	0	TITVEPSVTTGPIAGSAK	2	M	A	q-value	MS-GF+_2026-09-01T17:45:52_7198454993515115019	NP_214937.1	1	18	-1
FEATURE	2362.008537679870642	611.804116302460329	3.431475e06	2	14.770883	0.860582	0.0	0.0	2352.373300000000199	2372.934200000000146
PEPTIDE	2352.079000000000178	611.804016113281023	0.0	0	DRFEQMLQR	2	R	A	q-value	MS-GF+_2026-09-01T17:45:52_7198454993515115019	NP_217040.1	770	778	-1
FEATURE	4545.585437701940464	532.214432849665059	3.431109e06	1	6.534085	0.887301	0.0	0.0	4539.983000000000175	4551.283699999999953
FEATURE	2870.857834882503994	624.25257290656748	3.418516e06	2	19.231363	0.830912	0.0	0.0	2864.523099999999886	2887.290300000000116
FEATURE	3046.032255342140616	441.127664587973015	3.416822e06	1	31.579685	0.884923	0.0	0.0	3035.615400000000136	3066.593499999999949
FEATURE	1925.147735368649364	774.376433315093777	3.415021e06	2	13.025443	0.844445	0.0	0.0	1916.573100000000068	1932.184600000000046
PEPTIDE	1918.824299999999994	774.37841796875	0.0	0	TYQQEPGNAAEALR	2	R	E	q-value	MS-GF+_2026-09-01T17:45:52_7198454993515115019	NP_215026.1	224	237	-1
FEATURE	3044.681940620619571	763.958822383225993	3.410924e06	2	19.220892	0.872228	0.0	0.0	3034.342200000000048	3060.821300000000065
PEPTIDE	3036.808599999999842	763.95849609375	0.0	0	VGIAPPLAAVPAPTPR	2	R	R	q-value	MS-GF+_2026-09-01T17:45:52_7198454993515115019	NP_217643.1	295	310	-1
FEATURE	2415.305691962756555	497.800435638096133	3.41028e06	2	16.491898	0.909898	0.0	0.0	2401.964300000000094	2431.603000000000066
FEATURE	2995.730232203310607	616.266123680042597	3.409975e06	2	18.505951	0.831903	0.0	0.0	2980.231400000000122	2998.133499999999913
FEATURE	3194.870984539035362	619.354812334410099	3.406295e06	1	18.967848	0.892944	0.0	0.0	3180.514500000000226	3214.628700000000208
FEATURE	2224.858538681997288	585.33546405443758	3.40417e06	2	12.166422	0.860774	0.0	0.0	2219.55600000000004	2234.684999999999945
FEATURE	3983.963436097776594	526.302520397718126	3.397872e06	1	36.62278	0.890004	0.0	0.0	3956.239799999999832	4021.942900000000009
FEATURE	3055.087777091966018	857.948062283924173	3.393302e06	2	20.964819	0.856442	0.0	0.0	3046.543099999999868	3072.334199999999782
FEATURE	2355.635327024990147	473.259405900308764	3.392083e06	1	17.136347	0.874107	0.0	0.0	2349.639500000000226	2365.459699999999884
FEATURE	2846.739566822588131	1095.526725105176183	3.391516e06	2	12.775042	0.810348	0.0	0.0	2841.753499999999804	2855.20490000000018
FEATURE	2131.123234954770396	673.351653877956892	3.389153e06	2	15.050851	0.811812	0.0	0.0	2118.26760000000013	2143.982399999999871
FEATURE	4157.261948126229981	480.223089471003561	3.387976e06	1	33.025578	0.8812	0.0	0.0	4140.434900000000198	4190.192900000000009
FEATURE	2154.933896192726479	351.243386194977347	3.3867e06	3	17.728285	0.826682	0.0	0.0	2146.760200000000168	2168.895100000000184
FEATURE	1681.501181023154231	493.757810426188485	3.385115e06	2	16.645693	0.825579	0.0	0.0	1670.048800000000028	1691.854900000000043
FEATURE	1928.289417471850584	695.359305785123411	3.384809e06	2	13.494316	0.865628	0.0	0.0	1922.141200000000026	1940.435199999999895
PEPTIDE	1924.982700000000023	695.359619140625	0.0	0	VVVAADTDEETLK	2	R	A	q-value	MS-GF+_2026-09-01T17:45:52_7198454993515115019	NP_214555.1	923	935	-1
FEATURE	4001.884896646496145	488.286127794745255	3.381415e06	1	19.506628	0.907344	0.0	0.0	3985.903200000000197	4021.942900000000009
FEATURE	4562.266276420717986	464.228693183763028	3.379026e06	1	8.472068	0.901119	0.0	0.0	4553.902900000000045	4570.574800000000323
FEATURE	1790.893162228238907	487.251213089380428	3.377878e06	2	12.884207	0.80751	0.0	0.0	1778.351100000000088	1803.783200000000079
PEPTIDE	1784.805399999999963	487.249908447266023	6.1652281134402e-04	0	LDDELAAAR	2	R	D	q-value	MS-GF+_2026-09-01T17:45:52_7198454993515115019	NP_217450.1	1305	1313	-1
FEATURE	2223.961641094844708	472.282153522257715	3.376476e06	2	15.198961	0.849075	0.0	0.0	2212.989500000000135	2238.931799999999839
FEATURE	3524.945376435924572	586.767528848576944	3.376027e06	2	16.933193	0.869878	0.0	0.0	3515.553100000000086	3542.361899999999878
FEATURE	4577.655894452747816	401.160070659905784	3.375443e06	1	5.459686	0.903683	0.0	0.0	4572.324200000000019	4583.083599999999933
FEATURE	1413.388567833871093	475.941306512720985	3.372314e06	3	12.48069	0.807246	0.0	0.0	1402.851100000000088	1425.324499999999944
PEPTIDE	1406.519900000000007	475.941192626953011	0.0	0	PAPKPVPEPAPTPK	3	K	A	q-value	MS-GF+_2026-09-01T17:45:52_7198454993515115019	NP_216731.1	208	221	-1
FEATURE	2470.900906343041697	698.402432788865099	3.365531e06	2	14.401796	0.889074	0.0	0.0	2458.50669999999991	2485.824200000000019
FEATURE	4057.350188273274398	665.367903039133921	3.363234e06	2	12.473903	0.871773	0.0	0.0	4044.934699999999793	4070.592799999999897
FEATURE	3464.992667219752548	821.429248149336786	3.357476e06	2	15.656851	0.876483	0.0	0.0	3451.027300000000196	3480.567500000000109
FEATURE	2709.807824037259252	751.400060242039217	3.356635e06	2	14.164992	0.85534	0.0	0.0	2698.541799999999967	2718.160899999999856
FEATURE	3075.0002015410073	700.845488836133768	3.354459e06	2	14.525253	0.848089	0.0	0.0	3062.813099999999849	3089.383800000000065
FEATURE	3978.5651287069295	443.207287767855973	3.350295e06	1	26.919565	0.903544	0.0	0.0	3976.264999999999873	4006.833000000000084
FEATURE	3283.205214260217417	819.916059951897978	3.347965e06	2	21.578341	0.882499	0.0	0.0	3273.465499999999793	3304.664800000000014
FEATURE	3651.110115280201171	866.950446397147061	3.342978e06	2	14.959179	0.896479	0.0	0.0	3636.913199999999961	3666.802999999999884
PEPTIDE	3638.349600000000009	866.953796386718977	0.0	0	LVEEAPAPFLTDFQR	2	K	K	q-value	MS-GF+_2026-09-01T17:45:52_7198454993515115019	NP_217802.1	247	261	-1
FEATURE	4536.243020100247122	372.079355026704434	3.335612e06	1	8.11402	0.83288	0.0	0.0	4531.1850000000004	4544.335100000000239
FEATURE	2017.458408176757303	674.38383093259506	3.335427e06	1	17.42901	0.859009	0.0	0.0	2005.088400000000092	2029.710499999999911
FEATURE	1623.490432561628495	478.734419717057961	3.333295e06	2	14.555938	0.840458	0.0	0.0	1613.800700000000006	1633.811500000000024
FEATURE	2525.465934378281872	582.798894761695124	3.331924e06	2	14.920053	0.882337	0.0	0.0	2518.738299999999981	2534.878099999999904
PEPTIDE	2516.905499999999847	582.79638671875	0.0	0	ASVDEINAAFK	2	R	A	q-value	MS-GF+_2026-09-01T17:45:52_7198454993515115019	NP_215952.1	257	267	-1
FEATURE	2627.98309846310076	602.324500193923086	3.324917e06	2	14.824661	0.875678	0.0	0.0	2619.409599999999955	2643.012200000000121
FEATURE	1732.998412827318816	712.362293753798895	3.31976e06	2	11.607969	0.817059	0.0	0.0	1723.20659999999998	1744.90300000000002
FEATURE	2580.495160906487854	1081.011985883897296	3.313963e06	2	13.584736	0.866973	0.0	0.0	2572.672500000000127	2593.451900000000023
FEATURE	2390.747569048128298	383.708487934625225	3.313463e06	2	13.651791	0.828627	0.0	0.0	2379.78229999999985	2400.366500000000087
PEPTIDE	2388.733200000000124	383.708404541016023	5.353319057815841e-03	0	SLLDYR	2	R	Y	q-value	MS-GF+_2026-09-01T17:45:52_7198454993515115019	YP_177855.1	902	907	-1
FEATURE	2961.731901934662346	736.434205422759305	3.31302e06	1	17.519358	0.864834	0.0	0.0	2948.747800000000098	2980.231400000000122
FEATURE	1854.802156351846634	622.316090130018665	3.311423e06	2	18.320591	0.852263	0.0	0.0	1850.063300000000027	1873.484500000000025
FEATURE	3336.916485436483072	830.905298537825388	3.311293e06	2	15.406973	0.88978	0.0	0.0	3323.725800000000163	3353.063500000000204
PEPTIDE	3326.161399999999958	830.90478515625	0.0	0	M(Oxidation)ELLSLPQDEWAGR	2	R	L	q-value	MS-GF+_2026-09-01T17:45:52_7198454993515115019	NP_217456.1	2016	2029	-1
FEATURE	1492.967866268063744	703.348936073898472	3.310049e06	2	15.354311	0.84376	0.0	0.0	1481.248100000000022	1508.322599999999966
FEATURE	1714.879025934716765	412.231491333819861	3.307243e06	2	15.937062	0.850256	0.0	0.0	1708.361599999999953	1731.702999999999975
FEATURE	1790.541545880935018	476.242974497434716	3.300925e06	2	13.04488	0.879719	0.0	0.0	1778.351100000000088	1803.783200000000079
FEATURE	2911.8181154063127	761.916343330633595	3.299731e06	2	14.612243	0.894708	0.0	0.0	2902.433100000000195	2927.155499999999847
PEPTIDE	2907.860999999999876	761.915222167968977	0.0	0	AASLTAITSANYIAR	2	R	R	q-value	MS-GF+_2026-09-01T17:45:52_7198454993515115019	NP_216348.1	760	774	-1
FEATURE	2794.411189560075854	565.314968619924457	3.296768e06	2	12.929107	0.860963	0.0	0.0	2786.038500000000113	2803.733299999999872
PEPTIDE	2787.314199999999801	565.315673828125	6.1652281134402e-04	0	EVGLEVLGSAR	2	R	R	q-value	MS-GF+_2026-09-01T17:45:52_7198454993515115019	NP_217934.1	308	318	-1
FEATURE	2017.120207975071935	506.231758433535504	3.29637e06	2	17.369207	0.848452	0.0	0.0	2008.354700000000094	2028.883800000000065
FEATURE	3789.455830590849928	875.455889306515473	3.294505e06	1	17.185127	0.904059	0.0	0.0	3774.333299999999781	3807.443200000000161
FEATURE	3381.292933355194236	880.552225037886046	3.289534e06	1	18.533171	0.904652	0.0	0.0	3364.172500000000127	3399.554399999999987
FEATURE	1918.09768399022505	563.785883190783011	3.288629e06	2	13.192986	0.888537	0.0	0.0	1907.415199999999913	1928.492299999999887
FEATURE	4577.591138380975281	419.170803920352228	3.285413e06	1	5.333586	0.904322	0.0	0.0	4574.083700000000135	4583.083599999999933
FEATURE	2655.328381048158008	1269.758186760815761	3.285091e06	1	10.513866	0.804682	0.0	0.0	2648.599900000000162	2660.177099999999882
FEATURE	2163.693289337889837	509.78201331669942	3.283917e06	2	13.981266	0.836531	0.0	0.0	2151.415199999999913	2177.951599999999871
PEPTIDE	2155.649399999999787	509.782592773438012	6.77436164669099e-03	0	IIGEPGTGFK	2	R	T	q-value	MS-GF+_2026-09-01T17:45:52_7198454993515115019	NP_217791.1	232	241	-1
FEATURE	4211.483364347039242	460.229148852258504	3.283902e06	1	26.444235	0.890782	0.0	0.0	4190.192900000000009	4238.3729000000003
FEATURE	1858.023479808595766	1065.522050819709875	3.280474e06	1	16.350641	0.825235	0.0	0.0	1852.373800000000074	1867.335499999999911
FEATURE	4620.51715562962454	702.350171412195095	3.27075e06	1	5.943315	0.861238	0.0	0.0	4614.88379999999961	4626.43329999999969
FEATURE	1897.090989321008237	453.263911610711659	3.269454e06	2	14.221704	0.88902	0.0	0.0	1886.123399999999947	1911.397400000000062
PEPTIDE	1892.167400000000043	453.263488769531023	5.353319057815841e-03	0	VLQNIYR	2	R	A	q-value	MS-GF+_2026-09-01T17:45:52_7198454993515115019	NP_216774.1	256	262	-1
FEATURE	2866.011048017589928	854.395578615075124	3.266308e06	2	15.649445	0.853999	0.0	0.0	2863.852699999999913	2881.571399999999812
FEATURE	2346.849418319934102	598.854357936341557	3.264508e06	2	14.711614	0.857957	0.0	0.0	2335.199700000000121	2361.262900000000172
FEATURE	4144.444027611495585	995.360709613351332	3.25953e06	1	21.475344	0.894926	0.0	0.0	4125.633700000000317	4166.707999999999629
FEATURE	2915.264276405522651	544.28143518199829	3.258466e06	2	18.35742	0.883867	0.0	0.0	2911.133299999999963	2928.679000000000087
PEPTIDE	2909.646699999999783	544.278015136718977	0.0	0	DLVAAWEQR	2	R	D	q-value	MS-GF+_2026-09-01T17:45:52_7198454993515115019	NP_216043.1	715	723	-1
FEATURE	2225.298124484047548	722.347245155947007	3.258254e06	2	17.247032	0.78095	0.0	0.0	2212.989500000000135	2230.919600000000173
PEPTIDE	2218.88799999999992	722.345092773437955	0.0	0	EGVEPQSEQVWR	2	K	Q	q-value	MS-GF+_2026-09-01T17:45:52_7198454993515115019	YP_177746.1	112	123	-1
FEATURE	2554.944298387027629	1002.584326925831647	3.256426e06	1	14.652669	0.883271	0.0	0.0	2545.461299999999937	2568.849900000000162
FEATURE	3285.952448510714021	1013.005053766877836	3.254469e06	2	20.049295	0.853643	0.0	0.0	3286.608400000000074	3305.603099999999813
FEATURE	2229.369286031418142	499.242284075594057	3.254388e06	2	15.086006	0.867141	0.0	0.0	2219.55600000000004	2244.882999999999811
PEPTIDE	2221.548800000000028	499.241790771483977	6.1652281134402e-04	0	C(Carbamidomethyl)YSGLELR	2	R	D	q-value	MS-GF+_2026-09-01T17:45:52_7198454993515115019	YP_177855.1	1247	1254	-1
FEATURE	2335.489052232026097	454.736897505854984	3.252234e06	2	16.472324	0.833705	0.0	0.0	2327.451700000000074	2348.315000000000055
PEPTIDE	2334.958000000000084	454.736389160156023	6.1652281134402e-04	0	FNELVMR	2	R	A	q-value	MS-GF+_2026-09-01T17:45:52_7198454993515115019	NP_216992.1	645	651	-1
FEATURE	2979.975543282621402	858.953948153218789	3.247241e06	2	15.545956	0.856566	0.0	0.0	2967.412100000000009	2993.015800000000127
FEATURE	4640.868008448318506	450.270612813969876	3.235849e06	1	7.951941	0.881563	0.0	0.0	4636.105400000000373	4647.682999999999993
FEATURE	4670.162515746658755	445.186588096652031	3.221156e06	1	9.862517	0.804882	0.0	0.0	4660.124700000000303	4675.413099999999758
FEATURE	1766.22048983790296	995.518465011800458	3.218949e06	1	15.895634	0.865438	0.0	0.0	1756.242899999999963	1781.925899999999956
FEATURE	4641.025343133798742	574.298900134072824	3.214446e06	1	10.299168	0.866562	0.0	0.0	4633.434799999999996	4651.242900000000191
FEATURE	3472.26727332486189	907.429567161829709	3.211706e06	2	15.181237	0.889671	0.0	0.0	3457.532799999999952	3488.063000000000102
PEPTIDE	3475.784999999999855	907.429809570312045	0.0	0	ELEEAALTDDYFIER	2	K	K	q-value	MS-GF+_2026-09-01T17:45:52_7198454993515115019	NP_215411.1	344	358	-1
FEATURE	637.732750656499434	429.088702400727641	3.21163e06	1	87.31823	0.882338	0.0	0.0	604.185499999998001	679.694700000000012
FEATURE	2290.629796666957645	651.862391925952807	3.208272e06	2	14.271293	0.87484	0.0	0.0	2286.254199999999855	2301.422700000000077
FEATURE	4605.057680208950842	436.197298420467291	3.206203e06	1	5.464261	0.859219	0.0	0.0	4600.743000000000393	4610.494999999999891
FEATURE	3684.520424828723208	526.211927006069232	3.204048e06	1	25.865486	0.890371	0.0	0.0	3664.984199999999873	3708.054700000000139
FEATURE	2908.919108837022577	871.431741437113942	3.199644e06	2	19.271688	0.847752	0.0	0.0	2902.433100000000195	2925.384500000000116
FEATURE	2745.91555503751988	531.278218404027825	3.189173e06	2	14.40082	0.850037	0.0	0.0	2740.048699999999826	2760.50019999999995
PEPTIDE	2735.965799999999945	531.279418945312045	6.1652281134402e-04	0	TESDLLDIR	2	R	N	q-value	MS-GF+_2026-09-01T17:45:52_7198454993515115019	NP_217974.1	278	286	-1
FEATURE	2851.372476046163683	906.455009378000341	3.187233e06	2	14.245782	0.795955	0.0	0.0	2842.654799999999796	2866.14260000000013
FEATURE	3070.493682911756878	1115.006174700360134	3.186468e06	2	13.857905	0.872561	0.0	0.0	3058.892699999999877	3084.1878999999999
PEPTIDE	3065.901600000000144	1115.004272460940001	0.0	0	AGEVEYVPSSEVDYMDVSPR	2	K	Q	q-value	MS-GF+_2026-09-01T17:45:52_7198454993515115019	NP_215181.1	558	577	-1
FEATURE	1734.567388772413096	575.790240257376581	3.183796e06	2	19.797226	0.825152	0.0	0.0	1725.244999999999891	1751.161299999999983
FEATURE	2169.992359675327407	474.744811577940084	3.183779e06	2	15.985532	0.86886	0.0	0.0	2156.584499999999935	2182.860099999999875
PEPTIDE	2161.661599999999908	474.743988037108977	6.1652281134402e-04	0	SMLVEDVR	2	R	A	q-value	MS-GF+_2026-09-01T17:45:52_7198454993515115019	NP_215844.1	473	480	-1
FEATURE	2232.023560022657875	649.828338352635115	3.182723e06	2	13.690445	0.877954	0.0	0.0	2223.501299999999901	2245.791000000000167
PEPTIDE	2225.385999999999967	649.827514648437955	0.0	0	IAEWEHLSASR	2	K	V	q-value	MS-GF+_2026-09-01T17:45:52_7198454993515115019	NP_216992.1	1571	1581	-1
FEATURE	1565.157524031849562	525.777871601391894	3.182492e06	2	17.198448	0.784112	0.0	0.0	1554.836399999999912	1572.049400000000105
FEATURE	4367.265706301511273	558.229958099763053	3.180886e06	1	27.657932	0.891806	0.0	0.0	4343.9354000000003	4396.274199999999837
FEATURE	2263.233793050189888	755.360180574980063	3.180315e06	2	14.620882	0.820513	0.0	0.0	2254.483200000000124	2271.243399999999838
PEPTIDE	2259.078899999999976	755.358520507812045	0.0	0	AAGC(Carbamidomethyl)EIFATAGSAQR	2	R	R	q-value	MS-GF+_2026-09-01T17:45:52_7198454993515115019	NP_215697.1	1057	1071	-1
FEATURE	4661.654449692522576	850.555947259530967	3.1769e06	1	18.786778	0.870072	0.0	0.0	4658.342999999999847	4674.513100000000122
FEATURE	3132.793313458068042	758.409771696538087	3.174514e06	1	24.109753	0.914134	0.0	0.0	3117.984899999999925	3152.555199999999786
FEATURE	2727.112395626305442	979.454616663674415	3.174298e06	1	18.619648	0.856781	0.0	0.0	2713.583000000000084	2745.364999999999782
FEATURE	1790.060218807268711	653.325666192344329	3.170504e06	2	13.042725	0.839606	0.0	0.0	1780.289600000000064	1803.783200000000079
FEATURE	2675.055317194467534	686.878562255622455	3.165186e06	2	15.777495	0.888249	0.0	0.0	2665.127399999999852	2690.100100000000111
PEPTIDE	2671.845699999999852	686.877319335937955	6.1652281134402e-04	0	ADVVFPVAPTTQK	2	R	A	q-value	MS-GF+_2026-09-01T17:45:52_7198454993515115019	NP_217667.1	608	620	-1
FEATURE	3700.75874565101185	494.198328573154924	3.161501e06	1	24.65737	0.880691	0.0	0.0	3686.293999999999869	3725.992999999999938
FEATURE	2665.069395994956722	488.736272516462748	3.156266e06	2	14.600393	0.840973	0.0	0.0	2652.426199999999881	2680.443699999999808
PEPTIDE	2654.741700000000037	488.737487792968977	6.1652281134402e-04	0	GWPQFADR	2	R	L	q-value	MS-GF+_2026-09-01T17:45:52_7198454993515115019	YP_177885.1	628	635	-1
FEATURE	2346.027478879816499	756.327738629245687	3.155927e06	2	16.273136	0.833388	0.0	0.0	2340.882999999999811	2357.278999999999996
FEATURE	1961.675386646009429	587.764910156455017	3.152221e06	2	15.880084	0.844298	0.0	0.0	1951.919100000000071	1966.501400000000103
FEATURE	2893.285614582640847	871.454339264890109	3.151742e06	2	14.528596	0.844184	0.0	0.0	2882.535600000000159	2901.738199999999779
FEATURE	2631.769258005281699	644.681090661971666	3.151661e06	3	13.449804	0.856856	0.0	0.0	2620.797999999999775	2639.48700000000008
PEPTIDE	2624.386199999999917	644.682800292968977	0.0	0	AAVEEGIVPGGGASLIHQAR	3	K	K	q-value	MS-GF+_2026-09-01T17:45:52_7198454993515115019	NP_217934.1	402	421	-1
FEATURE	2131.240160817942524	669.37250777636234	3.151604e06	1	15.637343	0.88084	0.0	0.0	2118.26760000000013	2143.116100000000188
FEATURE	2015.244321308929102	748.014456240346249	3.148381e06	3	11.061046	0.804468	0.0	0.0	2010.494400000000042	2023.517599999999902
PEPTIDE	2015.247200000000021	748.014770507812045	0.0	0	NVVVVDADC(Carbamidomethyl)HYSNTGEGLHR	3	R	F	q-value	MS-GF+_2026-09-01T17:45:52_7198454993515115019	YP_177885.1	95	114	-1
FEATURE	4487.069861864937593	443.170400642720267	3.147815e06	1	16.15373	0.919417	0.0	0.0	4470.271999999999935	4503.402900000000045
FEATURE	1910.530154967355429	572.819485678363776	3.1443e06	2	12.616739	0.905846	0.0	0.0	1904.234300000000076	1922.998199999999997
FEATURE	4121.466958092685672	432.197940726751597	3.144058e06	1	28.506409	0.897137	0.0	0.0	4103.89469999999983	4142.253600000000006
FEATURE	3271.45021084605969	762.355168090914503	3.143227e06	2	17.111635	0.883526	0.0	0.0	3255.776400000000194	3286.608400000000074
PEPTIDE	3274.034000000000106	762.355712890625	0.0	0	AYYFAAAFPSAC(Carbamidomethyl)GK	2	K	T	q-value	MS-GF+_2026-09-01T17:45:52_7198454993515115019	NP_214725.1	261	274	-1
FEATURE	2245.056250487656143	585.964108826064717	3.139302e06	3	14.895147	0.854113	0.0	0.0	2235.919600000000173	2244.882999999999811
PEPTIDE	2250.56880000000001	585.964111328125	6.1652281134402e-04	0	LVQGGEAPTAASWGAANR	3	R	S	q-value	MS-GF+_2026-09-01T17:45:52_7198454993515115019	NP_216738.1	298	315	-1
FEATURE	4577.951833137337417	504.292534287172316	3.13678e06	1	5.495893	0.897803	0.0	0.0	4574.083700000000135	4583.083599999999933
FEATURE	2649.276095357376107	691.82681182198894	3.131797e06	2	13.47498	0.859156	0.0	0.0	2637.186099999999897	2660.177099999999882
PEPTIDE	2649.160199999999804	691.827087402343977	0.0	0	VTSDELGDYIDR	2	K	V	q-value	MS-GF+_2026-09-01T17:45:52_7198454993515115019	NP_216907.1	523	534	-1
FEATURE	2929.41929627987156	592.799688556529304	3.129469e06	2	13.276872	0.85697	0.0	0.0	2919.804799999999887	2943.283800000000156
FEATURE	1661.731611883998767	680.84227169161079	3.122935e06	2	16.534597	0.844647	0.0	0.0	1648.609699999999975	1677.134199999999964
FEATURE	3393.250100264202956	477.281096898934436	3.119956e06	1	22.866783	0.868941	0.0	0.0	3375.734100000000126	3414.682999999999993
FEATURE	4599.721302850603934	728.43568048804741	3.113856e06	1	10.471838	0.828116	0.0	0.0	4595.3729000000003	4609.613199999999779
FEATURE	3110.647981746834375	842.906764024235031	3.112641e06	2	14.019431	0.859538	0.0	0.0	3097.993199999999888	3125.351200000000063
PEPTIDE	3102.129399999999805	842.906677246093977	0.0	0	EDEDELPAGVNELVR	2	R	V	q-value	MS-GF+_2026-09-01T17:45:52_7198454993515115019	NP_215181.1	849	863	-1
FEATURE	2942.121459181459159	893.954040994939305	3.109581e06	2	47.29398	0.819013	0.0	0.0	2925.384500000000116	2952.82340000000022
PEPTIDE	2936.902999999999793	893.954895019531023	0.0	0	ELLSYLPPNNSTDAPR	2	R	Y	q-value	MS-GF+_2026-09-01T17:45:52_7198454993515115019	NP_217797.1	263	278	-1
FEATURE	1710.818934399888804	484.287461320587227	3.107316e06	2	20.042112	0.849725	0.0	0.0	1699.823200000000043	1726.70880000000011
PEPTIDE	1704.337999999999965	484.287994384766023	5.82627118644068e-03	0	IANALPAAAR	2	R	A	q-value	MS-GF+_2026-09-01T17:45:52_7198454993515115019	NP_215038.1	444	453	-1
FEATURE	1695.854608261927524	659.647104955971713	3.101856e06	3	11.094821	0.823765	0.0	0.0	1686.414999999999964	1707.325599999999895
FEATURE	2824.521464874997037	637.320424895152087	3.094124e06	1	25.2183	0.851912	0.0	0.0	2811.045500000000175	2833.04340000000002
FEATURE	3178.154563762575435	897.913000183375971	3.092383e06	2	15.15797	0.906318	0.0	0.0	3166.513699999999972	3193.946300000000065
FEATURE	2108.514981730624186	665.258580463607927	3.086571e06	2	18.277391	0.828736	0.0	0.0	2099.724799999999959	2124.822299999999814
FEATURE	3356.370451648108428	442.244019688078424	3.086393e06	1	21.702551	0.912203	0.0	0.0	3334.535300000000007	3372.204999999999927
FEATURE	2458.819892112414891	804.425056934094641	3.083595e06	2	16.778322	0.861635	0.0	0.0	2451.077600000000075	2471.967799999999897
PEPTIDE	2454.599999999999909	804.422790527343977	0.0	0	TLGLDPETGHEIVAR	2	R	E	q-value	MS-GF+_2026-09-01T17:45:52_7198454993515115019	NP_218163.1	709	723	-1
FEATURE	4611.326163909358002	500.22525756384681	3.08354e06	1	4.887904	0.897749	0.0	0.0	4606.96309999999994	4614.013100000000122
FEATURE	2098.538767936781824	763.373452676097259	3.083475e06	1	15.904098	0.847716	0.0	0.0	2089.319100000000162	2112.018300000000181
FEATURE	3419.205765566340688	812.164403311987599	3.082355e06	1	25.059105	0.871833	0.0	0.0	3394.858999999999924	3425.733000000000175
FEATURE	1736.630905383905429	862.901909039976999	3.078338e06	2	13.161949	0.897205	0.0	0.0	1726.70880000000011	1743.146600000000035
PEPTIDE	1729.619799999999941	862.903869628906023	0.0	0	AANEDGTFKSDEELAK	2	R	L	q-value	MS-GF+_2026-09-01T17:45:52_7198454993515115019	NP_215330.1;NP_217633.1	200;200	215;215	-1
FEATURE	2720.807484298537474	396.707714967041511	3.077265e06	2	15.808521	0.857244	0.0	0.0	2707.622299999999996	2733.032999999999902
FEATURE	2824.952740270609411	955.964721991474221	3.072301e06	2	14.548285	0.80781	0.0	0.0	2813.990299999999934	2839.974900000000162
PEPTIDE	2822.822999999999865	955.96630859375	0.0	0	TETLTMPSEDAQVAVYR	2	R	A	q-value	MS-GF+_2026-09-01T17:45:52_7198454993515115019	NP_217456.1	276	292	-1
FEATURE	1726.910614970509414	400.747158947821276	3.071844e06	2	20.810646	0.858534	0.0	0.0	1714.633299999999963	1746.130000000000109
FEATURE	2668.866708566983107	773.880414614881829	3.0696e06	2	14.385397	0.86477	0.0	0.0	2659.075800000000072	2680.443699999999808
PEPTIDE	2661.200400000000172	773.883483886718977	0.0	0	QLLAASGEDETAWR	2	R	N	q-value	MS-GF+_2026-09-01T17:45:52_7198454993515115019	NP_216043.1	1376	1389	-1
FEATURE	1851.309042555627457	420.781169621286949	3.067168e06	2	13.126518	0.855387	0.0	0.0	1843.618600000000015	1864.157300000000078
FEATURE	2947.640066057394051	683.847576700759305	3.063378e06	2	21.597128	0.838947	0.0	0.0	2937.264099999999871	2969.223300000000108
FEATURE	3791.446638217265445	619.344436031098439	3.06067e06	1	21.331589	0.904182	0.0	0.0	3774.333299999999781	3806.503000000000156
FEATURE	2558.773615871824404	361.731864327468315	3.051791e06	2	18.407602	0.889439	0.0	0.0	2546.861399999999776	2573.8429000000001
FEATURE	3143.827846652657627	570.291460044533096	3.050716e06	1	27.546202	0.873098	0.0	0.0	3119.211699999999837	3146.34479999999985
FEATURE	4401.995470775167632	417.1981539200317	3.050408e06	1	31.519272	0.885513	0.0	0.0	4377.173300000000381	4429.274999999999636
FEATURE	1632.517600230360131	625.306587399340856	3.049396e06	2	15.259144	0.846021	0.0	0.0	1619.821899999999914	1645.534900000000107
PEPTIDE	1625.787800000000061	625.307312011718977	0.0	0	VSEPQFEGQTK	2	K	T	q-value	MS-GF+_2026-09-01T17:45:52_7198454993515115019	NP_214519.2	361	371	-1
FEATURE	1722.08472623661828	429.736140414553404	3.048985e06	2	26.289785	0.798396	0.0	0.0	1707.325599999999895	1749.579300000000103
FEATURE	4570.777375235369618	480.223432326822319	3.047981e06	1	7.287341	0.885613	0.0	0.0	4566.182999999999993	4577.773199999999633
FEATURE	1728.619116648334057	906.464799219387373	3.0467e06	2	12.686345	0.845988	0.0	0.0	1719.289199999999937	1741.594200000000001
PEPTIDE	1723.947400000000016	906.46728515625	0.0	0	AKIESENPDAVANVQAR	2	R	L	q-value	MS-GF+_2026-09-01T17:45:52_7198454993515115019	NP_216760.1	92	108	-1
FEATURE	2552.649874326270947	676.415147097025056	3.046058e06	1	15.24228	0.876686	0.0	0.0	2541.992999999999938	2565.825400000000173
FEATURE	3688.346919871004502	568.321110832428531	3.045651e06	1	20.007471	0.895878	0.0	0.0	3673.714800000000196	3708.963000000000193
FEATURE	2304.347767192738047	480.007551551341805	3.044269e06	4	8.627296	0.855954	0.0	0.0	2296.379899999999907	2307.882999999999811
FEATURE	3204.523044049850341	1297.522054653241185	3.04248e06	1	20.49254	0.879641	0.0	0.0	3196.248500000000149	3220.798800000000028
FEATURE	3530.087857657832956	751.897745450299567	3.040541e06	2	15.973874	0.888506	0.0	0.0	3515.553100000000086	3546.862900000000082
PEPTIDE	3519.465799999999945	751.897521972656023	0.0	0	VLDVLADPAEFASR	2	R	Q	q-value	MS-GF+_2026-09-01T17:45:52_7198454993515115019	NP_214703.1	528	541	-1
FEATURE	1689.010302850818107	505.251048189778714	3.036822e06	2	16.994022	0.819337	0.0	0.0	1684.777900000000045	1699.823200000000043
FEATURE	4579.258860158850439	522.255619182714213	3.03494e06	1	8.592667	0.864779	0.0	0.0	4571.443299999999908	4586.625
FEATURE	2930.034214710809465	862.450888511990911	3.033775e06	3	14.575122	0.825258	0.0	0.0	2918.559099999999944	2938.134000000000015
PEPTIDE	2925.94210000000021	862.453979492187955	0.0	0	AEPAPSPPAAQPAGAAEGAPYVTPLVR	3	K	K	q-value	MS-GF+_2026-09-01T17:45:52_7198454993515115019	NP_216731.1	222	248	-1
FEATURE	2264.51778550438803	731.360651141815083	3.03131e06	2	14.047802	0.780575	0.0	0.0	2256.546800000000076	2277.282999999999902
FEATURE	2207.336653873041541	791.467478403263158	3.027751e06	1	14.161273	0.87709	0.0	0.0	2202.565900000000056	2220.747299999999996
FEATURE	3304.205661289390264	588.841587919124095	3.027497e06	2	14.964624	0.865893	0.0	0.0	3292.803499999999986	3318.284900000000107
PEPTIDE	3294.02370000000019	588.842529296875	6.1652281134402e-04	0	AFASLVQATLR	2	R	T	q-value	MS-GF+_2026-09-01T17:45:52_7198454993515115019	NP_216992.1	741	751	-1
FEATURE	1555.413228906800669	696.356434015887544	3.026724e06	2	13.363984	0.828702	0.0	0.0	1546.722999999999956	1566.805000000000064
PEPTIDE	1548.076399999999921	696.357299804687955	0.0	0	EYDPELKPATTK	2	R	A	q-value	MS-GF+_2026-09-01T17:45:52_7198454993515115019	NP_215186.1	158	169	-1
FEATURE	2945.535701129202607	374.191038069276033	3.026301e06	4	15.669717	0.911253	0.0	0.0	2935.133800000000065	2960.903499999999895
FEATURE	2300.844060254176839	924.461791745777191	3.023157e06	1	14.231289	0.884233	0.0	0.0	2291.919600000000173	2311.593800000000101
FEATURE	4028.188492546415091	742.329489157222042	3.021938e06	1	31.949257	0.882007	0.0	0.0	4029.472999999999956	4056.443000000000211
FEATURE	1584.892822559622118	450.250881563955431	3.014284e06	2	13.537132	0.772471	0.0	0.0	1577.841100000000097	1595.783599999999979
FEATURE	4468.15391232748425	431.38463146751775	3.010917e06	1	14.240607	0.909763	0.0	0.0	4456.283599999999751	4482.335100000000239
FEATURE	2768.303259680121755	657.303245578510996	3.010225e06	2	18.034077	0.836467	0.0	0.0	2758.443200000000161	2775.990299999999934
FEATURE	2940.595671457949266	583.798300442494565	3.010016e06	2	16.665669	0.87069	0.0	0.0	2931.927999999999884	2950.80159999999978
PEPTIDE	2931.376200000000154	583.800170898437955	0.0	0	M(Oxidation)QFEDILVR	2	R	E	q-value	MS-GF+_2026-09-01T17:45:52_7198454993515115019	NP_216992.1	418	426	-1
FEATURE	1746.517316127164577	507.782358423123128	3.004164e06	2	12.091754	0.82065	0.0	0.0	1735.092000000000098	1759.281400000000076
PEPTIDE	1739.59920000000011	507.780914306641023	1.68255748738082e-03	0	VVVNDDVVR	2	R	G	q-value	MS-GF+_2026-09-01T17:45:52_7198454993515115019	NP_216546.1	91	99	-1
FEATURE	4591.109337412200148	372.16567136948504	3.002632e06	1	5.579792	0.887916	0.0	0.0	4588.362900000000082	4596.253099999999904
FEATURE	1797.211545486486784	591.817010969926287	2.999613e06	2	12.126087	0.859553	0.0	0.0	1790.328500000000076	1808.663999999999987
PEPTIDE	1790.934099999999944	591.8154296875	0.0	0	WAPQAASGPVAK	2	R	V	q-value	MS-GF+_2026-09-01T17:45:52_7198454993515115019	NP_215220.1	47	58	-1
FEATURE	3011.111219331061875	822.446321685210933	2.998312e06	2	13.978112	0.891771	0.0	0.0	3000.859699999999975	3023.178899999999885
PEPTIDE	3003.949700000000121	822.447204589843977	0.0	0	ILVEVGPGGSLTGSAMR	2	R	H	q-value	MS-GF+_2026-09-01T17:45:52_7198454993515115019	NP_217451.1	810	826	-1
FEATURE	2439.569078172537502	854.920028399371063	2.99796e06	2	12.016726	0.792959	0.0	0.0	2429.748000000000047	2446.444899999999961
PEPTIDE	2435.00460000000021	854.919677734375	0.0	0	TGHTTFDVGFANTAAAK	2	K	S	q-value	MS-GF+_2026-09-01T17:45:52_7198454993515115019	NP_215411.1	39	55	-1
FEATURE	4050.666348973572895	843.953481223128051	2.996186e06	2	17.580484	0.899589	0.0	0.0	4035.132900000000063	4068.725199999999859
PEPTIDE	4037.915500000000066	843.953796386718977	0.0	0	VATDLGVPFTEPASVLA	2	R	]	q-value	MS-GF+_2026-09-01T17:45:52_7198454993515115019	NP_217296.1	354	370	-1
FEATURE	1765.455310835039199	488.290384235362524	2.994343e06	2	16.976292	0.827275	0.0	0.0	1753.709299999999985	1781.925899999999956
PEPTIDE	1758.503400000000056	488.289703369141023	2.791736460078171e-03	0	FRQNLLGK	2	R	R	q-value	MS-GF+_2026-09-01T17:45:52_7198454993515115019	NP_215182.1	412	419	-1
FEATURE	2455.075095657106885	931.886739884963731	2.988315e06	2	14.926046	0.861431	0.0	0.0	2448.213200000000143	2469.673999999999978
FEATURE	1801.017767988808373	607.858975470028213	2.987688e06	2	14.050937	0.868228	0.0	0.0	1794.755499999999984	1815.904600000000073
PEPTIDE	1797.110799999999927	607.859497070312045	0.0	0	KTTVPLVTEAR	2	R	D	q-value	MS-GF+_2026-09-01T17:45:52_7198454993515115019	NP_214725.1	421	431	-1
FEATURE	1884.617045436337776	751.906969732036714	2.985579e06	2	14.077305	0.829454	0.0	0.0	1874.63130000000001	1898.885099999999966
FEATURE	2654.465261316497617	646.371722498337363	2.976893e06	2	20.841061	0.839217	0.0	0.0	2651.540700000000015	2673.034999999999854
FEATURE	2032.834094506890551	675.866957319436892	2.974775e06	2	13.785457	0.835349	0.0	0.0	2022.397999999999911	2044.763999999999896
FEATURE	2449.691814366090966	549.257053217845169	2.970197e06	2	16.515814	0.832283	0.0	0.0	2442.81919999999991	2457.643000000000029
FEATURE	1810.023943192072238	489.917733219219201	2.967333e06	3	9.982497	0.736571	0.0	0.0	1800.531099999999924	1819.621900000000096
PEPTIDE	1804.579700000000003	489.917694091796989	0.0	0	C(Carbamidomethyl)AALATHPAALDTR	3	R	S	q-value	MS-GF+_2026-09-01T17:45:52_7198454993515115019	NP_217451.1	1196	1209	-1
FEATURE	1852.556412583035353	751.410350662543124	2.96469e06	1	15.346429	0.841239	0.0	0.0	1841.598799999999983	1868.813599999999951
FEATURE	2745.503558030667136	664.372663393076664	2.963056e06	2	17.615112	0.832263	0.0	0.0	2749.509000000000015	2761.355599999999868
FEATURE	3133.183826129069985	627.820621850534622	2.958259e06	2	15.925185	0.885998	0.0	0.0	3124.266299999999774	3148.63760000000002
PEPTIDE	3123.652999999999793	627.822814941406023	0.0	0	DTSTSLLNFTR	2	R	T	q-value	MS-GF+_2026-09-01T17:45:52_7198454993515115019	NP_214640.1	475	485	-1
FEATURE	4617.62498917344692	822.350654172566919	2.954284e06	1	3.678404	0.882103	0.0	0.0	4614.013100000000122	4621.203000000000429
FEATURE	1783.539566904570165	503.295779600321509	2.953267e06	2	19.115698	0.875869	0.0	0.0	1769.542599999999993	1798.343599999999924
FEATURE	4100.912606020129715	393.163276820162253	2.951796e06	1	27.311544	0.891244	0.0	0.0	4076.272899999999936	4121.842899999999645
FEATURE	3918.115841386110787	480.207760267780998	2.950566e06	1	40.904945	0.832361	0.0	0.0	3902.643700000000081	3949.742999999999938
FEATURE	2647.765835992880511	579.300204319733098	2.948827e06	2	15.209444	0.801641	0.0	0.0	2638.671600000000126	2655.810300000000098
FEATURE	4646.639335951424073	436.197176673917227	2.946549e06	1	9.620839	0.864848	0.0	0.0	4642.342899999999645	4652.134699999999611
FEATURE	4144.642307794735643	351.155290052343673	2.943579e06	1	27.412794	0.889495	0.0	0.0	4126.574899999999616	4165.863099999999577
FEATURE	2934.84436848272253	388.231969433148038	2.943318e06	2	16.160608	0.779922	0.0	0.0	2924.498500000000149	2949.618199999999888
PEPTIDE	2929.869099999999889	388.231414794921989	5.82627118644068e-03	0	SLSDLLK	2	K	G	q-value	MS-GF+_2026-09-01T17:45:52_7198454993515115019	NP_215182.1	400	406	-1
FEATURE	1914.046386134720024	594.962557524048748	2.942764e06	3	12.145031	0.817595	0.0	0.0	1905.820699999999988	1919.442099999999982
PEPTIDE	1922.720499999999902	594.961975097656023	5.82627118644068e-03	0	ALRDGHDAVADEIASSR	3	R	A	q-value	MS-GF+_2026-09-01T17:45:52_7198454993515115019	NP_215649.1	365	381	-1
FEATURE	2357.019515702185345	411.202334231603004	2.938805e06	2	17.214718	0.852185	0.0	0.0	2345.595200000000205	2367.085300000000188
PEPTIDE	2357.045399999999972	411.202789306641023	1.68255748738082e-03	0	MSEWLR	2	R	G	q-value	MS-GF+_2026-09-01T17:45:52_7198454993515115019	NP_216992.1	1447	1452	-1
FEATURE	2822.939053821750349	809.252405043344766	2.937411e06	1	19.053928	0.862641	0.0	0.0	2808.476000000000113	2835.604899999999816
FEATURE	1806.094190611736849	432.707339062357733	2.936171e06	2	14.123314	0.81956	0.0	0.0	1796.231700000000046	1815.904600000000073
PEPTIDE	1798.886400000000094	432.706207275391023	6.1652281134402e-04	0	MMGAEGLR	2	R	A	q-value	MS-GF+_2026-09-01T17:45:52_7198454993515115019	NP_216348.1	752	759	-1
FEATURE	3293.589608158757983	728.228565421044664	2.932736e06	1	21.688829	0.866372	0.0	0.0	3277.43060000000014	3312.760400000000118
FEATURE	4402.583863303042563	480.223000912429029	2.930216e06	1	56.306507	0.868285	0.0	0.0	4362.822900000000118	4433.032799999999952
FEATURE	1753.357989751795458	615.801658828951645	2.928623e06	2	13.737196	0.858489	0.0	0.0	1743.146600000000035	1760.658500000000004
PEPTIDE	1742.584599999999909	615.80517578125	0.0	0	LDVDTNPETAR	2	K	N	q-value	MS-GF+_2026-09-01T17:45:52_7198454993515115019	NP_218431.1	62	72	-1
FEATURE	3176.895895161481803	671.873146482762763	2.928245e06	2	23.155043	0.891387	0.0	0.0	3158.500799999999799	3195.08640000000014
PEPTIDE	3162.955800000000181	671.874877929687955	0.0	0	ITAWGLAGEPSLK	2	R	Q	q-value	MS-GF+_2026-09-01T17:45:52_7198454993515115019	NP_215610.1	257	269	-1
PEPTIDE	3193.247299999999996	671.872680664062045	0.0	0	ITAWGLAGEPSLK	2	R	Q	q-value	MS-GF+_2026-09-01T17:45:52_7198454993515115019	NP_215610.1	257	269	-1
FEATURE	2465.751234954101165	580.302735456282903	2.927306e06	2	16.359751	0.846602	0.0	0.0	2451.077600000000075	2478.755400000000009
PEPTIDE	2460.43119999999999	580.304321289062045	0.0	0	AIDLVDEAASR	2	K	L	q-value	MS-GF+_2026-09-01T17:45:52_7198454993515115019	NP_214898.1	390	400	-1
FEATURE	2958.332306976543805	973.537298907088484	2.9252e06	1	14.743741	0.876227	0.0	0.0	2946.110499999999774	2972.750300000000152
FEATURE	4100.347135760694982	388.207929270439308	2.924913e06	1	25.809193	0.895795	0.0	0.0	4079.122899999999845	4123.754700000000412
FEATURE	4604.838294063993999	419.170697879598265	2.922483e06	1	5.241328	0.878401	0.0	0.0	4600.743000000000393	4609.613199999999779
FEATURE	2890.982160679833669	914.47430974821998	2.912534e06	2	17.936035	0.804314	0.0	0.0	2884.117799999999988	2906.35109999999986
FEATURE	3178.135067879542476	546.311366098965436	2.911903e06	2	15.626939	0.866933	0.0	0.0	3172.789000000000215	3193.946300000000065
FEATURE	2513.452084185199055	783.874795509417822	2.911198e06	2	15.643736	0.835979	0.0	0.0	2505.559000000000196	2524.227600000000166
FEATURE	3490.323334345487183	598.08818523936236	2.909638e06	1	31.764076	0.844414	0.0	0.0	3473.424799999999777	3514.602899999999863
FEATURE	1299.844036397861373	735.807745541792997	2.904951e06	2	14.827145	0.835825	0.0	0.0	1285.04989999999998	1314.738499999999931
PEPTIDE	1293.16599999999994	735.806823730468977	0.0	0	QEIENSDSDYDR	2	R	E	q-value	MS-GF+_2026-09-01T17:45:52_7198454993515115019	NP_214954.1	348	359	-1
FEATURE	3699.289778390636002	365.099781988060556	2.904627e06	1	32.567455	0.896824	0.0	0.0	3679.858200000000124	3715.328100000000177
FEATURE	4631.522150904111186	471.198237102476071	2.902176e06	1	5.689062	0.851852	0.0	0.0	4626.43329999999969	4636.105400000000373
FEATURE	3148.547411563854439	631.819855984342098	2.90014e06	2	15.71381	0.88017	0.0	0.0	3136.522100000000137	3164.436499999999796
FEATURE	2796.821487070816147	751.403893700048457	2.899431e06	2	12.228818	0.846708	0.0	0.0	2788.407999999999902	2809.683599999999842
PEPTIDE	2792.567599999999857	751.407470703125	0.0	0	TAGGSLASDAQLAALR	2	K	E	q-value	MS-GF+_2026-09-01T17:45:52_7198454993515115019	NP_216146.1	458	473	-1
FEATURE	1961.81158750785221	540.769492667089139	2.89749e06	2	13.116212	0.865441	0.0	0.0	1958.404299999999921	1972.360500000000002
FEATURE	3267.670189703848791	863.436763383558173	2.896715e06	2	18.75629	0.828248	0.0	0.0	3250.013100000000122	3280.520500000000084
FEATURE	2116.06576771599839	461.243057482800111	2.895516e06	2	18.016607	0.793049	0.0	0.0	2104.869400000000042	2128.422300000000178
PEPTIDE	2114.745399999999791	461.243286132811988	0.0	0	AGGFTLAER	2	R	K	q-value	MS-GF+_2026-09-01T17:45:52_7198454993515115019	NP_215472.1	165	173	-1
FEATURE	2390.714356638922254	448.734990063573491	2.891662e06	2	13.980743	0.852768	0.0	0.0	2379.78229999999985	2405.424399999999878
FEATURE	2584.307469455334285	994.968070576902164	2.891191e06	2	13.719378	0.874233	0.0	0.0	2573.8429000000001	2598.764799999999923
FEATURE	1170.265164128774813	371.101087524758725	2.890981e06	1	28.77998	0.858046	0.0	0.0	1156.90300000000002	1185.872900000000072
FEATURE	4505.281985582051675	485.224561886672234	2.889519e06	1	13.560442	0.866405	0.0	0.0	4496.084799999999632	4516.943000000000211
FEATURE	3933.328806546271608	437.383931934389977	2.889206e06	1	24.178642	0.921278	0.0	0.0	3916.363899999999831	3953.49310000000014
FEATURE	4573.667758715727359	676.028319261761112	2.88722e06	1	15.85203	0.803292	0.0	0.0	4569.693000000000211	4585.733100000000377
FEATURE	2500.273225698772876	597.810401911105373	2.88707e06	2	16.354963	0.868345	0.0	0.0	2485.824200000000019	2517.194100000000162
PEPTIDE	2495.329799999999977	597.810302734375	0.0	0	SLENYIAQTR	2	K	D	q-value	MS-GF+_2026-09-01T17:45:52_7198454993515115019	NP_216496.1	64	73	-1
FEATURE	1506.783029270838597	722.324313902155268	2.879101e06	2	14.584576	0.847196	0.0	0.0	1496.41560000000004	1517.878999999999905
FEATURE	3257.760365040420311	742.900575643081652	2.879094e06	2	15.609844	0.877024	0.0	0.0	3242.054599999999937	3273.465499999999793
PEPTIDE	3251.791999999999916	742.89990234375	0.0	0	SIPENAIAVVGMAGR	2	M	F	q-value	MS-GF+_2026-09-01T17:45:52_7198454993515115019	NP_217451.1	1	15	-1
FEATURE	1678.13336442405739	395.23429693240081	2.876658e06	2	14.422636	0.838723	0.0	0.0	1667.043300000000045	1685.463199999999915
FEATURE	1722.112912318689268	675.328912274073332	2.876658e06	2	15.155193	0.838466	0.0	0.0	1713.959299999999985	1733.674999999999955
PEPTIDE	1715.20939999999996	675.330627441406023	0.0	0	VAGC(Carbamidomethyl)DQAAVYAPK	2	R	S	q-value	MS-GF+_2026-09-01T17:45:52_7198454993515115019	NP_216761.1	327	339	-1
FEATURE	3840.162830356458926	653.282127634509834	2.87559e06	1	20.171379	0.872765	0.0	0.0	3834.694700000000012	3860.804700000000139
FEATURE	4655.18271158735115	436.197153496294845	2.874369e06	1	10.615812	0.882957	0.0	0.0	4650.353000000000066	4666.372999999999593
FEATURE	2886.173275071117132	661.216654689475149	2.871743e06	1	17.47842	0.815362	0.0	0.0	2874.666299999999865	2903.134900000000016
FEATURE	1544.032785183093438	1107.540681723218313	2.870063e06	1	13.256879	0.86262	0.0	0.0	1538.927899999999909	1553.811999999999898
FEATURE	2340.751554259674322	809.399146363297632	2.86886e06	1	19.424076	0.861528	0.0	0.0	2331.183100000000195	2358.159700000000157
FEATURE	3476.596057795078195	569.301055174224416	2.865336e06	2	15.017651	0.882212	0.0	0.0	3465.232899999999972	3488.063000000000102
PEPTIDE	3470.343499999999949	569.300476074218977	0.0	0	SAAYWDILAK	2	R	L	q-value	MS-GF+_2026-09-01T17:45:52_7198454993515115019	NP_218163.1	214	223	-1
FEATURE	3141.74301211582997	617.845635408076419	2.86298e06	2	13.716739	0.849517	0.0	0.0	3131.897100000000137	3155.728599999999915
FEATURE	3244.410880181811081	630.833659203713296	2.859003e06	2	20.050856	0.896944	0.0	0.0	3223.946800000000167	3264.99310000000014
PEPTIDE	3242.635699999999815	630.833618164062045	0.0	0	AAADSAELPLFR	2	K	Y	q-value	MS-GF+_2026-09-01T17:45:52_7198454993515115019	NP_215539.1	119	130	-1
FEATURE	3242.824401704041975	475.16064013352991	2.856599e06	1	24.84202	0.914832	0.0	0.0	3226.18730000000005	3260.855799999999817
FEATURE	2626.745708013499552	849.982468534604436	2.856062e06	2	16.120253	0.830044	0.0	0.0	2615.193400000000111	2641.383100000000013
PEPTIDE	2620.448699999999917	849.984802246093977	0.0	0	ISPHPTIPLAPTVAER	2	K	A	q-value	MS-GF+_2026-09-01T17:45:52_7198454993515115019	NP_216992.1	606	621	-1
FEATURE	2895.045778518714997	644.868480524985444	2.854909e06	2	15.101117	0.849816	0.0	0.0	2881.571399999999812	2909.913399999999911
FEATURE	3204.900372449231782	507.813732809210137	2.854449e06	2	17.011982	0.872897	0.0	0.0	3189.593699999999899	3222.012299999999868
FEATURE	2838.402590483826771	1362.125638377988935	2.849163e06	2	10.959655	0.820478	0.0	0.0	2830.333099999999831	2840.845200000000205
FEATURE	2372.742541811179308	536.791329894852879	2.84489e06	2	16.222919	0.845047	0.0	0.0	2364.574999999999818	2389.896400000000085
FEATURE	1755.389426611054432	523.753878257311158	2.844287e06	2	19.556171	0.843869	0.0	0.0	1740.171700000000101	1773.764799999999923
PEPTIDE	1765.456899999999905	523.756103515625	0.0	0	GNQDTAWVR	2	R	L	q-value	MS-GF+_2026-09-01T17:45:52_7198454993515115019	NP_217787.1	206	214	-1
FEATURE	2517.539228904667652	892.464655606378187	2.842846e06	2	22.927805	0.784385	0.0	0.0	2508.059099999999944	2527.498300000000199
PEPTIDE	2510.601000000000113	892.463928222656023	0.0	0	VVDVSDPGGPVTAAVSTGR	2	R	L	q-value	MS-GF+_2026-09-01T17:45:52_7198454993515115019	NP_215313.1	35	53	-1
FEATURE	3375.728873293838205	1177.623276482964457	2.837272e06	1	14.606974	0.879262	0.0	0.0	3367.905999999999949	3384.233099999999922
FEATURE	3965.925682089768998	455.166747837543767	2.836081e06	1	28.213188	0.903298	0.0	0.0	3946.872699999999895	3990.612799999999879
FEATURE	4080.806587103556922	504.219130588256348	2.834346e06	1	34.229431	0.84709	0.0	0.0	4053.35530000000017	4103.89469999999983
FEATURE	4007.853025565174448	559.252345293509165	2.834266e06	1	20.90546	0.912752	0.0	0.0	3988.724900000000162	4029.472999999999956
FEATURE	4650.095200086218028	431.207160957440578	2.829227e06	1	11.781701	0.821928	0.0	0.0	4637.882999999999811	4661.892899999999827
FEATURE	1575.478995035456364	438.213443296304717	2.827426e06	2	14.663638	0.764519	0.0	0.0	1571.344900000000052	1585.483400000000074
PEPTIDE	1572.895099999999957	438.213592529296989	1.68255748738082e-03	0	MIDHFGR	2	K	D	q-value	MS-GF+_2026-09-01T17:45:52_7198454993515115019	NP_214780.1	894	900	-1
FEATURE	3427.700723268912043	812.16439593048608	2.823598e06	1	23.645979	0.8358	0.0	0.0	3423.944899999999961	3449.809400000000096
FEATURE	3308.541582505057249	442.244285176126994	2.822029e06	1	20.312429	0.888271	0.0	0.0	3295.461800000000039	3325.592299999999796
FEATURE	2802.784307973825435	436.776704569139724	2.81912e06	2	14.905513	0.854911	0.0	0.0	2790.280799999999999	2815.94380000000001
PEPTIDE	2796.390600000000177	436.776489257811988	1.68255748738082e-03	0	TEILGLVK	2	R	A	q-value	MS-GF+_2026-09-01T17:45:52_7198454993515115019	NP_216992.1	822	829	-1
FEATURE	2482.344794702968102	601.830674607372885	2.815526e06	2	20.584049	0.857609	0.0	0.0	2475.764500000000226	2495.873300000000199
PEPTIDE	2481.968800000000101	601.829711914062045	0.0	0	LGPYGVSVPSAR	2	R	R	q-value	MS-GF+_2026-09-01T17:45:52_7198454993515115019	NP_216918.3	63	74	-1
FEATURE	1767.206851775659743	459.76624381110264	2.812586e06	2	16.352373	0.831912	0.0	0.0	1763.241800000000012	1781.925899999999956
PEPTIDE	1761.4378999999999	459.764312744141023	6.1652281134402e-04	0	SALTSVVNK	2	R	Y	q-value	MS-GF+_2026-09-01T17:45:52_7198454993515115019	NP_214519.2	321	329	-1
FEATURE	3061.555138552895642	911.989987708601234	2.812529e06	1	12.651219	0.870424	0.0	0.0	3049.563000000000102	3073.869099999999889
FEATURE	2898.04590665961905	876.403796272759223	2.810728e06	2	14.353579	0.862602	0.0	0.0	2888.241799999999785	2912.643099999999777
PEPTIDE	2892.895500000000084	876.405029296875	0.0	0	YGEYFTGAMGAESIQK	2	R	L	q-value	MS-GF+_2026-09-01T17:45:52_7198454993515115019	NP_215182.1	247	262	-1
FEATURE	3258.460552427774019	669.332835595024335	2.809294e06	2	15.63395	0.871133	0.0	0.0	3246.612999999999829	3274.708200000000034
PEPTIDE	3248.64449999999988	669.332275390625	0.0	0	SLDM(Oxidation)SVAALAGMR	2	R	R	q-value	MS-GF+_2026-09-01T17:45:52_7198454993515115019	NP_217456.1	816	828	-1
FEATURE	1717.247142919215094	446.260759261385033	2.806822e06	1	14.89766	0.752944	0.0	0.0	1715.550500000000056	1729.018900000000031
FEATURE	2478.997311226137299	575.311521241276068	2.805986e06	2	13.846856	0.863516	0.0	0.0	2471.967799999999897	2492.748399999999947
FEATURE	3995.38459279669587	546.292164549530639	2.79952e06	1	23.695538	0.874398	0.0	0.0	3978.354299999999967	4016.262900000000172
FEATURE	4586.093527736114993	850.55578074633263	2.798195e06	1	13.067802	0.871797	0.0	0.0	4577.773199999999633	4598.042999999999665
FEATURE	2107.457491928656964	805.457053415394171	2.795948e06	1	15.125363	0.859566	0.0	0.0	2098.833900000000085	2123.233099999999922
FEATURE	1957.696117493799875	566.767202139775463	2.794694e06	2	15.500076	0.817023	0.0	0.0	1949.635199999999941	1963.273799999999937
FEATURE	2254.833335930399699	733.35087532158866	2.790364e06	2	14.229626	0.836847	0.0	0.0	2248.783199999999852	2266.713000000000193
PEPTIDE	2250.869000000000142	733.350830078125	0.0	0	TLDGDQTAEFGGVR	2	R	L	q-value	MS-GF+_2026-09-01T17:45:52_7198454993515115019	NP_216720.1	59	72	-1
FEATURE	3663.595484178848892	516.314577659026782	2.789743e06	2	15.796188	0.867755	0.0	0.0	3653.873700000000099	3679.014700000000175
FEATURE	2622.74963063227051	722.714741461853237	2.786395e06	3	15.025052	0.829442	0.0	0.0	2615.193400000000111	2635.9695999999999
FEATURE	1524.759958091206499	607.300535724240149	2.786196e06	2	15.436668	0.856774	0.0	0.0	1515.922900000000027	1540.712299999999914
PEPTIDE	1513.556499999999915	607.301696777343977	0.0	0	VAHIEYDPNR	2	K	T	q-value	MS-GF+_2026-09-01T17:45:52_7198454993515115019	NP_215218.1	78	87	-1
FEATURE	4392.185333886921399	474.208593114884252	2.784941e06	1	33.118656	0.873737	0.0	0.0	4362.822900000000118	4425.542999999999665
FEATURE	2696.291283737874892	672.336178134844658	2.784266e06	1	19.099365	0.882468	0.0	0.0	2676.872899999999845	2709.653999999999996
FEATURE	4044.273208656468796	548.209110590767182	2.782888e06	1	30.673832	0.883406	0.0	0.0	4024.76299999999992	4076.272899999999936
FEATURE	4099.872243925553448	409.137291654987337	2.782716e06	1	27.483284	0.905887	0.0	0.0	4083.833700000000135	4122.793399999999565
FEATURE	2951.837227274195357	687.333127995972518	2.781459e06	2	16.864569	0.850971	0.0	0.0	2938.134000000000015	2966.258899999999812
FEATURE	2790.081722496277052	704.36779390465108	2.780977e06	2	19.085171	0.813714	0.0	0.0	2778.713900000000194	2804.949500000000171
PEPTIDE	2786.746999999999844	704.367797851562045	6.1652281134402e-04	0	FQPATPTFLNSGK	2	R	K	q-value	MS-GF+_2026-09-01T17:45:52_7198454993515115019	NP_217567.1	135	147	-1
FEATURE	2138.649894300675442	719.38934330322661	2.76995e06	2	16.136229	0.835506	0.0	0.0	2124.822299999999814	2143.116100000000188
PEPTIDE	2134.073499999999967	719.391174316406023	4.3956043956044e-03	0	TGEGVAVVPPEQVR	2	R	T	q-value	MS-GF+_2026-09-01T17:45:52_7198454993515115019	NP_215697.1	1222	1235	-1
FEATURE	1887.828440943382248	650.314203709451704	2.768322e06	1	21.686018	0.875585	0.0	0.0	1877.848799999999983	1907.415199999999913
FEATURE	3118.402731251424029	989.580137674575212	2.767353e06	1	16.925499	0.855532	0.0	0.0	3107.402700000000095	3134.967299999999796
FEATURE	1787.075834760400994	651.382589078447722	2.76693e06	1	17.610987	0.856484	0.0	0.0	1775.407999999999902	1798.343599999999924
FEATURE	1688.175526969588645	481.242144760942779	2.758257e06	2	18.925604	0.79015	0.0	0.0	1675.694099999999935	1703.299400000000105
PEPTIDE	1681.959499999999935	481.240905761718977	0.0	0	VADVMAEAR	2	K	E	q-value	MS-GF+_2026-09-01T17:45:52_7198454993515115019	NP_217786.1	64	72	-1
FEATURE	2568.593897011228364	474.291566411067663	2.743018e06	1	19.297476	0.849106	0.0	0.0	2563.057999999999993	2580.533100000000104
FEATURE	3604.960203467710471	534.229702289517377	2.738405e06	1	34.293297	0.888575	0.0	0.0	3581.41780000000017	3634.202999999999975
FEATURE	1618.337014290888874	774.435446244466448	2.73372e06	1	19.133966	0.843292	0.0	0.0	1607.749299999999948	1632.735300000000052
FEATURE	1698.354172788425103	457.228359377829293	2.733557e06	3	14.050343	0.781946	0.0	0.0	1691.854900000000043	1711.481999999999971
FEATURE	3899.635238364881843	621.393750142782096	2.730209e06	2	17.027733	0.861667	0.0	0.0	3886.253000000000156	3917.3128999999999
FEATURE	2442.583441077167663	520.302226648607416	2.728684e06	1	8.259685	0.724091	0.0	0.0	2434.248599999999897	2444.563700000000154
FEATURE	4584.399865476580999	423.177012715788521	2.725431e06	1	6.219785	0.882696	0.0	0.0	4578.664700000000266	4590.113400000000183
FEATURE	4629.798000532086917	618.289111612207648	2.725403e06	1	20.793137	0.806969	0.0	0.0	4620.324899999999616	4640.542999999999665
FEATURE	3114.941476114551279	639.38341528204478	2.725366e06	2	17.498425	0.87738	0.0	0.0	3104.324700000000121	3129.295599999999922
PEPTIDE	3106.411000000000058	639.382202148437955	6.1652281134402e-04	0	DGVVLAPALAPVR	2	R	G	q-value	MS-GF+_2026-09-01T17:45:52_7198454993515115019	NP_217447.1	1464	1476	-1
FEATURE	1748.363039994937935	403.711242318729774	2.720761e06	2	17.144093	0.812701	0.0	0.0	1736.994200000000092	1760.658500000000004
PEPTIDE	1737.768800000000056	403.710388183593977	6.27943485086342e-03	0	FNLQER	2	R	V	q-value	MS-GF+_2026-09-01T17:45:52_7198454993515115019	NP_217457.1	317	322	-1
FEATURE	3850.841525398584963	394.207557166783602	2.720174e06	1	21.265539	0.864821	0.0	0.0	3837.772899999999936	3868.604800000000068
FEATURE	4662.454594904605074	833.529240308934163	2.718145e06	1	13.25107	0.864819	0.0	0.0	4658.342999999999847	4672.663400000000365
FEATURE	3029.427497763520933	803.933082171046863	2.715467e06	2	19.362862	0.850573	0.0	0.0	3017.207499999999982	3045.614999999999782
FEATURE	4086.198873554362308	839.46387801849869	2.715067e06	2	38.90987	0.887018	0.0	0.0	4058.309299999999894	4119.962900000000445
PEPTIDE	4089.095699999999852	839.464477539062045	0.0	0	ADVAGPLAVVLDAPDVR	2	R	W	q-value	MS-GF+_2026-09-01T17:45:52_7198454993515115019	NP_217040.1	926	942	-1
PEPTIDE	4057.952400000000125	839.466674804687955	0.0	0	ADVAGPLAVVLDAPDVR	2	R	W	q-value	MS-GF+_2026-09-01T17:45:52_7198454993515115019	NP_217040.1	926	942	-1
FEATURE	4598.193410197271987	1036.716704884350975	2.71235e06	1	4.179462	0.881516	0.0	0.0	4595.3729000000003	4602.525099999999839
FEATURE	2589.185500683593091	781.897745967137439	2.709831e06	2	16.607336	0.819428	0.0	0.0	2581.6878999999999	2602.088799999999992
PEPTIDE	2585.316400000000158	781.895324707031023	0.0	0	NMSASLEVPTATSVR	2	K	A	q-value	MS-GF+_2026-09-01T17:45:52_7198454993515115019	NP_215764.2	116	130	-1
FEATURE	3374.803410466554851	717.468859399453095	2.704973e06	1	18.928192	0.868813	0.0	0.0	3357.832899999999881	3386.504699999999957
FEATURE	2638.093046168366527	662.862606601609627	2.704973e06	2	12.691268	0.868577	0.0	0.0	2624.966600000000199	2648.599900000000162
PEPTIDE	2633.324200000000019	662.861328125	0.0	0	LLYAYGEATVPK	2	K	I	q-value	MS-GF+_2026-09-01T17:45:52_7198454993515115019	NP_217797.1	411	422	-1
FEATURE	2485.129808841420072	642.867667446127143	2.704763e06	2	15.214067	0.861475	0.0	0.0	2473.822999999999865	2494.743399999999838
FEATURE	2458.79962882523796	565.812444743003198	2.704163e06	2	16.088516	0.834569	0.0	0.0	2454.940200000000004	2471.967799999999897
PEPTIDE	2452.182400000000143	565.8095703125	0.0	0	TLNVAQELSR	2	R	C	q-value	MS-GF+_2026-09-01T17:45:52_7198454993515115019	NP_217457.1	47	56	-1
FEATURE	1850.179520639321709	564.324839337239723	2.703086e06	2	11.043774	0.868973	0.0	0.0	1845.419300000000021	1860.665500000000066
PEPTIDE	1844.818199999999933	564.323608398437955	0.0	0	LQEQLAQVAK	2	R	G	q-value	MS-GF+_2026-09-01T17:45:52_7198454993515115019	NP_216694.1	66	75	-1
FEATURE	4651.526323845831939	620.305056116847481	2.701557e06	1	7.612281	0.846163	0.0	0.0	4644.145199999999932	4659.232899999999972
FEATURE	4510.505084832884677	371.181397335292843	2.698809e06	1	11.609426	0.889282	0.0	0.0	4502.483000000000175	4522.32300000000032
FEATURE	2401.269083855449935	779.90511278262511	2.698719e06	2	14.711019	0.850424	0.0	0.0	2389.896400000000085	2415.883899999999812
FEATURE	2366.455963811473794	464.772001284974181	2.692095e06	2	11.730109	0.839114	0.0	0.0	2354.814400000000205	2373.788399999999911
FEATURE	3494.612599737547043	847.917453065207383	2.690926e06	2	15.68677	0.890449	0.0	0.0	3482.415300000000116	3510.430400000000191
PEPTIDE	3485.852499999999964	847.915222167968977	0.0	0	DNTVGTDEALLDIYR	2	K	K	q-value	MS-GF+_2026-09-01T17:45:52_7198454993515115019	NP_215181.1	258	272	-1
FEATURE	2715.969991776996722	780.415084843881232	2.686067e06	2	15.681269	0.856974	0.0	0.0	2709.653999999999996	2728.823100000000068
FEATURE	1425.173710180398075	504.740401365880985	2.684413e06	2	17.825695	0.842685	0.0	0.0	1414.518800000000056	1443.940599999999904
PEPTIDE	1414.196699999999964	504.737487792968977	0.0	0	DYQGQLER	2	R	V	q-value	MS-GF+_2026-09-01T17:45:52_7198454993515115019	NP_215764.2	798	805	-1
PEPTIDE	1444.514200000000074	504.7412109375	6.1652281134402e-04	0	DYQGQLER	2	R	V	q-value	MS-GF+_2026-09-01T17:45:52_7198454993515115019	NP_215764.2	798	805	-1
FEATURE	3215.787280476305114	804.403343118304178	2.683268e06	2	16.766352	0.899666	0.0	0.0	3202.514900000000125	3227.385499999999865
PEPTIDE	3207.25460000000021	804.40478515625	0.0	0	SM(Oxidation)DLQTVTLEDALR	2	R	L	q-value	MS-GF+_2026-09-01T17:45:52_7198454993515115019	NP_218163.1	768	781	-1
FEATURE	1436.858741066549101	541.750060011715277	2.682606e06	2	15.91478	0.862771	0.0	0.0	1432.563100000000077	1452.039299999999912
FEATURE	3291.928808596528143	430.084921277837452	2.675235e06	1	27.774033	0.880564	0.0	0.0	3271.112999999999829	3318.284900000000107
FEATURE	4118.866550238193668	420.234223384678671	2.669889e06	1	24.699839	0.895775	0.0	0.0	4099.852799999999661	4144.972999999999956
FEATURE	4617.234803474058936	381.131418065123341	2.665844e06	1	7.104362	0.897273	0.0	0.0	4613.135000000000218	4622.954800000000432
FEATURE	3095.560978029710441	702.373294673931014	2.664953e06	2	13.776286	0.872396	0.0	0.0	3082.044800000000123	3107.402700000000095
PEPTIDE	3100.019999999999982	702.373474121093977	0.0	0	ESIVTLSEQELR	2	K	D	q-value	MS-GF+_2026-09-01T17:45:52_7198454993515115019	NP_217451.1	34	45	-1
FEATURE	2472.045320181434818	597.831763129837668	2.663378e06	2	15.791949	0.881057	0.0	0.0	2464.818000000000211	2483.504800000000159
FEATURE	2495.358457852679294	1113.522732097621429	2.663334e06	1	15.675383	0.884669	0.0	0.0	2489.811400000000049	2506.378900000000158
FEATURE	4017.508029858625832	684.32393955190139	2.662728e06	1	24.667395	0.872757	0.0	0.0	3997.162899999999809	4043.013300000000072
FEATURE	3757.631370543823323	391.284468001172115	2.661376e06	1	30.463572	0.89741	0.0	0.0	3739.84479999999985	3766.468800000000101
FEATURE	2936.484918110165381	525.792505340962748	2.660937e06	2	13.496307	0.895223	0.0	0.0	2925.384500000000116	2943.283800000000156
FEATURE	2624.25030832027096	927.563863501338574	2.658852e06	1	14.810099	0.84775	0.0	0.0	2614.26339999999982	2637.186099999999897
FEATURE	2734.330304884788802	634.391653908011335	2.658464e06	2	13.121357	0.832468	0.0	0.0	2722.870399999999791	2746.270500000000084
PEPTIDE	2725.44380000000001	634.385314941406023	6.1652281134402e-04	0	LVATAVATGLPVR	2	R	G	q-value	MS-GF+_2026-09-01T17:45:52_7198454993515115019	NP_218342.1	1840	1852	-1
FEATURE	4470.691488961099822	377.253576268950042	2.657058e06	1	21.459248	0.895663	0.0	0.0	4449.742900000000191	4493.314900000000307
FEATURE	2493.751627855480365	460.254189145288876	2.655244e06	1	20.830515	0.865505	0.0	0.0	2480.274899999999889	2510.053800000000138
FEATURE	3164.037441523424604	460.254518980551552	2.654289e06	2	20.380747	0.82453	0.0	0.0	3146.34479999999985	3183.038300000000163
FEATURE	3684.454648676301531	1002.551585728252121	2.653411e06	1	33.518662	0.869695	0.0	0.0	3663.167199999999866	3703.522899999999936
FEATURE	3844.232765407180068	590.868043429732552	2.651618e06	2	19.164579	0.901486	0.0	0.0	3833.742999999999938	3862.010000000000218
FEATURE	2319.972787199239065	751.330999738466858	2.646901e06	1	15.240624	0.879954	0.0	0.0	2315.547399999999925	2332.534500000000207
FEATURE	2266.607029015489843	819.442812195100828	2.646554e06	2	11.055338	0.816398	0.0	0.0	2265.831900000000132	2275.350199999999859
FEATURE	4586.2230743021737	867.582930670897667	2.645788e06	1	13.949144	0.788448	0.0	0.0	4572.324200000000019	4595.3729000000003
FEATURE	1663.408503529482687	556.332493515216697	2.645676e06	2	11.553027	0.880094	0.0	0.0	1655.246799999999894	1670.048800000000028
PEPTIDE	1656.01299999999992	556.332275390625	6.27943485086342e-03	0	LTEAGIPVRR	2	R	V	q-value	MS-GF+_2026-09-01T17:45:52_7198454993515115019	NP_217451.1	722	731	-1
FEATURE	2294.55678532366619	783.437471329592995	2.64289e06	1	19.903322	0.853251	0.0	0.0	2289.994900000000143	2307.168999999999869
FEATURE	1455.825441247012805	558.810887390783819	2.642145e06	2	14.600095	0.85421	0.0	0.0	1440.635800000000018	1469.830799999999954
FEATURE	2218.337988356492133	517.735489574367875	2.638311e06	2	12.438397	0.837045	0.0	0.0	2210.273200000000088	2223.501299999999901
FEATURE	2679.507646091456991	642.361374529882255	2.633253e06	2	15.703692	0.855696	0.0	0.0	2665.127399999999852	2687.7496000000001
FEATURE	4054.990107663841172	491.187522720756931	2.629356e06	1	28.451065	0.883302	0.0	0.0	4035.132900000000063	4080.018300000000181
FEATURE	2389.793907006984227	636.357877966199339	2.629158e06	2	14.341187	0.860621	0.0	0.0	2383.194300000000112	2403.689600000000155
FEATURE	4120.020426365544154	475.160405501452999	2.62184e06	1	25.539869	0.89981	0.0	0.0	4093.284799999999905	4144.972999999999956
FEATURE	1873.502058971341285	528.261323066958653	2.6196e06	2	11.687692	0.888815	0.0	0.0	1873.484500000000025	1884.746200000000044
PEPTIDE	1873.221299999999928	528.260681152343977	6.1652281134402e-04	0	VDGFAGAQYK	2	K	K	q-value	MS-GF+_2026-09-01T17:45:52_7198454993515115019	NP_215764.2	422	431	-1
FEATURE	1294.735227611257187	508.574409526359034	2.618876e06	3	14.977047	0.820959	0.0	0.0	1280.676999999999907	1309.579400000000078
PEPTIDE	1314.037199999999984	508.574584960938012	0.0	0	VGVVDC(Carbamidomethyl)DQHAGGPGR	3	R	V	q-value	MS-GF+_2026-09-01T17:45:52_7198454993515115019	NP_217450.1	550	564	-1
PEPTIDE	1282.942299999999932	508.574493408203011	6.1652281134402e-04	0	VGVVDC(Carbamidomethyl)DQHAGGPGR	3	R	V	q-value	MS-GF+_2026-09-01T17:45:52_7198454993515115019	NP_217450.1	550	564	-1
FEATURE	2373.327156633395589	630.827593620553216	2.616352e06	2	21.944742	0.847178	0.0	0.0	2356.21309999999994	2380.882500000000164
FEATURE	3842.94959740084596	534.230218303204424	2.616107e06	1	31.96176	0.87411	0.0	0.0	3823.282900000000154	3876.034900000000107
FEATURE	3061.971552145320402	762.879364459785961	2.615899e06	2	21.863516	0.83963	0.0	0.0	3046.543099999999868	3073.869099999999889
FEATURE	3030.605550385620973	639.843757869135061	2.610783e06	2	16.602207	0.8379	0.0	0.0	3019.414999999999964	3043.113400000000183
PEPTIDE	3032.434600000000046	639.843383789062045	1.68255748738082e-03	0	IVLPEM(Oxidation)LYER	2	R	V	q-value	MS-GF+_2026-09-01T17:45:52_7198454993515115019	NP_214780.1	110	119	-1
FEATURE	3225.154304236296412	724.373220259615437	2.608482e06	2	15.494519	0.88925	0.0	0.0	3213.059099999999944	3240.473399999999856
PEPTIDE	3215.49539999999979	724.373413085937955	0.0	0	FVLGGPMGDAGLTGR	2	K	K	q-value	MS-GF+_2026-09-01T17:45:52_7198454993515115019	NP_215908.1	250	264	-1
FEATURE	2417.451866784686899	981.443489818950525	2.607619e06	1	17.586857	0.833868	0.0	0.0	2405.424399999999878	2433.186900000000151
FEATURE	4504.013188163961786	518.271336046862075	2.607383e06	1	11.396041	0.892009	0.0	0.0	4494.243099999999686	4514.253099999999904
FEATURE	2979.20250778765876	357.235982339095756	2.607161e06	2	11.762209	0.88713	0.0	0.0	2967.412100000000009	2981.873099999999795
FEATURE	2262.241740112418483	738.890849176447318	2.605985e06	2	13.880307	0.777775	0.0	0.0	2249.979400000000169	2273.296699999999873
FEATURE	1728.672417611750234	762.844245745524631	2.605702e06	2	15.575092	0.854338	0.0	0.0	1719.289199999999937	1743.146600000000035
PEPTIDE	1721.210299999999961	762.843627929687955	0.0	0	SAAAAAGADEWHDPR	2	R	T	q-value	MS-GF+_2026-09-01T17:45:52_7198454993515115019	NP_215590.1	145	159	-1
FEATURE	1679.748823341198886	452.241496994378167	2.603234e06	2	23.079842	0.828129	0.0	0.0	1660.06490000000008	1683.055499999999938
FEATURE	3423.246254369411872	724.433978912477642	2.602778e06	1	18.787703	0.896102	0.0	0.0	3411.054900000000089	3441.5300000000002
FEATURE	1620.771399077714023	476.235731429227428	2.600559e06	2	15.627272	0.815087	0.0	0.0	1607.749299999999948	1637.024599999999964
FEATURE	4217.124733594724603	613.388889768304693	2.599856e06	1	24.147287	0.892716	0.0	0.0	4196.853199999999561	4242.092899999999645
FEATURE	2191.556871040266742	381.218864096786774	2.599177e06	2	11.117494	0.828525	0.0	0.0	2180.904799999999796	2196.031100000000151
FEATURE	2075.455071100573605	782.411337256408615	2.594753e06	2	12.342678	0.856735	0.0	0.0	2072.095100000000002	2085.916099999999915
PEPTIDE	2076.123999999999796	782.411682128906023	0.0	0	ITQIYEGTNQIQR	2	K	V	q-value	MS-GF+_2026-09-01T17:45:52_7198454993515115019	NP_217791.1	367	379	-1
FEATURE	2568.431085218111093	505.259801772656488	2.5945e06	2	16.161819	0.823004	0.0	0.0	2561.33159999999998	2584.744200000000092
PEPTIDE	2574.712199999999939	505.258911132811988	0.0	0	YAGDLAFPR	2	R	F	q-value	MS-GF+_2026-09-01T17:45:52_7198454993515115019	NP_215539.1	414	422	-1
FEATURE	1889.271585847039887	609.784228809936053	2.594466e06	2	12.785728	0.822576	0.0	0.0	1883.293499999999995	1900.553300000000036
FEATURE	4058.507029768461962	476.192048509484891	2.587759e06	1	25.185726	0.896039	0.0	0.0	4036.072799999999916	4083.833700000000135
FEATURE	1416.965175500635496	371.100893674748818	2.583788e06	1	22.330345	0.896508	0.0	0.0	1407.479199999999992	1430.080400000000054
FEATURE	3846.583684109363276	720.347201180446746	2.579433e06	1	20.514999	0.891411	0.0	0.0	3828.192900000000009	3864.823499999999967
FEATURE	2316.620225525393835	484.268034121435846	2.574832e06	4	12.071405	0.744961	0.0	0.0	2307.168999999999869	2324.157999999999902
PEPTIDE	2315.007999999999811	484.269714355468977	6.1652281134402e-04	0	IATEVPTKPVIMHVEGGR	4	R	A	q-value	MS-GF+_2026-09-01T17:45:52_7198454993515115019	NP_217040.1	552	569	-1
FEATURE	4663.424977562417553	485.250471027903927	2.574825e06	1	10.613232	0.847759	0.0	0.0	4656.563000000000102	4674.513100000000122
FEATURE	2870.91971685595081	1084.568714668512712	2.573921e06	2	10.659153	0.87095	0.0	0.0	2866.14260000000013	2881.571399999999812
FEATURE	4539.298535995299062	480.2233771348956	2.570519e06	1	5.63039	0.894345	0.0	0.0	4533.84479999999985	4544.335100000000239
FEATURE	2643.263770837520497	492.761520268053971	2.570493e06	2	13.970304	0.888739	0.0	0.0	2629.218100000000049	2654.994700000000194
PEPTIDE	2635.69360000000006	492.761108398438012	6.1652281134402e-04	0	YFDTVLAR	2	K	V	q-value	MS-GF+_2026-09-01T17:45:52_7198454993515115019	NP_216348.1	383	390	-1
FEATURE	3507.536333462665425	862.432272689249544	2.566859e06	2	15.49244	0.907695	0.0	0.0	3494.01929999999993	3523.779599999999846
PEPTIDE	3498.297900000000027	862.433715820312045	0.0	0	ILAEFPDYLTEEQR	2	R	V	q-value	MS-GF+_2026-09-01T17:45:52_7198454993515115019	NP_214580.1	49	62	-1
FEATURE	1640.519455914908122	638.269632001583432	2.56667e06	2	17.442879	0.820503	0.0	0.0	1627.242899999999963	1648.609699999999975
FEATURE	2670.813717646342866	894.908989508434615	2.566258e06	2	15.353621	0.869238	0.0	0.0	2662.154100000000199	2686.249099999999999
PEPTIDE	2663.529799999999796	894.903625488281023	0.0	0	ANDESMPDEAQLELAR	2	R	T	q-value	MS-GF+_2026-09-01T17:45:52_7198454993515115019	NP_217449.1	1307	1322	-1
FEATURE	3015.78013039964344	738.877237846841467	2.566008e06	2	14.951186	0.87967	0.0	0.0	3005.162699999999859	3027.876999999999953
PEPTIDE	3020.016000000000076	738.875183105468977	0.0	0	GNPLPAEYM(Oxidation)LLDK	2	K	A	q-value	MS-GF+_2026-09-01T17:45:52_7198454993515115019	NP_216424.1	600	612	-1
FEATURE	1915.099872056557388	356.196435926191555	2.565226e06	2	18.63879	0.837155	0.0	0.0	1902.190000000000055	1922.141200000000026
FEATURE	4194.312483234987667	494.165810787669045	2.554368e06	1	23.845945	0.908807	0.0	0.0	4172.353000000000066	4216.76299999999992
FEATURE	3536.295008374741428	623.328313392212749	2.554115e06	2	18.084875	0.906706	0.0	0.0	3523.779599999999846	3553.40119999999979
FEATURE	2808.69110580000779	977.495413183655955	2.550897e06	2	14.347883	0.836381	0.0	0.0	2798.501600000000053	2821.022599999999784
FEATURE	1564.546299959599082	544.29115316332252	2.550013e06	2	11.096374	0.845155	0.0	0.0	1554.836399999999912	1571.344900000000052
FEATURE	2153.342893094650663	384.707417493788398	2.548718e06	2	15.926761	0.801403	0.0	0.0	2143.982399999999871	2168.895100000000184
PEPTIDE	2146.25	384.707702636718977	5.82627118644068e-03	0	SLM(Oxidation)FVR	2	R	N	q-value	MS-GF+_2026-09-01T17:45:52_7198454993515115019	NP_216353.1	333	338	-1
FEATURE	2359.011197521955637	479.924873395428847	2.54801e06	3	13.227786	0.836922	0.0	0.0	2350.344900000000052	2370.427599999999984
PEPTIDE	2352.983200000000124	479.925201416016023	1.68255748738082e-03	0	AAGHNITVPFTPGR	3	K	T	q-value	MS-GF+_2026-09-01T17:45:52_7198454993515115019	NP_216424.1	557	570	-1
FEATURE	2422.372653245874517	990.530438596166164	2.547288e06	1	15.473304	0.848477	0.0	0.0	2412.648799999999937	2433.186900000000151
FEATURE	3112.623811746967931	548.793772386204296	2.545845e06	2	15.185065	0.822989	0.0	0.0	3101.26339999999982	3128.01090000000022
PEPTIDE	3102.795999999999822	548.794677734375	6.1652281134402e-04	0	EYLAQLGFR	2	R	T	q-value	MS-GF+_2026-09-01T17:45:52_7198454993515115019	NP_218376.1	1181	1189	-1
FEATURE	1444.331185561806706	637.34073596160556	2.545147e06	2	14.417959	0.882257	0.0	0.0	1435.343499999999949	1457.706699999999955
PEPTIDE	1437.715999999999895	637.340026855468977	0.0	0	AGAATEVELKER	2	K	K	q-value	MS-GF+_2026-09-01T17:45:52_7198454993515115019	NP_214954.1	378	389	-1
FEATURE	2153.58990188265625	829.478910090822524	2.544964e06	1	13.853926	0.820846	0.0	0.0	2145.676300000000083	2167.146299999999883
FEATURE	4576.206091400235891	518.271824938181112	2.544576e06	1	6.591609	0.849176	0.0	0.0	4570.574800000000323	4583.083599999999933
FEATURE	4119.601809850733844	403.2075283939202	2.544467e06	1	25.118261	0.860423	0.0	0.0	4094.223599999999806	4139.523000000000138
FEATURE	2754.993602431523414	603.799718383054028	2.540499e06	2	18.015594	0.868475	0.0	0.0	2740.048699999999826	2762.594500000000153
PEPTIDE	2745.109100000000126	603.800476074218977	9.25925925925926e-03	0	FVADPFNPGSR	2	R	M	q-value	MS-GF+_2026-09-01T17:45:52_7198454993515115019	NP_216896.3	788	798	-1
FEATURE	2204.876018345121793	931.929531562188686	2.539573e06	2	12.933796	0.839662	0.0	0.0	2202.565900000000056	2217.5945999999999
FEATURE	4201.379479198467379	391.28447506085206	2.534366e06	1	29.990391	0.910598	0.0	0.0	4185.482899999999972	4216.76299999999992
FEATURE	3266.658060395721805	620.886087204687101	2.53405e06	2	15.898272	0.893211	0.0	0.0	3257.346199999999953	3277.43060000000014
PEPTIDE	3255.443000000000211	620.888305664062045	0.0	0	LLVEQASVILR	2	R	R	q-value	MS-GF+_2026-09-01T17:45:52_7198454993515115019	NP_217456.1	2033	2043	-1
FEATURE	2324.402608389409579	384.722098988782989	2.53305e06	2	14.411096	0.835224	0.0	0.0	2317.01110000000017	2338.219099999999798
FEATURE	2780.575710221097324	1109.030598450478465	2.532661e06	2	12.943794	0.803825	0.0	0.0	2774.235900000000129	2790.280799999999999
FEATURE	2233.110229682138197	407.263458441649732	2.531936e06	2	17.261784	0.862353	0.0	0.0	2223.501299999999901	2246.939199999999801
PEPTIDE	2224.577400000000125	407.263702392578011	5.353319057815841e-03	0	LVIIAER	2	R	A	q-value	MS-GF+_2026-09-01T17:45:52_7198454993515115019	NP_216441.2	549	555	-1
FEATURE	3283.481178607841684	1060.487857219416128	2.528815e06	2	15.979128	0.874777	0.0	0.0	3273.465499999999793	3300.261599999999817
FEATURE	1564.297371913034567	390.752663994737134	2.528583e06	2	14.468386	0.820903	0.0	0.0	1553.811999999999898	1568.814800000000105
FEATURE	3202.572424154629516	895.449364684345824	2.522741e06	2	14.335114	0.888309	0.0	0.0	3189.593699999999899	3217.067300000000159
FEATURE	3148.663172329822828	591.241930706571338	2.519371e06	1	35.867043	0.870184	0.0	0.0	3138.104899999999816	3168.906599999999799
FEATURE	2047.669437812038723	919.405503561971614	2.515288e06	2	17.22555	0.81738	0.0	0.0	2035.606500000000096	2059.608499999999822
PEPTIDE	2042.255000000000109	919.406677246093977	0.0	0	DNYPDGNM(Oxidation)VVVSPDSGR	2	R	V	q-value	MS-GF+_2026-09-01T17:45:52_7198454993515115019	NP_215533.1	164	180	-1
FEATURE	2237.153496044444637	880.955429106214751	2.515188e06	2	13.994485	0.848485	0.0	0.0	2226.497699999999895	2251.169300000000021
PEPTIDE	2231.777000000000044	880.953186035156023	0.0	0	TLSGDLTTNPTAATGNVK	2	K	L	q-value	MS-GF+_2026-09-01T17:45:52_7198454993515115019	NP_215927.1	74	91	-1
FEATURE	3556.059576100924915	663.331188462707019	2.514857e06	2	16.136808	0.86734	0.0	0.0	3543.628099999999904	3572.377399999999852
PEPTIDE	3548.390899999999874	663.330078125	0.0	0	FVQDFVAAWDK	2	K	V	q-value	MS-GF+_2026-09-01T17:45:52_7198454993515115019	NP_216424.1	719	729	-1
FEATURE	2367.526397921815715	643.29877208535936	2.513558e06	2	13.1043	0.877579	0.0	0.0	2359.884900000000016	2380.882500000000164
FEATURE	4598.788889229355846	634.470255818138185	2.505018e06	1	8.16929	0.869657	0.0	0.0	4594.494800000000396	4606.96309999999994
FEATURE	4183.815200844966057	822.942025150442419	2.504134e06	2	16.434574	0.894277	0.0	0.0	4170.49539999999979	4200.674699999999575
PEPTIDE	4172.878999999999905	822.94091796875	0.0	0	DAQTPTLLFPFAAPR	2	K	V	q-value	MS-GF+_2026-09-01T17:45:52_7198454993515115019	NP_217040.1	2209	2223	-1
FEATURE	4598.281738465226226	522.343875114047364	2.500601e06	1	8.599745	0.871265	0.0	0.0	4594.494800000000396	4603.433100000000195
FEATURE	1927.480106623607526	947.505592249183337	2.499792e06	1	10.991824	0.881158	0.0	0.0	1921.00870000000009	1938.587299999999914
FEATURE	4604.327573587906045	590.293619996164807	2.495621e06	1	7.084552	0.872049	0.0	0.0	4599.844900000000052	4611.373400000000402
FEATURE	2122.093841180471827	513.764686084258301	2.495611e06	2	10.8921	0.796006	0.0	0.0	2116.139799999999923	2129.71369999999979
FEATURE	3136.773740510513108	505.302754275284315	2.492908e06	2	16.367428	0.891561	0.0	0.0	3122.427200000000084	3153.487099999999828
FEATURE	1992.668089259190083	633.838792675276523	2.490117e06	2	13.14203	0.857886	0.0	0.0	1988.380200000000059	2001.823100000000068
FEATURE	4652.16190195544732	776.575780896494052	2.488471e06	1	15.67835	0.850165	0.0	0.0	4647.682999999999993	4664.572900000000118
FEATURE	2410.795974796270002	665.358982779235248	2.487326e06	2	15.606629	0.86524	0.0	0.0	2401.964300000000094	2424.71369999999979
PEPTIDE	2409.753700000000208	665.360229492187955	0.0	0	LAAQVGAYHLMR	2	R	T	q-value	MS-GF+_2026-09-01T17:45:52_7198454993515115019	NP_217296.1	139	150	-1
FEATURE	2051.149598739667908	529.626800728338822	2.485924e06	3	14.521265	0.763807	0.0	0.0	2039.616199999999935	2052.413100000000213
FEATURE	1874.094229231936879	557.376798189964234	2.482732e06	1	15.474266	0.878493	0.0	0.0	1865.305900000000065	1883.293499999999995
FEATURE	2813.969235238232159	656.86720110447061	2.481855e06	2	12.671942	0.863017	0.0	0.0	2804.949500000000171	2823.969099999999799
PEPTIDE	2806.224600000000009	656.869384765625	0.0	0	VQAAIINDLAER	2	K	Y	q-value	MS-GF+_2026-09-01T17:45:52_7198454993515115019	NP_215182.1	691	702	-1
FEATURE	2120.424851119891173	526.271490769949537	2.478453e06	2	10.580127	0.839688	0.0	0.0	2113.992999999999938	2128.422300000000178
PEPTIDE	2111.735999999999876	526.271179199218977	0.0	0	LMAQAFGASR	2	K	F	q-value	MS-GF+_2026-09-01T17:45:52_7198454993515115019	NP_216774.1	187	196	-1
FEATURE	1736.331003114944451	524.757987798366116	2.476476e06	2	22.877947	0.82974	0.0	0.0	1717.800799999999981	1755.400499999999965
FEATURE	2928.804121373982525	485.800804774573862	2.476237e06	2	12.434342	0.825167	0.0	0.0	2915.883600000000115	2941.444300000000112
PEPTIDE	2920.957499999999982	485.800415039061988	0.0	0	LGLGDAALIK	2	R	D	q-value	MS-GF+_2026-09-01T17:45:52_7198454993515115019	NP_216112.1	162	171	-1
FEATURE	1886.885596352536823	536.165176743065899	2.473882e06	1	17.802567	0.870241	0.0	0.0	1880.429000000000087	1895.844900000000052
FEATURE	3206.684872541615278	587.210874709720201	2.471509e06	1	28.600733	0.878334	0.0	0.0	3191.731800000000021	3229.284099999999853
FEATURE	1755.479252727222502	586.28266987576967	2.469978e06	2	11.907514	0.764445	0.0	0.0	1751.161299999999983	1767.313699999999926
PEPTIDE	1748.738599999999906	586.283813476562045	0.0	0	LDQDVPDDVR	2	R	T	q-value	MS-GF+_2026-09-01T17:45:52_7198454993515115019	YP_177916.1	500	509	-1
FEATURE	1571.476457696406214	476.249148124789372	2.46943e06	2	11.967425	0.823248	0.0	0.0	1561.400399999999991	1581.993199999999888
FEATURE	2640.928547320902453	658.367439294793599	2.468689e06	2	12.942323	0.850557	0.0	0.0	2632.471500000000106	2653.956299999999828
FEATURE	3850.448916394124353	359.170337503009932	2.468552e06	1	21.932667	0.900577	0.0	0.0	3836.815200000000004	3873.273000000000138
FEATURE	3228.804830024084367	588.788602622163239	2.462647e06	2	14.843444	0.874274	0.0	0.0	3217.067300000000159	3242.054599999999937
PEPTIDE	3226.768999999999778	588.788513183593977	0.0	0	TWELGEGWAK	2	K	H	q-value	MS-GF+_2026-09-01T17:45:52_7198454993515115019	NP_217040.1	1884	1893	-1
FEATURE	2605.416576545275802	624.319796452184391	2.462091e06	2	15.149517	0.841798	0.0	0.0	2593.451900000000023	2617.267699999999877
PEPTIDE	2594.847400000000107	624.320678710937955	0.0	0	LDGSVLLAGC(Carbamidomethyl)DK	2	R	S	q-value	MS-GF+_2026-09-01T17:45:52_7198454993515115019	NP_214703.1	127	138	-1
FEATURE	4229.074836691188466	843.510361074575599	2.45708e06	1	18.023979	0.898429	0.0	0.0	4211.112900000000081	4247.702900000000227
FEATURE	2345.047343799300052	988.55076984848165	2.456054e06	1	15.78851	0.840124	0.0	0.0	2331.183100000000195	2350.344900000000052
FEATURE	2969.213275318501019	799.919282377598961	2.452767e06	2	15.70006	0.872436	0.0	0.0	2957.197900000000118	2985.202699999999822
PEPTIDE	2961.920200000000023	799.917785644531023	0.0	0	LVDQALVDLDGTPDK	2	R	S	q-value	MS-GF+_2026-09-01T17:45:52_7198454993515115019	NP_215539.1	87	101	-1
FEATURE	2657.979371988128605	792.450069234975786	2.451463e06	2	14.865253	0.815576	0.0	0.0	2651.540700000000015	2671.328700000000026
FEATURE	1785.89628295644161	379.714993957055413	2.451366e06	2	25.344221	0.749567	0.0	0.0	1769.542599999999993	1800.531099999999924
FEATURE	2903.291069193403928	598.309541518664219	2.446376e06	2	13.977776	0.891962	0.0	0.0	2895.193400000000111	2915.883600000000115
FEATURE	1954.570300039602444	725.334637528384747	2.446338e06	2	14.756247	0.820211	0.0	0.0	1946.529700000000048	1966.501400000000103
FEATURE	1392.340968896923641	435.212067102326841	2.446176e06	3	9.978747	0.8058	0.0	0.0	1383.208599999999933	1401.617199999999912
FEATURE	4108.460993738372054	611.255860618568931	2.44534e06	1	28.68737	0.87516	0.0	0.0	4082.882799999999861	4133.092999999999847
FEATURE	2674.134969213150725	606.279025149687755	2.44414e06	2	16.668785	0.890127	0.0	0.0	2669.538100000000213	2686.249099999999999
FEATURE	4611.347187265868342	508.287538840032767	2.442893e06	1	5.280976	0.905417	0.0	0.0	4606.96309999999994	4616.832999999999629
FEATURE	3009.053252530465215	639.844195997767201	2.442623e06	2	15.69285	0.89514	0.0	0.0	2999.084400000000187	3017.207499999999982
PEPTIDE	3000.518599999999879	639.844421386718977	0.0	0	IVLPEM(Oxidation)LYER	2	R	V	q-value	MS-GF+_2026-09-01T17:45:52_7198454993515115019	NP_214780.1	110	119	-1
FEATURE	3553.873477234754773	714.872809875066764	2.441887e06	2	17.185463	0.904295	0.0	0.0	3540.495499999999993	3570.491899999999987
PEPTIDE	3544.248300000000199	714.873413085937955	0.0	0	ITAVMPFYPYAR	2	R	Q	q-value	MS-GF+_2026-09-01T17:45:52_7198454993515115019	NP_215533.1	92	103	-1
FEATURE	2878.404041816916561	1030.031965745376738	2.44186e06	2	16.208136	0.807077	0.0	0.0	2872.078199999999924	2888.241799999999785
FEATURE	2316.639078883239108	645.355028912337389	2.440101e06	3	14.059919	0.786496	0.0	0.0	2310.904899999999998	2329.145199999999932
FEATURE	2184.514630100775321	399.247657311783144	2.436536e06	2	15.677888	0.863022	0.0	0.0	2173.423899999999776	2196.031100000000151
PEPTIDE	2178.543999999999869	399.248107910156023	1.68255748738082e-03	0	VVLDVPR	2	K	T	q-value	MS-GF+_2026-09-01T17:45:52_7198454993515115019	NP_215697.1	1215	1221	-1
FEATURE	2857.241616947756029	606.714355768408609	2.434356e06	1	8.31251	0.709456	0.0	0.0	2851.396799999999985	2860.205199999999877
FEATURE	1872.135372558613653	537.272205993135117	2.433451e06	2	12.038875	0.853859	0.0	0.0	1864.157300000000078	1880.429000000000087
FEATURE	2667.971948930584404	721.877391424611915	2.432663e06	2	16.364683	0.756143	0.0	0.0	2659.075800000000072	2683.414200000000164
FEATURE	3536.190192758620469	670.35589877977327	2.432188e06	1	19.364601	0.909104	0.0	0.0	3519.813000000000102	3554.580699999999979
FEATURE	2365.257546143378022	671.367461923353744	2.429634e06	2	14.247944	0.849988	0.0	0.0	2354.814400000000205	2372.073499999999967
FEATURE	1505.642438321221334	544.941065151715861	2.427083e06	3	12.214818	0.856046	0.0	0.0	1496.41560000000004	1517.093000000000075
PEPTIDE	1499.095499999999902	544.940795898437955	0.0	0	EVDVAPAASGAPHAAGGR	3	R	L	q-value	MS-GF+_2026-09-01T17:45:52_7198454993515115019	NP_218358.1	162	179	-1
FEATURE	4508.425609190427167	644.088765732200272	2.42613e06	1	12.171828	0.866661	0.0	0.0	4499.710500000000138	4516.042999999999665
FEATURE	2320.102794719661233	644.306050351445833	2.424727e06	3	13.252031	0.817534	0.0	0.0	2312.985400000000027	2334.130599999999959
FEATURE	3567.362680100889975	661.335061137850062	2.422452e06	2	15.206106	0.922096	0.0	0.0	3552.502800000000207	3582.974799999999959
PEPTIDE	3572.930199999999786	661.333679199218977	0.0	0	SLDMSVAALAGMR	2	R	R	q-value	MS-GF+_2026-09-01T17:45:52_7198454993515115019	NP_217456.1	816	828	-1
FEATURE	2478.606375709732674	788.894775000231789	2.421094e06	2	13.781706	0.871924	0.0	0.0	2470.494200000000092	2492.748399999999947
PEPTIDE	2472.789600000000064	788.897888183593977	0.0	0	LDGSTEQSTVGDVLR	2	R	R	q-value	MS-GF+_2026-09-01T17:45:52_7198454993515115019	YP_177782.1	320	334	-1
FEATURE	3142.413944165962221	588.322444544925929	2.419189e06	2	14.751653	0.878076	0.0	0.0	3129.295599999999922	3157.320700000000215
FEATURE	1783.605299354334875	427.758428662549477	2.414427e06	2	21.006277	0.884166	0.0	0.0	1769.542599999999993	1801.920399999999972
PEPTIDE	1774.81919999999991	427.758392333983977	1.68255748738082e-03	0	PIIEQVR	2	M	A	q-value	MS-GF+_2026-09-01T17:45:52_7198454993515115019	NP_215539.1	1	7	-1
FEATURE	1929.02326783393346	903.494432465473665	2.411065e06	1	10.067777	0.865883	0.0	0.0	1922.998199999999997	1936.976100000000088
FEATURE	1941.812608155896214	589.835656101909422	2.409272e06	2	13.482496	0.83043	0.0	0.0	1939.637300000000096	1951.919100000000071
PEPTIDE	1935.344700000000103	589.839172363281023	0.0	0	HLGSVAGVPSVR	2	K	A	q-value	MS-GF+_2026-09-01T17:45:52_7198454993515115019	NP_216143.1	231	242	-1
FEATURE	3056.117580442461986	790.383077057632249	2.405911e06	2	16.498682	0.88287	0.0	0.0	3048.628299999999854	3072.334199999999782
FEATURE	3124.635551500336987	681.859084783910134	2.404202e06	2	16.243097	0.88967	0.0	0.0	3111.97460000000001	3139.320000000000164
FEATURE	2759.752092434687711	639.333905539442981	2.403435e06	3	18.626457	0.789615	0.0	0.0	2744.530099999999948	2772.205599999999777
PEPTIDE	2745.948699999999917	639.335815429687955	0.0	0	LDIVELTPDGHATNPPAR	3	R	Y	q-value	MS-GF+_2026-09-01T17:45:52_7198454993515115019	NP_218163.1	498	515	-1
FEATURE	1249.734701651133491	371.101847023138816	2.402771e06	1	15.293957	0.869824	0.0	0.0	1238.856600000000071	1263.759199999999964
FEATURE	4637.031199217703943	464.22886706793912	2.402672e06	1	6.961165	0.855366	0.0	0.0	4630.814800000000105	4644.145199999999932
FEATURE	2640.98402860238366	483.256609286527805	2.402447e06	2	15.130909	0.895991	0.0	0.0	2630.432499999999891	2655.810300000000098
FEATURE	2370.726035151938049	725.857987928861462	2.399824e06	2	14.0671	0.871212	0.0	0.0	2364.574999999999818	2379.78229999999985
FEATURE	2944.080928228087487	862.429916960046739	2.399257e06	2	14.098179	0.804892	0.0	0.0	2935.133800000000065	2958.084100000000035
FEATURE	2805.193800055547854	771.401224393270354	2.398905e06	2	13.16486	0.884129	0.0	0.0	2796.640499999999975	2815.94380000000001
FEATURE	2196.753941466730339	682.863146036175067	2.396833e06	2	11.677205	0.807661	0.0	0.0	2191.689100000000053	2204.351200000000063
PEPTIDE	2193.958000000000084	682.861999511718977	0.0	0	NQAIVVETTAYR	2	K	S	q-value	MS-GF+_2026-09-01T17:45:52_7198454993515115019	NP_215346.1	89	100	-1
FEATURE	1496.692458346210515	440.90141932745081	2.396677e06	3	14.267801	0.874015	0.0	0.0	1486.335800000000063	1510.139100000000099
PEPTIDE	1487.414199999999937	440.900787353516023	1.68255748738082e-03	0	QNAEHPIEVVGK	3	R	K	q-value	MS-GF+_2026-09-01T17:45:52_7198454993515115019	NP_217517.3	304	315	-1
FEATURE	3215.641063459713223	640.831678527181907	2.394454e06	2	17.936571	0.875174	0.0	0.0	3203.757399999999961	3231.467399999999998
FEATURE	2591.467774929260486	934.464010651323179	2.393125e06	2	13.911819	0.835075	0.0	0.0	2582.373099999999795	2599.653099999999995
FEATURE	4591.609991243583863	436.254672414855747	2.390293e06	1	9.277106	0.887971	0.0	0.0	4589.234699999999975	4597.145099999999729
FEATURE	1515.942270937806825	486.758764817835697	2.384993e06	2	14.810296	0.871277	0.0	0.0	1502.610500000000002	1531.249900000000025
FEATURE	3041.723344485065809	752.361378335157156	2.384451e06	2	15.41542	0.855589	0.0	0.0	3033.098899999999958	3056.169499999999971
PEPTIDE	3034.052000000000135	752.358215332031023	0.0	0	GYISGYFVTDPER	2	K	Q	q-value	MS-GF+_2026-09-01T17:45:52_7198454993515115019	NP_214954.1	195	207	-1
FEATURE	2687.551990212318742	611.825883767886921	2.380584e06	2	14.297603	0.872122	0.0	0.0	2678.370899999999892	2701.825600000000122
PEPTIDE	2680.16379999999981	611.825073242187955	1.68255748738082e-03	0	TLGQISTEFAR	2	R	D	q-value	MS-GF+_2026-09-01T17:45:52_7198454993515115019	NP_216907.1	119	129	-1
FEATURE	3781.209284214723084	453.34387898507407	2.37989e06	2	17.073771	0.907984	0.0	0.0	3766.468800000000101	3789.163300000000163
FEATURE	2285.156277730829061	536.306465203008997	2.374156e06	2	12.859693	0.867774	0.0	0.0	2278.321800000000167	2298.325600000000122
FEATURE	2900.833692842133587	759.373677683293295	2.372351e06	2	15.352635	0.795967	0.0	0.0	2893.509199999999964	2916.715400000000045
FEATURE	3377.142659962911239	731.201871470651554	2.370607e06	1	19.383791	0.865928	0.0	0.0	3374.79280000000017	3392.261300000000119
FEATURE	2494.704102739716291	760.472642162232205	2.360315e06	1	23.815554	0.855396	0.0	0.0	2478.755400000000009	2515.795999999999822
FEATURE	2910.452779762630144	472.271926205974637	2.360296e06	2	14.753631	0.862724	0.0	0.0	2900.473500000000058	2924.498500000000149
PEPTIDE	2904.297999999999774	472.272094726561988	6.1652281134402e-04	0	WAGEVLLR	2	K	E	q-value	MS-GF+_2026-09-01T17:45:52_7198454993515115019	NP_214615.1;NP_217106.1	2287;950	2294;957	-1
FEATURE	4387.752635890476086	434.311413909511771	2.35883e06	1	23.9312	0.899833	0.0	0.0	4369.484800000000178	4412.425500000000284
FEATURE	1233.823132163889113	501.288407477291116	2.353511e06	3	16.923952	0.778209	0.0	0.0	1220.9529	1251.703299999999899
PEPTIDE	1252.458599999999933	501.289611816406023	6.1652281134402e-04	0	AKAPAPAAQAAAAPAPK	3	R	A	q-value	MS-GF+_2026-09-01T17:45:52_7198454993515115019	NP_216731.1	285	301	-1
FEATURE	3333.829536337051195	562.344354200011367	2.352717e06	2	39.203991	0.83666	0.0	0.0	3318.284900000000107	3358.743800000000192
FEATURE	4072.738961820603436	546.230061922003529	2.345623e06	1	26.051048	0.893507	0.0	0.0	4053.35530000000017	4093.284799999999905
FEATURE	3309.24306657369516	913.975882846048421	2.344957e06	2	14.926871	0.862928	0.0	0.0	3295.461800000000039	3324.682999999999993
FEATURE	4145.206210168439611	923.222962269985942	2.339075e06	1	18.34827	0.839319	0.0	0.0	4131.222999999999956	4162.224900000000162
FEATURE	4451.100148017470019	415.209560614210602	2.336029e06	1	29.716164	0.872255	0.0	0.0	4422.722999999999956	4476.835000000000036
FEATURE	1574.475117549229253	523.24481660575168	2.334892e06	1	15.544474	0.80578	0.0	0.0	1562.174299999999903	1581.073399999999992
FEATURE	3624.129444898738257	517.065406404889359	2.334592e06	1	20.446352	0.830289	0.0	0.0	3607.373599999999897	3644.95490000000018
FEATURE	4539.942836112073564	457.182202935605517	2.334405e06	1	13.629386	0.856552	0.0	0.0	4528.544899999999871	4546.92489999999998
FEATURE	3093.654022065014488	974.486240281445134	2.333157e06	2	13.297778	0.888275	0.0	0.0	3082.991500000000087	3107.402700000000095
PEPTIDE	3089.011199999999917	974.488525390625	0.0	0	TLEEIQESFNSAAPGNIK	2	R	V	q-value	MS-GF+_2026-09-01T17:45:52_7198454993515115019	NP_216424.1	519	536	-1
FEATURE	3874.785431858035281	391.284590217696177	2.328971e06	1	28.830992	0.863636	0.0	0.0	3862.010000000000218	3892.902900000000045
FEATURE	2994.995074459830903	891.464720094515656	2.325875e06	2	14.494767	0.838061	0.0	0.0	2983.395300000000134	3006.004699999999957
FEATURE	2364.187203995497839	419.774838187224475	2.325869e06	2	23.948801	0.844299	0.0	0.0	2345.595200000000205	2383.194300000000112
FEATURE	4597.436599522278812	502.277305202315915	2.325742e06	1	6.448387	0.924196	0.0	0.0	4590.982899999999972	4598.943100000000413
FEATURE	2202.150539987429511	738.345452020623156	2.324669e06	2	14.49463	0.837163	0.0	0.0	2189.251299999999901	2214.918799999999919
FEATURE	1927.693559518455004	683.34541730743274	2.321755e06	2	10.118246	0.817311	0.0	0.0	1922.998199999999997	1936.126999999999953
FEATURE	4634.489400101977481	606.288507799266995	2.32066e06	1	8.403377	0.831218	0.0	0.0	4628.184900000000198	4643.233000000000175
FEATURE	1711.074957296686307	403.729390554117742	2.31937e06	2	21.480055	0.877695	0.0	0.0	1701.791899999999941	1732.556900000000042
FEATURE	3670.103188959667932	464.224109033056322	2.317612e06	1	25.761395	0.873056	0.0	0.0	3653.873700000000099	3697.273000000000138
FEATURE	1636.812550172222018	536.234667732600087	2.316968e06	2	16.456968	0.810178	0.0	0.0	1628.888899999999921	1645.534900000000107
FEATURE	2106.534542894617061	385.227827379441862	2.315271e06	3	9.213579	0.719409	0.0	0.0	2102.885999999999967	2113.992999999999938
FEATURE	3177.913830426486129	651.263167614516533	2.315045e06	1	37.51495	0.858029	0.0	0.0	3155.728599999999915	3216.505999999999858
FEATURE	4469.00753762752629	460.229156767302413	2.303833e06	1	21.198959	0.890847	0.0	0.0	4446.962999999999738	4485.095000000000255
FEATURE	4024.368001981379621	509.090612425279687	2.301923e06	1	35.73037	0.808296	0.0	0.0	4013.413199999999961	4052.41359999999986
FEATURE	2475.346961427092992	715.884604861011553	2.300465e06	2	13.749449	0.836115	0.0	0.0	2465.893599999999879	2487.145100000000184
FEATURE	4569.625855750719893	571.323791580316311	2.297526e06	1	4.264066	0.85997	0.0	0.0	4567.063000000000102	4574.083700000000135
FEATURE	2806.582000661130678	848.477823222551933	2.294861e06	2	13.784445	0.829504	0.0	0.0	2795.782999999999902	2816.672999999999775
FEATURE	2855.402563865118736	1146.051443454837454	2.294718e06	2	10.654301	0.799147	0.0	0.0	2851.396799999999985	2862.271499999999833
FEATURE	1660.950963836202391	638.269635580586851	2.294266e06	2	13.288278	0.834689	0.0	0.0	1660.06490000000008	1674.227900000000091
FEATURE	2410.240930566080806	387.238687233680821	2.293708e06	2	16.260012	0.894461	0.0	0.0	2396.867799999999988	2422.837100000000191
FEATURE	1380.398557287481935	486.733216305013457	2.290094e06	2	16.796829	0.774032	0.0	0.0	1363.908599999999979	1397.933299999999917
FEATURE	3605.263589812469036	727.897232953013486	2.290003e06	2	21.868187	0.879855	0.0	0.0	3587.933700000000044	3619.763100000000122
FEATURE	3021.812814884842283	937.979211179644381	2.289999e06	2	13.75215	0.883023	0.0	0.0	3012.202999999999975	3035.615400000000136
FEATURE	4516.102330468943364	377.253615451013786	2.286636e06	1	8.474996	0.886001	0.0	0.0	4507.963600000000042	4525.023100000000341
FEATURE	1636.905851334826821	515.587842371985857	2.285362e06	3	10.856034	0.750218	0.0	0.0	1627.242899999999963	1638.080300000000079
PEPTIDE	1633.551899999999932	515.588073730468977	5.82627118644068e-03	0	GSGHQEVATTMATVR	3	K	T	q-value	MS-GF+_2026-09-01T17:45:52_7198454993515115019	NP_216757.3	490	504	-1
FEATURE	2243.695321642055205	900.442502631203411	2.281053e06	2	15.296646	0.824024	0.0	0.0	2232.35590000000002	2254.483200000000124
FEATURE	2981.282228390221917	670.836112348927259	2.274421e06	2	13.5242	0.841476	0.0	0.0	2972.750300000000152	2994.585900000000038
FEATURE	4604.071983932110925	478.207976457457903	2.267319e06	1	6.336326	0.853178	0.0	0.0	4598.943100000000413	4610.494999999999891
FEATURE	3688.384959690571577	542.296814173229905	2.267174e06	1	20.504093	0.905495	0.0	0.0	3676.45490000000018	3705.344900000000052
FEATURE	2263.113327298979584	662.676607860407444	2.264909e06	3	11.100131	0.789018	0.0	0.0	2255.172999999999774	2270.398000000000138
PEPTIDE	2257.357399999999871	662.679504394531023	0.0	0	PQTTDEAASVSTVADIKPR	3	M	S	q-value	MS-GF+_2026-09-01T17:45:52_7198454993515115019	NP_214703.1	1	19	-1
FEATURE	2543.245192468413734	608.637396947585785	2.264663e06	3	13.818972	0.734065	0.0	0.0	2541.05139999999983	2555.900200000000041
FEATURE	2363.597215442233392	618.276570090377845	2.264582e06	1	21.081236	0.871327	0.0	0.0	2352.373300000000199	2373.788399999999911
FEATURE	4649.467841006262461	714.391111035316044	2.263002e06	1	7.006593	0.8885	0.0	0.0	4644.145199999999932	4655.682899999999791
FEATURE	1911.253558229212103	718.364398915023799	2.258334e06	2	12.269054	0.813825	0.0	0.0	1904.234300000000076	1922.998199999999997
PEPTIDE	1906.844499999999925	718.365173339843977	0.0	0	LVNSGTEATMSAVR	2	R	L	q-value	MS-GF+_2026-09-01T17:45:52_7198454993515115019	NP_215038.1	124	137	-1
FEATURE	4496.909480681927562	528.364987365184675	2.257905e06	1	10.310803	0.914584	0.0	0.0	4487.854800000000068	4507.055299999999988
FEATURE	4618.587280481440757	611.28680863513398	2.256794e06	1	4.169875	0.925677	0.0	0.0	4614.88379999999961	4622.954800000000432
FEATURE	1943.573481601413732	393.559508945450318	2.252727e06	3	12.574033	0.872879	0.0	0.0	1933.723799999999983	1956.2179000000001
FEATURE	4382.193430731836997	490.051814041705597	2.250372e06	1	27.901573	0.848345	0.0	0.0	4366.61489999999958	4407.732899999999972
FEATURE	4081.497744741012866	610.322641391371235	2.246598e06	1	25.564558	0.786467	0.0	0.0	4054.516700000000128	4107.592999999999847
FEATURE	4590.898069070022757	355.13917531945475	2.246553e06	1	6.58988	0.90962	0.0	0.0	4588.362900000000082	4595.3729000000003
FEATURE	3055.112078997722165	616.265726558340702	2.244112e06	2	22.962086	0.805443	0.0	0.0	3046.543099999999868	3066.593499999999949
FEATURE	3840.730772768863517	953.492315091140881	2.243038e06	1	31.071188	0.833736	0.0	0.0	3824.222999999999956	3855.854800000000068
FEATURE	3702.142680452333025	655.320540624560636	2.241735e06	2	18.697207	0.876687	0.0	0.0	3691.813000000000102	3718.953100000000177
PEPTIDE	3693.239000000000033	655.319519042968977	0.0	0	FLWPGFGENSR	2	R	V	q-value	MS-GF+_2026-09-01T17:45:52_7198454993515115019	NP_214725.1	509	519	-1
FEATURE	2171.697318422875469	506.25396360547046	2.240771e06	2	15.140644	0.848737	0.0	0.0	2158.210799999999836	2186.239199999999983
FEATURE	2318.812533512482332	726.877664102685003	2.240659e06	2	19.309673	0.807005	0.0	0.0	2312.985400000000027	2332.534500000000207
FEATURE	1927.277956618909457	687.829300230200715	2.238982e06	2	14.501295	0.782651	0.0	0.0	1919.442099999999982	1936.126999999999953
FEATURE	2836.026677104761802	922.399011217638872	2.238641e06	2	9.065386	0.786773	0.0	0.0	2831.244999999999891	2839.062199999999848
FEATURE	4561.483391064044554	576.277759597013755	2.237193e06	1	6.157159	0.859149	0.0	0.0	4557.414700000000266	4567.944900000000416
FEATURE	3877.356837414339225	377.253621530616613	2.236105e06	1	22.780911	0.889731	0.0	0.0	3855.854800000000068	3901.482899999999972
FEATURE	1866.697181562549531	434.780100358690106	2.233915e06	2	22.764055	0.827191	0.0	0.0	1855.527700000000095	1881.113200000000006
FEATURE	3661.217762552025306	492.186822792372652	2.23054e06	1	27.072891	0.868907	0.0	0.0	3644.053699999999935	3680.79300000000012
FEATURE	2885.468349273990953	889.942328195889445	2.228692e06	2	11.438452	0.864513	0.0	0.0	2878.483200000000124	2897.610299999999825
FEATURE	2200.253413955921587	1021.533137899411827	2.227309e06	1	11.428078	0.843188	0.0	0.0	2191.689100000000053	2211.909799999999905
FEATURE	1743.357953085345116	604.800516473421112	2.226663e06	2	15.975448	0.895314	0.0	0.0	1741.594200000000001	1756.242899999999963
FEATURE	2733.918336514612292	868.425613548394267	2.226556e06	2	12.184032	0.841733	0.0	0.0	2724.594399999999951	2744.530099999999948
FEATURE	2946.899304283911079	696.846670340692185	2.226337e06	2	20.279453	0.778438	0.0	0.0	2934.438400000000001	2967.412100000000009
FEATURE	1809.981203815602612	451.248573984293046	2.224619e06	2	9.557306	0.807597	0.0	0.0	1799.933800000000019	1817.745100000000093
PEPTIDE	1815.655199999999923	451.249389648438012	1.21580547112462e-03	0	ILTDHFR	2	R	I	q-value	MS-GF+_2026-09-01T17:45:52_7198454993515115019	NP_217299.1	339	345	-1
FEATURE	2391.848449901586719	557.809116945578126	2.223696e06	2	13.728025	0.849064	0.0	0.0	2383.977899999999863	2405.424399999999878
FEATURE	1866.172995942105672	443.232558537928696	2.223417e06	2	22.653532	0.796862	0.0	0.0	1855.527700000000095	1880.429000000000087
PEPTIDE	1853.150499999999965	443.235290527343977	6.1652281134402e-04	0	TPDIHFR	2	R	Y	q-value	MS-GF+_2026-09-01T17:45:52_7198454993515115019	NP_217451.1	1369	1375	-1
FEATURE	3075.467100557696085	512.286204339267783	2.223095e06	1	27.093124	0.871283	0.0	0.0	3065.070600000000013	3094.444899999999961
FEATURE	4669.35779371886747	571.251344025314324	2.222626e06	1	11.821991	0.856974	0.0	0.0	4659.232899999999972	4675.413099999999758
FEATURE	3528.764575123705527	619.870719362011187	2.218933e06	2	37.269718	0.873971	0.0	0.0	3509.210500000000138	3553.40119999999979
FEATURE	2236.558386783716742	482.58927373632946	2.217752e06	3	10.691484	0.839756	0.0	0.0	2235.919600000000173	2246.939199999999801
FEATURE	2506.413010674511042	516.944401931855623	2.216432e06	3	11.431235	0.788246	0.0	0.0	2504.803399999999783	2515.795999999999822
FEATURE	2247.804403136621204	585.963927127398165	2.213254e06	3	11.197776	0.80118	0.0	0.0	2246.939199999999801	2258.54280000000017
PEPTIDE	2250.56880000000001	585.964111328125	6.1652281134402e-04	0	LVQGGEAPTAASWGAANR	3	R	S	q-value	MS-GF+_2026-09-01T17:45:52_7198454993515115019	NP_216738.1	298	315	-1
FEATURE	2320.361651294093463	859.490095687728399	2.211322e06	1	13.867719	0.85125	0.0	0.0	2312.985400000000027	2334.130599999999959
FEATURE	3264.051657024360793	430.771828783419892	2.21072e06	2	16.381889	0.890145	0.0	0.0	3250.013100000000122	3277.43060000000014
PEPTIDE	3253.557600000000093	430.772003173828011	1.68255748738082e-03	0	QALLFLR	2	R	A	q-value	MS-GF+_2026-09-01T17:45:52_7198454993515115019	NP_216992.1	387	393	-1
FEATURE	3444.660111099978167	538.224848369660208	2.209503e06	1	26.96809	0.858102	0.0	0.0	3437.16190000000006	3471.539400000000114
FEATURE	2505.16460541215929	774.913878767474785	2.208857e06	2	15.590318	0.87328	0.0	0.0	2504.803399999999783	2519.626600000000053
FEATURE	2477.5860277227589	643.34182451526533	2.206441e06	2	13.043884	0.84745	0.0	0.0	2467.268199999999979	2485.824200000000019
PEPTIDE	2469.370800000000145	643.345275878906023	0.0	0	EAVEQLVDVQR	2	R	N	q-value	MS-GF+_2026-09-01T17:45:52_7198454993515115019	NP_216546.1	433	443	-1
FEATURE	2454.085402152971255	499.769660644254486	2.201883e06	2	12.949161	0.85096	0.0	0.0	2443.694899999999961	2467.268199999999979
PEPTIDE	2445.318400000000111	499.770202636718977	6.1652281134402e-04	0	LYYELAAR	2	K	K	q-value	MS-GF+_2026-09-01T17:45:52_7198454993515115019	NP_215764.2	1122	1129	-1
FEATURE	3454.469857097971271	906.500052546849815	2.201488e06	2	16.894365	0.877518	0.0	0.0	3441.5300000000002	3471.539400000000114
FEATURE	1864.19589767868888	589.309758084361306	2.199039e06	2	20.935654	0.794155	0.0	0.0	1856.638999999999896	1877.848799999999983
FEATURE	4585.052671937036394	378.212696770435002	2.198115e06	1	5.711686	0.855701	0.0	0.0	4581.314900000000307	4590.113400000000183
FEATURE	1308.806293787791447	571.261990107076258	2.194767e06	3	10.138157	0.869959	0.0	0.0	1298.479599999999891	1317.741600000000062
FEATURE	1936.782201586253905	473.227489365098108	2.193444e06	4	8.781452	0.793303	0.0	0.0	1933.723799999999983	1944.185600000000022
FEATURE	1479.508927812206821	495.229971055964995	2.191499e06	2	16.829113	0.833524	0.0	0.0	1465.145800000000008	1497.353399999999965
PEPTIDE	1467.99369999999999	495.230590820311988	1.68255748738082e-03	0	NEIDDVER	2	R	G	q-value	MS-GF+_2026-09-01T17:45:52_7198454993515115019	NP_215313.1	86	93	-1
FEATURE	1408.145495964107795	545.298841246449911	2.191065e06	2	12.991216	0.865042	0.0	0.0	1397.933299999999917	1415.86850000000004
PEPTIDE	1399.442600000000084	545.298278808593977	1.68255748738082e-03	0	LKPGIVM(Oxidation)C(Carbamidomethyl)R	2	R	E	q-value	MS-GF+_2026-09-01T17:45:52_7198454993515115019	NP_216392.1	100	108	-1
FEATURE	1665.931145519043867	681.860295788949429	2.191023e06	2	18.292591	0.844589	0.0	0.0	1653.924999999999955	1678.306700000000092
FEATURE	4655.484354341707331	433.243950099365975	2.1906e06	1	8.620967	0.887469	0.0	0.0	4652.134699999999611	4664.572900000000118
FEATURE	1682.238854547469828	544.782956087218963	2.189795e06	2	16.904894	0.796244	0.0	0.0	1670.048800000000028	1688.093200000000024
FEATURE	2575.207361707196014	739.854628066428177	2.189627e06	2	19.070166	0.816069	0.0	0.0	2560.153800000000047	2586.267899999999827
FEATURE	2929.876814571364321	868.125925168016011	2.189347e06	3	13.990917	0.822024	0.0	0.0	2916.715400000000045	2937.264099999999871
FEATURE	1728.967276244453615	604.64600747006898	2.185365e06	3	11.66785	0.831518	0.0	0.0	1719.289199999999937	1740.171700000000101
PEPTIDE	1724.612499999999955	604.645690917968977	6.1652281134402e-04	0	AKIESENPDAVANVQAR	3	R	L	q-value	MS-GF+_2026-09-01T17:45:52_7198454993515115019	NP_216760.1	92	108	-1
FEATURE	3838.91823005353217	627.353145478582519	2.182803e06	1	39.496182	0.900832	0.0	0.0	3813.974700000000212	3848.084699999999884
FEATURE	2866.619506859015473	912.947953664060037	2.181281e06	1	16.394386	0.889743	0.0	0.0	2864.523099999999886	2878.483200000000124
FEATURE	2639.924598149696067	986.973200682734387	2.181231e06	2	11.612419	0.862657	0.0	0.0	2630.432499999999891	2650.453899999999976
PEPTIDE	2636.85129999999981	986.974975585937955	0.0	0	AAVDSGYYPGQFQVGQTGK	2	R	T	q-value	MS-GF+_2026-09-01T17:45:52_7198454993515115019	NP_217544.1	232	250	-1
FEATURE	3370.770906757059493	736.157421393825757	2.17792e06	1	22.308779	0.851824	0.0	0.0	3354.333099999999831	3391.083599999999933
FEATURE	2771.923086518437685	525.231375357249476	2.172526e06	1	10.656994	0.85032	0.0	0.0	2769.253400000000056	2780.63779999999997
FEATURE	2630.506611092927869	975.955522927878405	2.170053e06	2	13.781169	0.818854	0.0	0.0	2621.658600000000206	2643.564699999999903
FEATURE	2757.196100049199686	950.981071577453236	2.167267e06	2	15.771442	0.819432	0.0	0.0	2747.818099999999959	2769.253400000000056
FEATURE	2056.736615618744054	490.73797629415094	2.16436e06	2	13.107933	0.833083	0.0	0.0	2046.77800000000002	2065.466899999999896
PEPTIDE	2049.180699999999888	490.736999511718977	6.1652281134402e-04	0	ADVIDEYR	2	R	L	q-value	MS-GF+_2026-09-01T17:45:52_7198454993515115019	NP_214555.1	223	230	-1
FEATURE	3092.869050374723429	613.846310126286426	2.164237e06	2	22.166161	0.818862	0.0	0.0	3086.958799999999883	3114.951599999999871
FEATURE	3940.986156578225746	416.191916518652988	2.15774e06	1	43.928341	0.895533	0.0	0.0	3922.973399999999856	3968.79359999999997
FEATURE	4283.187724154676289	603.34926383387733	2.157547e06	1	19.081436	0.897697	0.0	0.0	4265.603000000000066	4302.613900000000285
FEATURE	1852.123161174975394	722.979149439176695	2.156575e06	3	10.147799	0.708773	0.0	0.0	1846.6721	1862.44380000000001
FEATURE	2555.815347058935458	509.294919348531778	2.152757e06	2	13.588779	0.856224	0.0	0.0	2545.461299999999937	2567.037800000000061
FEATURE	4498.340831422177871	503.999500789795775	2.143734e06	1	9.662933	0.821217	0.0	0.0	4493.314900000000307	4504.324800000000323
FEATURE	4652.609349133143951	601.261906010929806	2.14365e06	1	9.009059	0.89551	0.0	0.0	4643.233000000000175	4659.232899999999972
FEATURE	1631.661806558972785	714.879760996531331	2.142917e06	2	11.778246	0.810781	0.0	0.0	1621.956400000000031	1642.589999999999918
FEATURE	1907.545261571559195	400.73477893749714	2.142719e06	2	16.676289	0.820918	0.0	0.0	1895.844900000000052	1921.00870000000009
FEATURE	2045.763924006063462	425.742815059119891	2.141428e06	2	13.971175	0.820322	0.0	0.0	2037.241999999999962	2058.552000000000135
FEATURE	1962.480125813858194	506.230162602188045	2.140541e06	2	13.05057	0.842063	0.0	0.0	1950.537900000000036	1975.544000000000096
FEATURE	4668.843223611924259	478.208030282986329	2.140385e06	1	10.925768	0.849911	0.0	0.0	4661.012800000000425	4675.413099999999758
FEATURE	2646.807728461715669	742.864108366758956	2.138973e06	2	15.218324	0.858351	0.0	0.0	2643.564699999999903	2660.177099999999882
PEPTIDE	2641.044699999999921	742.864624023437955	0.0	0	DGNQALIDPMSPAR	2	R	K	q-value	MS-GF+_2026-09-01T17:45:52_7198454993515115019	NP_218227.3	80	93	-1
FEATURE	2494.288003338294402	480.784925094533776	2.13404e06	2	13.974233	0.878879	0.0	0.0	2483.504800000000159	2505.559000000000196
FEATURE	1653.635883180310884	609.322135128363357	2.133641e06	2	12.286564	0.835217	0.0	0.0	1647.814800000000105	1665.633299999999963
PEPTIDE	1652.841899999999896	609.321899414062045	0.0	0	KESVEDAVAAAK	2	R	A	q-value	MS-GF+_2026-09-01T17:45:52_7198454993515115019	NP_217934.1	390	401	-1
FEATURE	4324.913812892188616	463.196601370444967	2.133536e06	1	48.723072	0.899579	0.0	0.0	4296.034700000000157	4350.512800000000425
FEATURE	2975.595742240355321	830.435009739586462	2.132941e06	2	15.240341	0.821879	0.0	0.0	2960.903499999999895	2989.728799999999865
FEATURE	2693.396337202094401	540.296476306319391	2.132691e06	2	15.855402	0.879182	0.0	0.0	2681.660300000000007	2703.709600000000137
PEPTIDE	2684.680699999999888	540.297729492187955	0.0	0	STGAVALFSAR	2	R	A	q-value	MS-GF+_2026-09-01T17:45:52_7198454993515115019	NP_214555.1	310	320	-1
FEATURE	2785.924447766622507	614.820283494100181	2.131843e06	1	15.142855	0.929339	0.0	0.0	2780.63779999999997	2800.426199999999881
FEATURE	3064.400403064192687	710.4191361199737	2.131283e06	1	17.712584	0.852283	0.0	0.0	3049.563000000000102	3082.991500000000087
FEATURE	1945.277345012058959	534.266993374774643	2.127401e06	1	18.807999	0.863565	0.0	0.0	1933.723799999999983	1953.480299999999943
FEATURE	2413.802913523008556	828.855739978578413	2.127345e06	2	16.372709	0.786338	0.0	0.0	2400.366500000000087	2417.308700000000044
PEPTIDE	2408.826000000000022	828.853576660156023	0.0	0	QANEDYTEEFDPAK	2	K	Y	q-value	MS-GF+_2026-09-01T17:45:52_7198454993515115019	NP_216146.1	363	376	-1
FEATURE	4603.143063478917611	662.35612991385733	2.124213e06	1	4.948527	0.829444	0.0	0.0	4598.042999999999665	4607.854900000000271
FEATURE	2633.920300362879061	599.838526557454884	2.122717e06	2	12.424804	0.867919	0.0	0.0	2628.01279999999997	2641.383100000000013
PEPTIDE	2626.165800000000218	599.838073730468977	0.0	0	TELAGLPQEIK	2	R	H	q-value	MS-GF+_2026-09-01T17:45:52_7198454993515115019	NP_216564.2	2035	2045	-1
FEATURE	4620.228042522844589	836.351590198405233	2.122165e06	1	7.116309	0.844334	0.0	0.0	4614.88379999999961	4627.313100000000304
FEATURE	1960.390729986757151	430.716593689440629	2.12122e06	2	16.056738	0.860442	0.0	0.0	1951.919100000000071	1969.085299999999961
FEATURE	2319.70804436616254	965.955248988792164	2.120882e06	2	14.552679	0.798198	0.0	0.0	2310.195600000000013	2332.534500000000207
PEPTIDE	2313.807600000000093	965.959777832031023	0.0	0	IADPAEWQVHDGPENPR	2	R	A	q-value	MS-GF+_2026-09-01T17:45:52_7198454993515115019	NP_217040.1	955	971	-1
FEATURE	2511.622116424535761	658.346794984062626	2.116874e06	2	14.245116	0.877666	0.0	0.0	2503.893399999999929	2520.800799999999981
FEATURE	1669.935128953422009	537.313182356949937	2.116394e06	2	13.126866	0.835261	0.0	0.0	1657.97219999999993	1683.055499999999938
FEATURE	3320.296825746166633	835.458496701236868	2.115486e06	1	16.850641	0.912737	0.0	0.0	3308.683300000000145	3338.143199999999979
FEATURE	1663.035168182487951	596.305468647037287	2.113583e06	2	14.835952	0.838856	0.0	0.0	1652.300099999999929	1671.678000000000111
FEATURE	3542.85364990648759	503.187808078449564	2.110626e06	1	26.116381	0.864814	0.0	0.0	3520.984599999999773	3570.491899999999987
FEATURE	1872.418907700268619	738.367240341698221	2.109754e06	2	15.976023	0.770792	0.0	0.0	1865.305900000000065	1882.17489999999998
PEPTIDE	1874.286499999999933	738.367370605468977	0.0	0	EGRPSTDAILTC(Carbamidomethyl)R	2	R	L	q-value	MS-GF+_2026-09-01T17:45:52_7198454993515115019	NP_217299.1	92	104	-1
FEATURE	1750.075811284744304	422.733411039086491	2.109653e06	2	14.26155	0.812774	0.0	0.0	1741.594200000000001	1757.965099999999893
FEATURE	4635.750354868750947	460.266353783148475	2.10629e06	1	6.162264	0.844356	0.0	0.0	4629.953099999999722	4641.434699999999793
FEATURE	4421.85669923023579	377.253526340602662	2.10618e06	1	29.295296	0.875565	0.0	0.0	4391.493000000000393	4450.672999999999775
FEATURE	2695.72481508635974	876.968719008649941	2.106142e06	2	11.749485	0.845026	0.0	0.0	2686.249099999999999	2707.622299999999996
FEATURE	2121.385137625704374	434.697270316738923	2.103253e06	2	18.350977	0.819904	0.0	0.0	2113.170200000000023	2134.391299999999774
FEATURE	3938.052779811326673	581.098309013675134	2.102254e06	1	35.356129	0.896194	0.0	0.0	3919.172999999999774	3962.184799999999996
FEATURE	3726.663424559506893	538.327421796426393	2.099678e06	2	18.959833	0.864262	0.0	0.0	3716.24310000000014	3738.10570000000007
FEATURE	1721.150666415342585	418.734694218336983	2.09612e06	2	17.980476	0.824851	0.0	0.0	1712.325399999999945	1740.171700000000101
PEPTIDE	1716.140599999999949	418.734985351561988	1.68255748738082e-03	0	GVISYAAR	2	R	D	q-value	MS-GF+_2026-09-01T17:45:52_7198454993515115019	NP_216133.1	351	358	-1
FEATURE	3719.551871515770927	475.16034741616113	2.095749e06	1	24.002188	0.895568	0.0	0.0	3701.686900000000151	3731.443000000000211
FEATURE	2152.47201456951052	659.345682591000013	2.095268e06	2	17.24205	0.833853	0.0	0.0	2145.676300000000083	2161.040399999999863
PEPTIDE	2152.015100000000075	659.347778320312045	0.0	0	ILSC(Carbamidomethyl)AANLAAEGK	2	R	R	q-value	MS-GF+_2026-09-01T17:45:52_7198454993515115019	NP_215611.1	106	118	-1
FEATURE	3684.569511049337507	469.267550347314057	2.094487e06	1	19.193081	0.905899	0.0	0.0	3671.873300000000199	3701.686900000000151
FEATURE	1652.447201880446301	645.311320183924408	2.094266e06	2	14.668822	0.845282	0.0	0.0	1646.889599999999973	1662.744200000000092
PEPTIDE	1649.142599999999902	645.311218261718977	0.0	0	GQGESPC(Carbamidomethyl)ALGSVK	2	K	T	q-value	MS-GF+_2026-09-01T17:45:52_7198454993515115019	NP_217450.1	365	377	-1
FEATURE	2360.376120214130879	716.832980196704398	2.093646e06	2	19.757092	0.837289	0.0	0.0	2353.963000000000193	2372.073499999999967
FEATURE	2634.446303488279682	704.847990908699899	2.090939e06	2	14.288686	0.849703	0.0	0.0	2628.01279999999997	2648.599900000000162
PEPTIDE	2629.818400000000111	704.849426269531023	0.0	0	DHIEAIANWDPK	2	K	A	q-value	MS-GF+_2026-09-01T17:45:52_7198454993515115019	NP_215991.1	58	69	-1
FEATURE	3520.799512037833665	475.19299092285064	2.089785e06	1	28.388878	0.876188	0.0	0.0	3497.71810000000005	3546.862900000000082
FEATURE	3705.887511495889612	874.890123176012025	2.087696e06	2	14.679216	0.889283	0.0	0.0	3694.512900000000172	3720.652900000000045
PEPTIDE	3701.333000000000084	874.890808105468977	0.0	0	SQTVFMGDFPMMTEK	2	K	G	q-value	MS-GF+_2026-09-01T17:45:52_7198454993515115019	NP_215181.1	142	156	-1
FEATURE	3038.457256565661282	592.344564955578221	2.08597e06	2	17.695341	0.829884	0.0	0.0	3020.930100000000039	3047.738199999999779
PEPTIDE	3036.195000000000164	592.344177246093977	0.0	0	NGSGPVGLILTR	2	R	Q	q-value	MS-GF+_2026-09-01T17:45:52_7198454993515115019	NP_215965.1	540	551	-1
FEATURE	4000.112506651347758	633.232262922800032	2.085759e06	1	24.088257	0.90206	0.0	0.0	3984.004800000000159	4024.76299999999992
FEATURE	3636.444589879853083	670.450868820599339	2.083314e06	1	17.390156	0.905916	0.0	0.0	3620.694899999999961	3651.844900000000052
FEATURE	2632.910050252959081	486.772166615200604	2.0804e06	2	12.780952	0.852589	0.0	0.0	2620.797999999999775	2643.012200000000121
PEPTIDE	2622.753400000000056	486.771606445311988	6.77436164669099e-03	0	VIDIDLER	2	K	R	q-value	MS-GF+_2026-09-01T17:45:52_7198454993515115019	NP_216146.1	347	354	-1
FEATURE	3561.439424899933783	659.871094822536406	2.080335e06	2	23.759464	0.84368	0.0	0.0	3542.361899999999878	3582.974799999999959
PEPTIDE	3577.219500000000153	659.875671386718977	1.68255748738082e-03	0	EVALLPFTSSVR	2	R	]	q-value	MS-GF+_2026-09-01T17:45:52_7198454993515115019	YP_177688.1	72	83	-1
FEATURE	4572.381291742743997	537.204858331274863	2.080189e06	1	7.401795	0.870935	0.0	0.0	4567.944900000000416	4576.887399999999616
FEATURE	2210.023497001783198	491.243347964880627	2.077084e06	2	16.896414	0.827711	0.0	0.0	2203.329400000000078	2220.747299999999996
PEPTIDE	2205.919199999999819	491.243713378906023	0.0	0	GFDPVYGAR	2	R	P	q-value	MS-GF+_2026-09-01T17:45:52_7198454993515115019	NP_214898.1	796	804	-1
FEATURE	1962.282201372481723	784.468264954109827	2.076624e06	1	11.024339	0.85235	0.0	0.0	1954.84030000000007	1972.360500000000002
FEATURE	2441.434419341588182	509.227082114055861	2.075851e06	2	12.494798	0.800785	0.0	0.0	2430.673200000000179	2445.557200000000194
PEPTIDE	2433.990699999999833	509.227996826171989	6.1652281134402e-04	0	SNAMEYFR	2	R	Q	q-value	MS-GF+_2026-09-01T17:45:52_7198454993515115019	YP_177855.1	1206	1213	-1
FEATURE	2686.0635873227925	742.91625901378427	2.075287e06	2	14.053412	0.849493	0.0	0.0	2681.660300000000007	2700.314100000000053
FEATURE	2453.263015613561947	870.938951558136523	2.072971e06	2	11.240393	0.808566	0.0	0.0	2451.077600000000075	2464.818000000000211
PEPTIDE	2458.175000000000182	870.9384765625	0.0	0	TFHQGGVGEDITGGLPR	2	R	V	q-value	MS-GF+_2026-09-01T17:45:52_7198454993515115019	NP_215182.1	1013	1029	-1
FEATURE	3292.739569157625738	745.255132702062383	2.072922e06	1	20.927107	0.851123	0.0	0.0	3281.222999999999956	3308.683300000000145
FEATURE	1387.205493431206151	516.790178576395874	2.072222e06	2	14.146536	0.868676	0.0	0.0	1372.69399999999996	1401.617199999999912
FEATURE	2507.560473099523279	1371.733229891915016	2.071553e06	1	11.280014	0.842621	0.0	0.0	2500.853000000000066	2515.795999999999822
FEATURE	2683.230125680985566	917.455874244308916	2.07081e06	2	11.69822	0.834348	0.0	0.0	2674.779700000000048	2693.508400000000165
FEATURE	2634.646575379304977	446.730081042590257	2.068871e06	2	12.593435	0.890207	0.0	0.0	2623.364500000000135	2646.939899999999852
FEATURE	2891.564308994119074	970.011342782504926	2.063429e06	2	17.223644	0.825063	0.0	0.0	2884.117799999999988	2901.738199999999779
PEPTIDE	2887.869599999999991	970.004028320312045	0.0	0	IVTALATAGAIDADGPETPR	2	R	I	q-value	MS-GF+_2026-09-01T17:45:52_7198454993515115019	YP_177885.1	696	715	-1
FEATURE	4624.908678564369438	464.228633428488195	2.062935e06	1	7.15196	0.879191	0.0	0.0	4617.704800000000432	4630.814800000000105
FEATURE	3762.651544433494109	394.207242514589325	2.061037e06	1	25.754314	0.849446	0.0	0.0	3756.894800000000032	3778.934799999999996
FEATURE	1792.105085751300066	523.258572083487252	2.058157e06	2	13.755387	0.871065	0.0	0.0	1790.328500000000076	1805.810699999999997
PEPTIDE	1799.383299999999963	523.257080078125	1.68255748738082e-03	0	C(Carbamidomethyl)AAISVPGDR	2	R	S	q-value	MS-GF+_2026-09-01T17:45:52_7198454993515115019	NP_217457.1	488	497	-1
FEATURE	3765.226725858253758	535.128588139662952	2.057411e06	1	20.846684	0.837937	0.0	0.0	3751.365299999999934	3787.294899999999871
FEATURE	2586.236331369465916	642.862648068573662	2.05683e06	2	14.515994	0.846122	0.0	0.0	2579.82340000000022	2594.345299999999952
PEPTIDE	2590.093499999999949	642.86279296875	6.1652281134402e-04	0	VDASASLIPAVNK	2	R	L	q-value	MS-GF+_2026-09-01T17:45:52_7198454993515115019	NP_217791.1	88	100	-1
FEATURE	1525.396624264002412	394.218696556137616	2.056151e06	2	15.090529	0.819009	0.0	0.0	1514.211499999999887	1538.927899999999909
FEATURE	2928.072245938009473	737.358993702399175	2.053122e06	2	12.72714	0.865595	0.0	0.0	2919.804799999999887	2937.264099999999871
FEATURE	3588.056790291694142	1175.564884693950717	2.05202e06	1	20.851046	0.899854	0.0	0.0	3572.377399999999852	3606.423200000000179
FEATURE	2945.903771900672837	805.382607343076529	2.050915e06	2	20.706392	0.851619	0.0	0.0	2933.163000000000011	2966.258899999999812
PEPTIDE	2948.102300000000014	805.383117675781023	0.0	0	RSPWGEMFASTGQR	2	R	S	q-value	MS-GF+_2026-09-01T17:45:52_7198454993515115019	NP_217456.1	1994	2007	-1
FEATURE	2634.033655893959804	788.902877411229724	2.049471e06	2	14.947814	0.825031	0.0	0.0	2624.966600000000199	2646.939899999999852
FEATURE	2402.539685148549324	485.788015690846123	2.049432e06	2	16.834711	0.823887	0.0	0.0	2390.964300000000094	2418.51319999999987
PEPTIDE	2397.475600000000213	485.787811279296989	6.1652281134402e-04	0	AAGADALIIR	2	R	H	q-value	MS-GF+_2026-09-01T17:45:52_7198454993515115019	NP_215896.1	97	106	-1
FEATURE	2890.803265566015398	753.399214377642011	2.049281e06	3	14.318934	0.816943	0.0	0.0	2884.117799999999988	2902.433100000000195
FEATURE	1435.641280914497884	866.424746583566389	2.047628e06	1	14.095962	0.870972	0.0	0.0	1426.74350000000004	1450.451099999999997
FEATURE	4605.011412288911743	436.254763718659433	2.046428e06	1	5.24673	0.900236	0.0	0.0	4600.743000000000393	4608.743000000000393
FEATURE	4423.676974406904265	624.261779823550455	2.04386e06	1	25.611315	0.88753	0.0	0.0	4403.934699999999793	4446.034800000000359
FEATURE	2717.534386709567571	566.286248564654898	2.043437e06	2	12.374378	0.855216	0.0	0.0	2709.653999999999996	2725.744700000000194
PEPTIDE	2709.092299999999796	566.284790039062045	0.0	0	EGLLSDIDNR	2	K	E	q-value	MS-GF+_2026-09-01T17:45:52_7198454993515115019	NP_216815.1	400	409	-1
FEATURE	2985.3629713633145	583.311987588953116	2.042452e06	2	16.815273	0.865567	0.0	0.0	2975.559400000000096	2998.133499999999913
FEATURE	3861.193363385300927	464.224617998135614	2.042126e06	1	26.504572	0.871082	0.0	0.0	3843.362999999999829	3885.322999999999865
FEATURE	2801.09684551902501	729.337568905032526	2.040234e06	2	19.927622	0.806557	0.0	0.0	2790.280799999999999	2808.476000000000113
FEATURE	3808.874975221536261	766.414221647235195	2.037135e06	2	15.104334	0.898728	0.0	0.0	3795.714800000000196	3822.364799999999832
PEPTIDE	3796.266399999999976	766.411315917968977	0.0	0	LGIQAFEPMLVEGK	2	R	A	q-value	MS-GF+_2026-09-01T17:45:52_7198454993515115019	NP_215182.1	506	519	-1
FEATURE	1746.060899803441771	520.276209908898522	2.031407e06	3	12.197336	0.82938	0.0	0.0	1736.994200000000092	1749.579300000000103
FEATURE	3019.979579136340817	757.388892229313001	2.030989e06	2	14.65681	0.859994	0.0	0.0	3010.903200000000197	3033.098899999999958
FEATURE	2401.561249551310539	945.517114227562729	2.029983e06	1	16.206123	0.878807	0.0	0.0	2392.722400000000107	2415.883899999999812
FEATURE	1392.809616395233888	401.563317721616102	2.026265e06	3	12.865179	0.836583	0.0	0.0	1379.944099999999935	1398.835900000000038
PEPTIDE	1382.530199999999923	401.563812255858977	0.0	0	REQPLPHGLR	3	R	A	q-value	MS-GF+_2026-09-01T17:45:52_7198454993515115019	NP_216043.1;NP_217456.1	840;829	849;838	-1
FEATURE	3173.876989072554352	846.901015227616767	2.025694e06	2	16.606012	0.864819	0.0	0.0	3162.04950000000008	3188.426300000000083
FEATURE	2402.137207356762701	790.918567387418079	2.02369e06	2	15.106966	0.86768	0.0	0.0	2392.722400000000107	2412.648799999999937
PEPTIDE	2405.97629999999981	790.919372558593977	0.0	0	QAIEAEETLPQPVR	2	R	D	q-value	MS-GF+_2026-09-01T17:45:52_7198454993515115019	NP_216899.1	266	279	-1
FEATURE	3687.362424923574054	546.339167826461562	2.022084e06	1	19.342011	0.913032	0.0	0.0	3677.230199999999968	3705.344900000000052
FEATURE	4657.371319327818128	378.212728438958436	2.02151e06	1	7.770528	0.907281	0.0	0.0	4653.912900000000263	4662.784800000000359
FEATURE	2041.765326100404082	817.899159133345847	2.020286e06	2	12.273181	0.83136	0.0	0.0	2032.343499999999949	2052.413100000000213
FEATURE	3010.345378209836326	625.813605531061967	2.020013e06	2	14.955938	0.860572	0.0	0.0	3002.709299999999985	3023.178899999999885
FEATURE	1575.116951743763821	523.322985677125757	2.019778e06	2	12.427491	0.702659	0.0	0.0	1570.367199999999912	1588.163999999999987
FEATURE	3977.626668143756433	953.492337943923758	2.01791e06	1	23.572296	0.874143	0.0	0.0	3958.403899999999794	3982.112900000000081
FEATURE	4617.248718116563396	942.542259811214649	2.014235e06	1	8.633998	0.903939	0.0	0.0	4611.373400000000402	4625.565700000000106
FEATURE	3956.246670103590986	643.407323258043562	2.013264e06	2	20.797102	0.897708	0.0	0.0	3937.488400000000183	3971.602800000000116
FEATURE	2770.393148271992686	780.911887973719786	2.012969e06	2	16.244947	0.796599	0.0	0.0	2757.016500000000178	2782.581499999999778
FEATURE	1435.921026472252606	552.23729962180812	2.012944e06	2	13.241291	0.85121	0.0	0.0	1427.912299999999959	1443.940599999999904
FEATURE	3822.542627896005797	719.301743687900512	2.012657e06	1	20.112814	0.894388	0.0	0.0	3803.752899999999954	3843.362999999999829
FEATURE	3662.850302646393175	1103.622478114210708	2.011915e06	1	15.42277	0.802514	0.0	0.0	3655.682999999999993	3670.04300000000012
FEATURE	3013.302576844131181	633.325921737644762	2.008507e06	2	16.722569	0.822469	0.0	0.0	3001.772300000000087	3027.876999999999953
FEATURE	2795.971610963089461	658.371560203685476	2.008277e06	2	14.214965	0.853416	0.0	0.0	2786.038500000000113	2811.045500000000175
PEPTIDE	2792.89449999999988	658.370788574218977	0.0	0	SELEAVAATLRR	2	R	D	q-value	MS-GF+_2026-09-01T17:45:52_7198454993515115019	NP_215649.1	40	51	-1
FEATURE	2244.917720883442144	671.386040544298908	2.006947e06	2	15.321456	0.806093	0.0	0.0	2235.919600000000173	2255.172999999999774
FEATURE	1489.412011619297573	492.242815523055015	2.005713e06	2	14.676977	0.852235	0.0	0.0	1480.38130000000001	1504.457400000000007
PEPTIDE	1480.923800000000028	492.241302490233977	6.1652281134402e-04	0	TADSGYLTR	2	R	R	q-value	MS-GF+_2026-09-01T17:45:52_7198454993515115019	NP_215182.1	866	874	-1
FEATURE	4585.002114382836226	361.186240270368728	2.000923e06	1	5.255243	0.875899	0.0	0.0	4581.314900000000307	4589.234699999999975
FEATURE	3669.426615171473713	822.907406476204756	2.000806e06	2	13.378995	0.871268	0.0	0.0	3659.213000000000193	3683.543299999999817
PEPTIDE	3662.811000000000149	822.907287597656023	0.0	0	MELLSLPQDEWAGR	2	R	L	q-value	MS-GF+_2026-09-01T17:45:52_7198454993515115019	NP_217456.1	2016	2029	-1
FEATURE	1791.590724673863406	593.796224246554857	2.000751e06	2	10.590164	0.838955	0.0	0.0	1783.561999999999898	1798.343599999999924
PEPTIDE	1786.494099999999889	593.796569824218977	0.0	0	YGTATTFAQAR	2	K	R	q-value	MS-GF+_2026-09-01T17:45:52_7198454993515115019	YP_177804.1	705	715	-1
FEATURE	4598.460182111160975	600.468514582254898	1.999513e06	1	8.723052	0.856627	0.0	0.0	4593.613699999999881	4605.194900000000416
FEATURE	2301.17214473555714	590.794590991322593	1.996608e06	2	9.975082	0.758022	0.0	0.0	2296.379899999999907	2311.593800000000101
FEATURE	3193.732568799133333	784.750005985577104	1.996147e06	3	17.672926	0.845473	0.0	0.0	3184.848599999999806	3211.502899999999954
PEPTIDE	3190.501499999999851	784.752990722656023	6.1652281134402e-04	0	LGAEPIGSMGTDTPVAVLSQRPR	3	R	M	q-value	MS-GF+_2026-09-01T17:45:52_7198454993515115019	NP_218376.1	486	508	-1
FEATURE	3080.1578148075846	1013.601396777417676	1.99541e06	1	19.205833	0.870803	0.0	0.0	3067.793900000000122	3099.509100000000217
FEATURE	2788.522477657059881	599.856646204063395	1.989001e06	2	14.02155	0.862391	0.0	0.0	2782.581499999999778	2802.29260000000022
PEPTIDE	2787.041999999999916	599.855773925781023	0.0	0	GTLGLTVAEPIK	2	K	V	q-value	MS-GF+_2026-09-01T17:45:52_7198454993515115019	NP_215233.1	30	41	-1
FEATURE	4592.107222042175636	503.199260588794687	1.986607e06	1	6.36607	0.843165	0.0	0.0	4586.625	4596.253099999999904
FEATURE	2237.904887607647197	743.868904898637652	1.985721e06	2	20.486263	0.818399	0.0	0.0	2232.35590000000002	2246.939199999999801
PEPTIDE	2238.293500000000222	743.864990234375	6.1652281134402e-04	0	ASGPQDYANIPPTR	2	R	F	q-value	MS-GF+_2026-09-01T17:45:52_7198454993515115019	NP_218317.1	1047	1060	-1
FEATURE	4614.632369701957032	621.303499863300431	1.984108e06	1	6.561849	0.816197	0.0	0.0	4610.494999999999891	4621.203000000000429
FEATURE	4075.155206942345103	506.234626836738585	1.983921e06	1	29.847052	0.817051	0.0	0.0	4052.41359999999986	4102.931999999999789
FEATURE	4528.35962032300813	453.321570660024918	1.982067e06	1	7.753762	0.918633	0.0	0.0	4521.422999999999774	4536.494700000000194
FEATURE	3021.622259211722394	785.516178122582801	1.980808e06	1	14.191201	0.873809	0.0	0.0	3010.191200000000208	3035.615400000000136
FEATURE	1522.669460365082841	557.303623093798024	1.974364e06	2	14.53889	0.877094	0.0	0.0	1510.139100000000099	1536.363700000000108
FEATURE	3507.978218626313264	856.349980526638888	1.974198e06	1	18.399315	0.915572	0.0	0.0	3493.193000000000211	3526.682999999999993
FEATURE	3010.062873421364202	838.367638103336844	1.973647e06	2	14.895312	0.836768	0.0	0.0	3001.772300000000087	3020.930100000000039
PEPTIDE	3006.84900000000016	838.367980957031023	0.0	0	AADMWGPSSDPAWER	2	K	N	q-value	MS-GF+_2026-09-01T17:45:52_7198454993515115019	NP_216402.1	215	229	-1
FEATURE	2570.678434939948602	745.868527912608897	1.972226e06	2	13.10365	0.863498	0.0	0.0	2561.33159999999998	2582.373099999999795
PEPTIDE	2571.752199999999903	745.8671875	0.0	0	GVVDAQDMSLNVSR	2	K	E	q-value	MS-GF+_2026-09-01T17:45:52_7198454993515115019	NP_216815.1	339	352	-1
FEATURE	4627.272342468405441	431.207095288940423	1.971834e06	1	7.069044	0.906644	0.0	0.0	4622.954800000000432	4632.563000000000102
FEATURE	2220.755110898066505	695.317895676272087	1.971193e06	2	13.097527	0.834307	0.0	0.0	2213.835599999999886	2230.919600000000173
FEATURE	3437.017851643924587	1168.616300482637598	1.970951e06	1	14.325325	0.847489	0.0	0.0	3429.403400000000147	3449.809400000000096
FEATURE	1654.250443559045152	808.389332117288859	1.968622e06	2	12.673233	0.799667	0.0	0.0	1645.534900000000107	1667.043300000000045
PEPTIDE	1651.425700000000006	808.388671875	0.0	0	IHPNINASYNEDTK	2	K	E	q-value	MS-GF+_2026-09-01T17:45:52_7198454993515115019	NP_216731.1	387	400	-1
FEATURE	3384.876107004027745	813.025356935243849	1.962947e06	1	31.218594	0.849619	0.0	0.0	3375.734100000000126	3402.253099999999904
FEATURE	3771.449694706191167	377.253511164540214	1.961465e06	1	23.533411	0.885331	0.0	0.0	3746.904799999999796	3793.803499999999986
FEATURE	2765.340902288166944	638.848238551967597	1.960909e06	1	17.416515	0.863285	0.0	0.0	2752.716499999999996	2774.235900000000129
FEATURE	1602.856322640733424	431.724172747880687	1.958216e06	2	20.447523	0.825507	0.0	0.0	1599.412299999999959	1621.956400000000031
PEPTIDE	1602.402700000000095	431.724212646483977	6.1652281134402e-04	0	YAEGLPGR	2	K	R	q-value	MS-GF+_2026-09-01T17:45:52_7198454993515115019	YP_177787.3	51	58	-1
FEATURE	3115.345427557582752	897.43898872264765	1.95744e06	2	15.738172	0.874151	0.0	0.0	3104.324700000000121	3131.897100000000137
PEPTIDE	3110.360599999999977	897.437805175781023	0.0	0	GGESGSPSTSLVLDQFGR	2	R	N	q-value	MS-GF+_2026-09-01T17:45:52_7198454993515115019	YP_177995.1	158	175	-1
FEATURE	2541.44454162046668	922.915375059261351	1.956581e06	2	13.966567	0.749691	0.0	0.0	2534.878099999999904	2553.256400000000212
FEATURE	2645.3264079548876	665.374816242507563	1.954763e06	2	14.424049	0.837535	0.0	0.0	2637.186099999999897	2650.453899999999976
FEATURE	1498.998240767600237	494.768821388496463	1.95445e06	2	13.262612	0.848928	0.0	0.0	1487.684899999999971	1511.578400000000102
FEATURE	3571.535081991784409	562.225355752215933	1.952909e06	1	50.161572	0.843201	0.0	0.0	3547.823100000000068	3601.194899999999961
FEATURE	2929.753599998064601	1293.172696110802463	1.952354e06	2	13.830433	0.812286	0.0	0.0	2921.217999999999847	2941.444300000000112
PEPTIDE	2928.008800000000065	1293.177001953119998	0.0	0	AEPAPSPPAAQPAGAAEGAPYVTPLVR	2	K	K	q-value	MS-GF+_2026-09-01T17:45:52_7198454993515115019	NP_216731.1	222	248	-1
FEATURE	2800.065393430146742	518.31780704346761	1.945163e06	1	17.094805	0.848667	0.0	0.0	2795.782999999999902	2811.045500000000175
FEATURE	1835.607297245685459	588.323049834319249	1.944282e06	2	13.109515	0.768971	0.0	0.0	1829.485200000000077	1845.419300000000021
PEPTIDE	1836.886199999999917	588.322387695312045	0.0	0	LTGQLSSVASGR	2	R	V	q-value	MS-GF+_2026-09-01T17:45:52_7198454993515115019	NP_216564.2	2196	2207	-1
FEATURE	3072.789151877126187	638.379430775445258	1.942014e06	1	15.65533	0.893074	0.0	0.0	3065.070600000000013	3089.383800000000065
FEATURE	3279.684428230981666	571.813123612572213	1.941949e06	2	16.007309	0.831833	0.0	0.0	3271.950200000000223	3292.803499999999986
PEPTIDE	3272.515100000000075	571.81298828125	6.1652281134402e-04	0	DGNVDLAALVR	2	R	A	q-value	MS-GF+_2026-09-01T17:45:52_7198454993515115019	NP_218317.1	1100	1110	-1
FEATURE	2967.884631635198275	595.825703354387429	1.936717e06	2	15.517206	0.860411	0.0	0.0	2954.557800000000043	2977.33199999999988
PEPTIDE	2961.652599999999893	595.825622558593977	0.0	0	VLDGAVAVFDGK	2	R	E	q-value	MS-GF+_2026-09-01T17:45:52_7198454993515115019	YP_177746.1	100	111	-1
FEATURE	3235.329274629677457	687.855892459607958	1.936018e06	2	17.14242	0.888995	0.0	0.0	3222.012299999999868	3248.101400000000012
PEPTIDE	3223.601599999999962	687.856994628906023	0.0	0	WLTDALGDAAVSR	2	R	H	q-value	MS-GF+_2026-09-01T17:45:52_7198454993515115019	NP_215461.1	227	239	-1
FEATURE	1681.538055318031411	446.571255066796027	1.935624e06	3	6.532514	0.825296	0.0	0.0	1675.694099999999935	1685.463199999999915
FEATURE	3839.713850530653872	635.271669690803492	1.934952e06	1	20.964527	0.869943	0.0	0.0	3826.313299999999799	3860.804700000000139
FEATURE	2522.795511295921187	629.325673915647371	1.930535e06	2	11.286917	0.856132	0.0	0.0	2517.194100000000162	2530.673200000000179
PEPTIDE	2514.347000000000207	629.327087402343977	0.0	0	NNLEAAEEIVR	2	K	Q	q-value	MS-GF+_2026-09-01T17:45:52_7198454993515115019	NP_216960.1	666	676	-1
FEATURE	2589.376620277952043	875.431814792778823	1.929529e06	2	16.221033	0.74222	0.0	0.0	2582.373099999999795	2597.032600000000002
PEPTIDE	2585.637700000000223	875.427673339843977	0.0	0	VIQGFM(Oxidation)IQGGDPTGTGR	2	R	G	q-value	MS-GF+_2026-09-01T17:45:52_7198454993515115019	NP_214523.1	73	89	-1
FEATURE	3650.305045588591838	704.360622710467851	1.926241e06	2	13.96506	0.870862	0.0	0.0	3639.633100000000013	3662.289099999999962
FEATURE	3073.43505505699477	543.812652630392336	1.924905e06	2	14.514596	0.874628	0.0	0.0	3060.821300000000065	3082.991500000000087
PEPTIDE	3079.630599999999959	543.812683105468977	0.0	0	IADLLTIDGR	2	R	N	q-value	MS-GF+_2026-09-01T17:45:52_7198454993515115019	NP_216441.2	500	509	-1
FEATURE	4613.714416050845102	443.276044024081727	1.924348e06	1	5.2278	0.885887	0.0	0.0	4610.494999999999891	4617.704800000000432
FEATURE	1490.839496885942481	449.569896525499416	1.919434e06	3	19.757994	0.825215	0.0	0.0	1480.38130000000001	1508.322599999999966
PEPTIDE	1487.132399999999961	449.569702148438012	0.0	0	HPVSPWGKPEGR	3	R	T	q-value	MS-GF+_2026-09-01T17:45:52_7198454993515115019	NP_215218.1	244	255	-1
FEATURE	3155.352090336532001	912.480343275048881	1.915759e06	1	17.479486	0.862349	0.0	0.0	3144.502899999999954	3171.260099999999966
FEATURE	2220.130643253125982	473.763944499305922	1.913572e06	2	18.279133	0.78175	0.0	0.0	2208.154300000000148	2232.35590000000002
FEATURE	1210.5021376415541	864.37247750922063	1.913142e06	2	10.767749	0.837946	0.0	0.0	1200.144999999999982	1220.9529
PEPTIDE	1201.895500000000084	864.373718261718977	0.0	0	QEIENSDSDYDREK	2	R	L	q-value	MS-GF+_2026-09-01T17:45:52_7198454993515115019	NP_214954.1	348	361	-1
FEATURE	2338.505133441246926	819.462582193724757	1.912383e06	1	23.716242	0.789605	0.0	0.0	2327.451700000000074	2348.315000000000055
FEATURE	1998.175308572639551	640.360817679513161	1.912261e06	2	14.544029	0.738425	0.0	0.0	1993.108199999999897	2008.354700000000094
PEPTIDE	1995.047900000000027	640.360778808593977	0.0	0	HVQLVAGADTIR	2	R	N	q-value	MS-GF+_2026-09-01T17:45:52_7198454993515115019	NP_216143.1	46	57	-1
FEATURE	1543.17532765743772	674.760305909352155	1.911926e06	2	16.700451	0.867499	0.0	0.0	1530.392700000000104	1550.442000000000007
FEATURE	2798.621074452694302	624.338288522428115	1.911589e06	2	12.548637	0.903165	0.0	0.0	2790.280799999999999	2806.814100000000053
PEPTIDE	2794.864300000000185	624.337829589843977	0.0	0	ILYYTGINYK	2	R	I	q-value	MS-GF+_2026-09-01T17:45:52_7198454993515115019	YP_177746.1	32	41	-1
FEATURE	3462.335434775475278	585.36689705089384	1.910026e06	2	15.44161	0.895515	0.0	0.0	3446.998799999999847	3474.309099999999944
PEPTIDE	3462.65099999999984	585.366577148437955	3.882418191902381e-03	0	TLLLGSPSLLR	2	R	A	q-value	MS-GF+_2026-09-01T17:45:52_7198454993515115019	NP_217787.1	486	496	-1
FEATURE	4642.107446812988201	670.381897777691506	1.909162e06	1	5.565493	0.925466	0.0	0.0	4637.882999999999811	4645.90310000000045
FEATURE	3349.044478698484909	378.047602437035948	1.909092e06	1	27.597601	0.877004	0.0	0.0	3338.143199999999979	3368.437199999999848
FEATURE	2560.489954299792771	495.772253694878714	1.907149e06	2	15.650254	0.845772	0.0	0.0	2553.256400000000212	2572.672500000000127
PEPTIDE	2555.359100000000126	495.771514892578011	6.1652281134402e-04	0	QLFADAGIR	2	R	I	q-value	MS-GF+_2026-09-01T17:45:52_7198454993515115019	NP_217567.1	529	537	-1
FEATURE	2194.382439038014581	461.753599241426628	1.905934e06	2	14.270443	0.825914	0.0	0.0	2185.387099999999919	2206.169899999999871
FEATURE	3003.336546570122209	914.411344898587686	1.902517e06	2	7.482869	0.830739	0.0	0.0	2998.133499999999913	3007.177900000000136
FEATURE	1743.19357484886018	817.404652112512736	1.901391e06	1	17.342592	0.814406	0.0	0.0	1731.702999999999975	1755.400499999999965
FEATURE	1568.102283402825833	529.285277282856555	1.898705e06	2	8.492473	0.832272	0.0	0.0	1564.380499999999984	1573.141599999999926
FEATURE	4671.064483837299122	515.26136128652729	1.897807e06	1	6.642158	0.857959	0.0	0.0	4664.572900000000118	4675.413099999999758
FEATURE	2156.701833878660636	856.441656223992482	1.894723e06	1	23.153957	0.844937	0.0	0.0	2148.593800000000101	2171.428300000000036
FEATURE	2594.66382180655728	612.793658432450911	1.890805e06	2	16.332619	0.848572	0.0	0.0	2583.455899999999929	2599.653099999999995
PEPTIDE	2600.13839999999982	612.793701171875	5.353319057815841e-03	0	SMIPLGSC(Carbamidomethyl)TMK	2	R	L	q-value	MS-GF+_2026-09-01T17:45:52_7198454993515115019	NP_216348.1	488	498	-1
FEATURE	3406.36015369113602	425.301290910161868	1.889861e06	1	17.181345	0.893531	0.0	0.0	3393.193000000000211	3419.20490000000018
FEATURE	4598.009702557750643	602.33440210432866	1.889293e06	1	4.561152	0.914053	0.0	0.0	4594.494800000000396	4602.525099999999839
FEATURE	1574.359384339643157	550.245879119982419	1.887457e06	2	8.286025	0.831725	0.0	0.0	1570.367199999999912	1577.841100000000097
FEATURE	2396.227928029456052	730.878456810627313	1.883501e06	2	18.168406	0.854609	0.0	0.0	2383.977899999999863	2400.366500000000087
FEATURE	3598.203218817798188	528.837845847142262	1.88177e06	2	13.622731	0.874112	0.0	0.0	3590.782999999999902	3609.583000000000084
PEPTIDE	3587.608200000000124	528.837280273437955	1.68255748738082e-03	0	LVDLVTLVGK	2	R	S	q-value	MS-GF+_2026-09-01T17:45:52_7198454993515115019	NP_215952.1	327	336	-1
FEATURE	4523.832004211073581	420.12916038814177	1.880918e06	1	7.622282	0.894269	0.0	0.0	4517.844900000000052	4531.1850000000004
FEATURE	3690.372852356944804	902.520988750619722	1.878813e06	1	15.452002	0.90527	0.0	0.0	3678.083999999999833	3706.252899999999954
FEATURE	2920.411750367959939	836.918355414466078	1.878154e06	2	18.592533	0.835523	0.0	0.0	2906.35109999999986	2934.438400000000001
PEPTIDE	2914.120800000000145	836.916809082031023	0.0	0	IVDGTSWITGADQPGR	2	R	H	q-value	MS-GF+_2026-09-01T17:45:52_7198454993515115019	NP_217361.1	364	379	-1
FEATURE	2900.830707466539934	733.376810485182091	1.877588e06	2	13.672042	0.866064	0.0	0.0	2891.08869999999979	2909.913399999999911
PEPTIDE	2897.322500000000218	733.376281738281023	0.0	0	YLGGEELTVDEIK	2	K	G	q-value	MS-GF+_2026-09-01T17:45:52_7198454993515115019	YP_177746.1	233	245	-1
FEATURE	4211.683196885040161	443.202636232639236	1.877448e06	1	25.132027	0.896254	0.0	0.0	4193.042900000000373	4230.8729000000003
FEATURE	3590.411597428830191	916.479302725151229	1.876573e06	2	14.992938	0.905415	0.0	0.0	3577.556099999999788	3605.488699999999881
PEPTIDE	3578.503400000000056	916.482604980468977	0.0	0	ETVYFPSLSGQTLVYK	2	R	G	q-value	MS-GF+_2026-09-01T17:45:52_7198454993515115019	NP_218376.1	182	197	-1
FEATURE	2540.713774509139512	914.930175227302357	1.87588e06	2	15.173543	0.804721	0.0	0.0	2531.779700000000048	2553.256400000000212
FEATURE	3440.239584745371303	584.811606983265619	1.875676e06	2	15.958662	0.863748	0.0	0.0	3426.55619999999999	3456.584699999999884
FEATURE	1558.335260937896464	508.610501575183093	1.874408e06	3	9.787374	0.76812	0.0	0.0	1548.39689999999996	1566.805000000000064
FEATURE	2446.341007047008134	663.358457333025285	1.873489e06	2	13.378389	0.834974	0.0	0.0	2435.315999999999804	2454.090900000000147
FEATURE	1640.972918341727336	596.305826336308655	1.870611e06	2	10.088818	0.842989	0.0	0.0	1634.60329999999999	1648.609699999999975
PEPTIDE	1634.331300000000056	596.302978515625	0.0	0	TPTVTEQM(Oxidation)LR	2	R	N	q-value	MS-GF+_2026-09-01T17:45:52_7198454993515115019	NP_215314.1	262	271	-1
FEATURE	1811.439171955466463	479.267026941762254	1.870545e06	2	9.844854	0.8269	0.0	0.0	1803.783200000000079	1818.527499999999918
PEPTIDE	1808.417999999999893	479.267395019531023	0.0	0	ISHAFNLR	2	R	G	q-value	MS-GF+_2026-09-01T17:45:52_7198454993515115019	NP_217451.1	166	173	-1
FEATURE	2121.364976923327959	400.753020744141225	1.869957e06	2	13.323646	0.814465	0.0	0.0	2112.018300000000181	2127.339100000000144
PEPTIDE	2109.853000000000066	400.752899169921989	1.21580547112462e-03	0	NLVLVSR	2	R	R	q-value	MS-GF+_2026-09-01T17:45:52_7198454993515115019	NP_216564.2;NP_216564.2	1706;3736	1712;3742	-1
FEATURE	1984.796513257198058	467.261667389109675	1.868163e06	2	10.151497	0.848494	0.0	0.0	1980.722099999999955	1988.380200000000059
FEATURE	1806.973804644620032	536.299202200137984	1.865682e06	2	13.109557	0.85692	0.0	0.0	1800.531099999999924	1815.904600000000073
PEPTIDE	1813.304699999999912	536.30029296875	6.1652281134402e-04	0	DRAEAIAGLR	2	R	A	q-value	MS-GF+_2026-09-01T17:45:52_7198454993515115019	NP_217450.1	532	541	-1
FEATURE	1530.611015022109541	603.965597521519385	1.864523e06	3	11.920063	0.821019	0.0	0.0	1523.492500000000064	1536.363700000000108
PEPTIDE	1526.484899999999925	603.964904785156023	6.1652281134402e-04	0	GTAANQDGHTVNIATPSR	3	R	S	q-value	MS-GF+_2026-09-01T17:45:52_7198454993515115019	NP_216043.1	275	292	-1
FEATURE	2776.914177232010388	829.423761765169957	1.859484e06	2	11.742032	0.839178	0.0	0.0	2768.337300000000141	2787.593199999999797
FEATURE	2552.036205561856605	976.535993619160422	1.856483e06	2	13.772195	0.824918	0.0	0.0	2545.461299999999937	2563.939300000000003
PEPTIDE	2550.302000000000135	976.540222167968977	0.0	0	VVAEGGEPAAGRPVLMGITK	2	R	A	q-value	MS-GF+_2026-09-01T17:45:52_7198454993515115019	NP_215182.1	1192	1211	-1
FEATURE	3212.634612380060844	383.248745554361165	1.856226e06	2	28.928131	0.848823	0.0	0.0	3199.214699999999993	3237.482899999999972
FEATURE	2694.873081513135276	571.809005497845419	1.856199e06	2	15.023536	0.822613	0.0	0.0	2679.3125	2709.653999999999996
FEATURE	2983.555620099116368	717.369030103863565	1.848142e06	1	11.285859	0.821326	0.0	0.0	2972.750300000000152	2985.202699999999822
FEATURE	2892.590233460811305	892.921697421357408	1.846974e06	2	13.608537	0.831725	0.0	0.0	2884.117799999999988	2906.35109999999986
PEPTIDE	2890.751699999999801	892.923706054687955	0.0	0	VADGMVYGEGSSGMGVLR	2	R	G	q-value	MS-GF+_2026-09-01T17:45:52_7198454993515115019	NP_216992.1	243	260	-1
FEATURE	4598.033531491953909	544.459138972057417	1.846828e06	1	9.00604	0.887475	0.0	0.0	4595.3729000000003	4606.96309999999994
FEATURE	2962.567946942274375	518.317657360016028	1.845983e06	1	23.435843	0.854929	0.0	0.0	2955.777799999999843	2983.395300000000134
FEATURE	2164.092112351881951	850.544026470875338	1.844901e06	1	11.741106	0.850895	0.0	0.0	2154.646600000000035	2169.822900000000118
FEATURE	2714.296800740719391	627.828488003987332	1.841706e06	2	17.442892	0.808714	0.0	0.0	2697.664099999999962	2724.594399999999951
FEATURE	3219.734447477125286	783.437641202752843	1.839256e06	2	17.762632	0.870349	0.0	0.0	3205.497600000000148	3235.603900000000067
PEPTIDE	3213.967999999999847	783.43798828125	0.0	0	AGEPPLTGSLLIGGAGR	2	R	V	q-value	MS-GF+_2026-09-01T17:45:52_7198454993515115019	NP_214756.1	38	54	-1
FEATURE	2132.92045089068597	763.472077739561428	1.838959e06	1	13.256764	0.866118	0.0	0.0	2124.026100000000042	2140.833099999999831
FEATURE	1516.109977394467478	568.308393996213681	1.836675e06	2	13.519177	0.874488	0.0	0.0	1504.457400000000007	1521.323399999999992
PEPTIDE	1510.720499999999902	568.30908203125	0.0	0	KYTAPEISAR	2	K	I	q-value	MS-GF+_2026-09-01T17:45:52_7198454993515115019	NP_214864.1	84	93	-1
FEATURE	4006.256476813480276	468.296066095478011	1.835706e06	1	27.011383	0.887589	0.0	0.0	3989.663700000000063	4029.472999999999956
FEATURE	2268.756684127836252	809.370105279693235	1.830205e06	2	8.943354	0.710635	0.0	0.0	2265.831900000000132	2276.407600000000002
FEATURE	2660.291560449028566	423.922917609927708	1.829294e06	3	15.462849	0.713247	0.0	0.0	2658.207699999999932	2671.328700000000026
FEATURE	2386.781021985751067	927.494693129470761	1.829174e06	1	14.815147	0.867085	0.0	0.0	2376.974099999999908	2401.964300000000094
FEATURE	2305.645049160933468	959.008892393737824	1.82725e06	2	12.021025	0.825647	0.0	0.0	2300.277599999999893	2312.29320000000007
PEPTIDE	2304.829000000000178	959.006469726562045	0.0	0	AQGAC(Carbamidomethyl)TITVHPLLGSHVR	2	R	L	q-value	MS-GF+_2026-09-01T17:45:52_7198454993515115019	NP_217456.1	886	903	-1
FEATURE	3688.485469119905702	436.074283771830892	1.827222e06	1	23.554823	0.891358	0.0	0.0	3677.230199999999968	3702.614700000000084
FEATURE	2908.784527647598225	999.513465521379658	1.825461e06	1	17.68087	0.827276	0.0	0.0	2900.473500000000058	2925.384500000000116
FEATURE	2164.947721479195934	394.747331601671704	1.824931e06	2	12.096202	0.795782	0.0	0.0	2156.584499999999935	2168.895100000000184
FEATURE	3815.108107817764903	353.170899311465575	1.82433e06	1	25.899483	0.868582	0.0	0.0	3797.5929000000001	3828.192900000000009
FEATURE	4530.778489517162598	693.398667525507676	1.824299e06	1	3.098218	0.888956	0.0	0.0	4527.672999999999775	4533.84479999999985
FEATURE	3899.519041371141157	612.880619984902751	1.823272e06	2	16.347073	0.869613	0.0	0.0	3885.322999999999865	3915.415199999999913
FEATURE	4366.443496854388286	468.00415633477337	1.821968e06	1	36.862415	0.868414	0.0	0.0	4342.052899999999681	4382.872800000000098
FEATURE	1612.991726625434467	698.36120325527429	1.820325e06	2	14.704777	0.852588	0.0	0.0	1607.749299999999948	1621.4525000000001
FEATURE	3053.378255302914567	917.417474711096816	1.819642e06	1	27.984644	0.816005	0.0	0.0	3048.628299999999854	3075.0949999999998
FEATURE	1884.333991341701221	501.607057028557108	1.816068e06	3	12.954331	0.744252	0.0	0.0	1876.211099999999988	1893.262099999999919
FEATURE	2495.002388759751284	557.264415917637393	1.815977e06	1	16.439514	0.879816	0.0	0.0	2491.037299999999959	2505.559000000000196
FEATURE	2994.894456089318737	882.951596975378607	1.815526e06	2	14.515983	0.847598	0.0	0.0	2983.395300000000134	2999.973899999999958
FEATURE	4303.253440101178057	434.213603254272812	1.814e06	1	29.398396	0.922913	0.0	0.0	4283.702800000000025	4329.854699999999866
FEATURE	2803.69937334482438	872.54808446310949	1.813257e06	1	12.719783	0.875014	0.0	0.0	2795.782999999999902	2814.724900000000162
FEATURE	3086.465569352068997	723.438690823276829	1.811565e06	1	15.867162	0.910972	0.0	0.0	3075.0949999999998	3101.26339999999982
FEATURE	2798.112432008428641	386.275086736773233	1.808655e06	1	12.267269	0.810932	0.0	0.0	2788.407999999999902	2801.343299999999999
FEATURE	4102.700895523224972	353.170843338133864	1.804661e06	1	23.162102	0.865647	0.0	0.0	4097.961800000000039	4123.754700000000412
FEATURE	1869.815353729461322	868.552859960429146	1.8041e06	1	17.477579	0.79462	0.0	0.0	1863.260600000000068	1884.746200000000044
FEATURE	3152.596835401430326	546.639269837917823	1.801946e06	3	18.441551	0.831989	0.0	0.0	3139.320000000000164	3169.794199999999819
FEATURE	3205.90758199066795	887.95318196069104	1.801839e06	2	14.888102	0.820071	0.0	0.0	3195.08640000000014	3220.798800000000028
FEATURE	2795.18234820256248	765.904675586780286	1.800761e06	2	26.08968	0.829183	0.0	0.0	2788.407999999999902	2817.621900000000096
FEATURE	3065.955329937938132	901.455420684282444	1.798953e06	2	14.010854	0.833239	0.0	0.0	3058.892699999999877	3078.741599999999835
FEATURE	3021.602878251607763	817.424756189600657	1.797908e06	2	14.214944	0.80929	0.0	0.0	3007.177900000000136	3035.615400000000136
FEATURE	4668.382731287653769	461.18169490488566	1.7974e06	1	9.983244	0.887644	0.0	0.0	4661.892899999999827	4674.513100000000122
FEATURE	4400.971319382523689	352.162957696832677	1.797372e06	1	28.800121	0.889114	0.0	0.0	4381.942900000000009	4419.012899999999718
FEATURE	4405.244779456437755	476.191792484821804	1.796973e06	1	30.50934	0.896653	0.0	0.0	4374.283099999999649	4428.333499999999731
FEATURE	4603.593258793574023	461.181622202333017	1.796602e06	1	5.501711	0.887458	0.0	0.0	4598.943100000000413	4608.743000000000393
FEATURE	3588.032828472516485	641.883448290006641	1.795821e06	2	35.837154	0.854297	0.0	0.0	3569.295000000000073	3602.153999999999996
FEATURE	2835.152165985087777	1071.469203355804211	1.795639e06	2	11.742579	0.713196	0.0	0.0	2826.734899999999925	2839.062199999999848
FEATURE	4358.878997688846539	450.208435721829801	1.795373e06	1	27.205887	0.870753	0.0	0.0	4342.052899999999681	4386.67489999999998
FEATURE	3245.223000178632901	391.284714096839707	1.795009e06	1	22.807323	0.865661	0.0	0.0	3233.440200000000004	3257.346199999999953
FEATURE	1522.153484750965845	637.296018487472111	1.794146e06	2	13.084542	0.800463	0.0	0.0	1515.922900000000027	1532.759499999999889
FEATURE	1657.521226602290881	792.672804854956212	1.793718e06	3	11.808159	0.799381	0.0	0.0	1650.654800000000023	1665.633299999999963
PEPTIDE	1657.122699999999895	792.675720214843977	0.0	0	NSGAHAVVEGVGDHGC(Carbamidomethyl)EYM(Oxidation)TGGR	3	R	V	q-value	MS-GF+_2026-09-01T17:45:52_7198454993515115019	NP_218376.1	1388	1410	-1
FEATURE	1714.957669580127458	630.329977512561413	1.792452e06	2	13.368324	0.853571	0.0	0.0	1708.361599999999953	1726.70880000000011
FEATURE	3887.608786966707157	677.35014209168969	1.792197e06	1	21.162394	0.894474	0.0	0.0	3872.333200000000034	3909.242900000000191
FEATURE	4650.817641647520759	728.369756092331727	1.787281e06	1	6.51943	0.895576	0.0	0.0	4645.90310000000045	4657.455600000000231
FEATURE	1773.734637722465095	640.317851676565738	1.786727e06	2	16.068047	0.807083	0.0	0.0	1765.704600000000028	1785.416400000000067
PEPTIDE	1768.170900000000074	640.3154296875	0.0	0	AGIYTPATDSAGR	2	R	L	q-value	MS-GF+_2026-09-01T17:45:52_7198454993515115019	NP_216359.1	202	214	-1
FEATURE	1372.164515184262655	455.914046102854684	1.785897e06	3	12.546926	0.843193	0.0	0.0	1360.222299999999905	1385.225599999999986
PEPTIDE	1361.891100000000051	455.913909912108977	0.0	0	ELAAAAPAGADRPR	3	R	R	q-value	MS-GF+_2026-09-01T17:45:52_7198454993515115019	NP_215221.1	212	225	-1
FEATURE	3826.094806624901594	714.346886890249039	1.784766e06	1	20.569634	0.858605	0.0	0.0	3806.503000000000156	3844.3128999999999
FEATURE	2504.023993326729396	773.402574875590403	1.783982e06	3	13.472235	0.790531	0.0	0.0	2498.168599999999969	2513.528999999999996
FEATURE	1801.085464457754597	736.400225499328258	1.779178e06	1	18.229944	0.809222	0.0	0.0	1791.806100000000015	1812.016900000000078
FEATURE	4539.582587835790946	463.196967676025906	1.778306e06	1	5.954821	0.911819	0.0	0.0	4533.84479999999985	4543.472999999999956
FEATURE	4279.388748562527326	548.208982133162408	1.777417e06	1	32.533524	0.897643	0.0	0.0	4256.172999999999774	4306.3729000000003
FEATURE	3093.364716104751096	575.791640952725629	1.776685e06	2	14.618646	0.841204	0.0	0.0	3086.958799999999883	3108.320999999999913
PEPTIDE	3087.841800000000148	575.791870117187955	0.0	0	DVEGELVSFR	2	R	Y	q-value	MS-GF+_2026-09-01T17:45:52_7198454993515115019	NP_216964.1	191	200	-1
FEATURE	2366.996455864064046	487.771182965541868	1.77653e06	2	20.26367	0.878371	0.0	0.0	2362.954000000000178	2388.192500000000109
PEPTIDE	2376.104499999999916	487.77099609375	6.1652281134402e-04	0	TM(Oxidation)VELLPR	2	R	F	q-value	MS-GF+_2026-09-01T17:45:52_7198454993515115019	NP_217106.1	74	81	-1
FEATURE	3344.858967939275317	841.467088825541964	1.77556e06	2	15.503877	0.889264	0.0	0.0	3332.784700000000157	3360.652799999999843
PEPTIDE	3337.215299999999843	841.465270996093977	0.0	0	LLDQGQAGDNVGLLLR	2	K	G	q-value	MS-GF+_2026-09-01T17:45:52_7198454993515115019	NP_215199.1	266	281	-1
FEATURE	3074.809107934026088	656.375687679967996	1.773388e06	2	12.720248	0.875247	0.0	0.0	3067.793900000000122	3086.04320000000007
FEATURE	2964.754021579723485	887.90251388976435	1.770476e06	2	26.550568	0.839395	0.0	0.0	2954.557800000000043	2981.172099999999773
PEPTIDE	2964.040300000000116	887.89697265625	0.0	0	YPVEGGGNQDWWPNR	2	K	L	q-value	MS-GF+_2026-09-01T17:45:52_7198454993515115019	NP_216424.1	27	41	-1
FEATURE	3850.286586220906429	391.284879742894987	1.768535e06	1	28.837034	0.858537	0.0	0.0	3833.742999999999938	3860.804700000000139
FEATURE	2724.237686353516438	855.969464915207368	1.766104e06	1	16.442307	0.789366	0.0	0.0	2718.160899999999856	2736.248700000000099
FEATURE	2805.31821139377189	981.992166576122713	1.764641e06	2	17.427799	0.771569	0.0	0.0	2801.343299999999999	2818.363100000000031
FEATURE	1872.792425159764207	922.488268899604918	1.76231e06	1	14.791125	0.834569	0.0	0.0	1863.260600000000068	1882.17489999999998
FEATURE	2678.980955281048409	747.353489768590748	1.76211e06	2	13.062871	0.863916	0.0	0.0	2671.328700000000026	2689.158199999999852
FEATURE	1744.989513975292312	598.800803748261274	1.761035e06	2	14.411067	0.861914	0.0	0.0	1736.994200000000092	1756.242899999999963
FEATURE	2621.340144967320612	787.352351188311559	1.760389e06	2	14.999585	0.861453	0.0	0.0	2613.172999999999774	2634.78060000000005
PEPTIDE	2618.396999999999935	787.352111816406023	0.0	0	GSPTTELYFENC(Carbamidomethyl)R	2	K	I	q-value	MS-GF+_2026-09-01T17:45:52_7198454993515115019	NP_217791.1	214	226	-1
FEATURE	4516.3805464542138	579.014437672995086	1.759107e06	1	4.809852	0.80361	0.0	0.0	4513.353100000000268	4521.422999999999774
FEATURE	2294.47123259790169	680.835887930020704	1.758389e06	1	14.858838	0.819605	0.0	0.0	2286.254199999999855	2305.682600000000093
FEATURE	2884.150636168394158	506.320472682257162	1.755046e06	2	12.783528	0.84087	0.0	0.0	2874.666299999999865	2895.193400000000111
PEPTIDE	2879.372299999999996	506.320007324218977	6.1652281134402e-04	0	LAVAAANLLR	2	R	G	q-value	MS-GF+_2026-09-01T17:45:52_7198454993515115019	NP_217960.1	27	36	-1
FEATURE	2696.314951388071222	777.438659335313332	1.754161e06	2	12.182344	0.862336	0.0	0.0	2686.249099999999999	2700.314100000000053
FEATURE	2342.830480670275392	546.788164952047964	1.753979e06	2	11.38781	0.830574	0.0	0.0	2340.882999999999811	2351.483299999999872
PEPTIDE	2341.449000000000069	546.788208007812045	0.0	0	SEFLNNLQK	2	R	G	q-value	MS-GF+_2026-09-01T17:45:52_7198454993515115019	NP_216146.1	199	207	-1
FEATURE	4211.362059484428755	465.184760493802457	1.753329e06	1	25.161694	0.9032	0.0	0.0	4195.913199999999961	4233.68329999999969
FEATURE	3645.562953420588201	464.301212501179748	1.752286e06	1	20.964666	0.896623	0.0	0.0	3625.322900000000118	3659.960000000000036
FEATURE	4507.415026585165833	602.375363328778803	1.746017e06	1	7.760335	0.879501	0.0	0.0	4501.564900000000307	4513.353100000000268
FEATURE	2475.651461172993095	399.763549952738742	1.743997e06	2	12.319545	0.819553	0.0	0.0	2465.893599999999879	2488.634500000000116
PEPTIDE	2470.23680000000013	399.763397216796989	6.27943485086342e-03	0	QVGLILR	2	K	R	q-value	MS-GF+_2026-09-01T17:45:52_7198454993515115019	NP_216043.1	2037	2043	-1
FEATURE	3284.027149482700224	798.474336369128309	1.74344e06	1	23.011702	0.842367	0.0	0.0	3262.549399999999878	3298.77579999999989
FEATURE	1411.129018677778276	591.75643454936494	1.74282e06	2	14.173048	0.855802	0.0	0.0	1398.835900000000038	1417.368199999999888
PEPTIDE	1403.442999999999984	591.756225585937955	0.0	0	IQMEAAGM(Oxidation)C(Carbamidomethyl)R	2	K	S	q-value	MS-GF+_2026-09-01T17:45:52_7198454993515115019	YP_177754.1	31	40	-1
FEATURE	2636.928029959316973	456.295186396725114	1.741756e06	2	16.506058	0.818339	0.0	0.0	2624.966600000000199	2649.773799999999937
PEPTIDE	2630.965000000000146	456.295593261718977	5.82627118644068e-03	0	RLLWPVK	2	R	K	q-value	MS-GF+_2026-09-01T17:45:52_7198454993515115019	NP_216424.1	145	151	-1
FEATURE	4518.637210011357638	386.131753092870042	1.740606e06	1	6.572442	0.869626	0.0	0.0	4516.042999999999665	4524.123199999999997
FEATURE	2804.260375318763636	493.266019930515881	1.738015e06	1	16.824209	0.908008	0.0	0.0	2790.280799999999999	2815.94380000000001
FEATURE	4641.240141190970462	557.272217718791694	1.737852e06	1	8.640015	0.870052	0.0	0.0	4636.98279999999977	4647.682999999999993
FEATURE	1428.703368368231395	817.392022083547431	1.736397e06	2	14.857697	0.851088	0.0	0.0	1422.74389999999994	1443.033200000000079
FEATURE	3460.980001195332989	606.370132608394329	1.735273e06	2	20.598433	0.849055	0.0	0.0	3445.175600000000031	3465.232899999999972
FEATURE	1656.066206268546921	638.269146963715343	1.7323e06	2	11.228137	0.833753	0.0	0.0	1649.729299999999967	1659.029099999999971
FEATURE	4481.915507823490771	473.249684815497005	1.732279e06	1	19.768219	0.843874	0.0	0.0	4467.54280000000017	4501.564900000000307
FEATURE	1599.367011232733375	942.417314206028436	1.728698e06	1	17.963964	0.825171	0.0	0.0	1591.307299999999941	1613.800700000000006
FEATURE	2672.086938165896754	966.956430369176474	1.724257e06	2	11.974045	0.876671	0.0	0.0	2665.127399999999852	2682.529700000000048
PEPTIDE	2670.378400000000056	966.960021972656023	0.0	0	QVAGDDGDTVLC(Carbamidomethyl)VNNLSR	2	R	F	q-value	MS-GF+_2026-09-01T17:45:52_7198454993515115019	NP_214640.1	518	535	-1
FEATURE	2327.183939546850979	576.289013256776002	1.723277e06	3	19.496862	0.835686	0.0	0.0	2321.844399999999951	2341.742299999999887
PEPTIDE	2325.252700000000004	576.290405273437955	0.0	0	HPLQDVDDRDTFLR	3	R	A	q-value	MS-GF+_2026-09-01T17:45:52_7198454993515115019	NP_217451.1	842	855	-1
FEATURE	2146.803579931417971	802.458432217951327	1.722989e06	1	16.109047	0.847136	0.0	0.0	2137.672000000000026	2159.632700000000114
FEATURE	3114.934031139579474	383.248777838572494	1.72057e06	2	18.399044	0.849589	0.0	0.0	3101.26339999999982	3131.897100000000137
FEATURE	4428.627668571019058	475.160371819937097	1.720116e06	1	23.677675	0.912073	0.0	0.0	4404.882800000000316	4449.742900000000191
FEATURE	2053.290040422882157	510.274143284839226	1.719847e06	2	13.614029	0.795055	0.0	0.0	2040.749700000000075	2062.796200000000226
FEATURE	1813.529151398122167	608.330069972474803	1.713469e06	2	15.410386	0.736366	0.0	0.0	1803.783200000000079	1817.745100000000093
FEATURE	3014.313349372194807	484.254889779531027	1.711174e06	2	18.028063	0.843127	0.0	0.0	3002.709299999999985	3027.876999999999953
PEPTIDE	3005.738299999999981	484.254486083983977	6.1652281134402e-04	0	SVSSWFVR	2	R	V	q-value	MS-GF+_2026-09-01T17:45:52_7198454993515115019	NP_216052.1	424	431	-1
FEATURE	2373.821755587803182	481.769065627633893	1.709258e06	2	16.789087	0.793913	0.0	0.0	2365.459699999999884	2388.192500000000109
FEATURE	1691.681616899762275	493.286802963346474	1.702857e06	2	17.104212	0.770092	0.0	0.0	1678.306700000000092	1704.618600000000015
FEATURE	2256.278742442332259	751.037908604026143	1.699439e06	3	9.241875	0.810893	0.0	0.0	2252.260299999999916	2263.203500000000076
PEPTIDE	2258.222400000000107	751.039978027343977	0.0	0	SHPGGGDQVFIQGHASPGIYAR	3	K	A	q-value	MS-GF+_2026-09-01T17:45:52_7198454993515115019	NP_216757.3	127	148	-1
FEATURE	4211.387196071380458	481.158438616756655	1.698405e06	1	26.26825	0.880228	0.0	0.0	4191.142899999999827	4232.742900000000191
FEATURE	3040.359092246338605	735.358668037018788	1.698392e06	2	15.557734	0.842179	0.0	0.0	3029.835000000000036	3053.572999999999865
PEPTIDE	3036.465000000000146	735.360107421875	0.0	0	DGVDVDKAIMAAAHG	2	R	]	q-value	MS-GF+_2026-09-01T17:45:52_7198454993515115019	NP_218376.1	1512	1526	-1
FEATURE	3210.356442238175532	585.274999422915471	1.697694e06	2	21.810541	0.842774	0.0	0.0	3211.502899999999954	3229.284099999999853
PEPTIDE	3208.782700000000205	585.27490234375	0.0	0	ESQVMSFWR	2	R	K	q-value	MS-GF+_2026-09-01T17:45:52_7198454993515115019	NP_217106.1	258	266	-1
FEATURE	3511.696222609274173	477.281060362984533	1.697332e06	1	19.39312	0.888656	0.0	0.0	3495.893000000000029	3527.620300000000043
FEATURE	4627.594993963590241	714.390446112123868	1.696875e06	1	6.35253	0.882584	0.0	0.0	4623.82300000000032	4633.434799999999996
FEATURE	4296.986088727998322	561.193677836417464	1.696357e06	1	26.703484	0.869943	0.0	0.0	4272.282900000000154	4325.172899999999572
FEATURE	2332.666589767507048	536.7855091213263	1.694158e06	2	14.300254	0.847416	0.0	0.0	2321.844399999999951	2342.858299999999872
PEPTIDE	2333.595499999999902	536.784729003906023	6.1652281134402e-04	0	AGIADVEIER	2	R	T	q-value	MS-GF+_2026-09-01T17:45:52_7198454993515115019	NP_215221.1	48	57	-1
FEATURE	3456.517950339864001	391.284638476382895	1.693069e06	1	21.903832	0.882972	0.0	0.0	3446.998799999999847	3467.668700000000172
FEATURE	3116.702401322115293	798.916485338695225	1.689791e06	2	14.654461	0.864023	0.0	0.0	3105.817000000000007	3130.195099999999911
PEPTIDE	3107.968800000000101	798.916381835937955	0.0	0	TFSTLETLTNATAAR	2	K	R	q-value	MS-GF+_2026-09-01T17:45:52_7198454993515115019	NP_215461.1	211	225	-1
FEATURE	3004.704128952845622	561.292590834833391	1.689568e06	1	21.271458	0.839127	0.0	0.0	2996.485599999999977	3025.318099999999959
FEATURE	3198.522547615017629	551.816087671654714	1.685491e06	2	16.516619	0.901301	0.0	0.0	3187.732100000000173	3214.628700000000208
FEATURE	2363.411324629246792	389.218154004282724	1.677588e06	2	14.347503	0.796526	0.0	0.0	2357.278999999999996	2372.073499999999967
PEPTIDE	2360.753999999999905	389.217987060546989	1.68255748738082e-03	0	GMTLSLR	2	R	I	q-value	MS-GF+_2026-09-01T17:45:52_7198454993515115019	NP_218163.1	436	442	-1
FEATURE	1959.8171932137559	733.867093607356878	1.677183e06	2	13.455858	0.79416	0.0	0.0	1956.2179000000001	1969.085299999999961
FEATURE	1416.39778977426181	639.824971547339942	1.675799e06	2	14.913263	0.724532	0.0	0.0	1408.669699999999921	1427.912299999999959
FEATURE	2262.686828985163629	687.28931866557673	1.675415e06	2	11.059333	0.819149	0.0	0.0	2252.260299999999916	2269.239399999999932
FEATURE	4429.131098966930949	420.234198737621966	1.674369e06	1	26.65387	0.892066	0.0	0.0	4412.425500000000284	4446.962999999999738
FEATURE	2884.883587301156695	806.422237589052884	1.673797e06	2	13.827175	0.80418	0.0	0.0	2873.334899999999834	2897.610299999999825
FEATURE	2408.769102854179892	995.982863633825332	1.673177e06	2	16.355713	0.823699	0.0	0.0	2398.61239999999998	2424.71369999999979
FEATURE	2694.356194312537809	844.469838268662556	1.670864e06	1	12.621832	0.880641	0.0	0.0	2684.976200000000063	2706.435800000000199
FEATURE	1873.260622041626448	384.242338409179354	1.670375e06	2	15.972449	0.775828	0.0	0.0	1860.665500000000066	1877.848799999999983
FEATURE	2880.743566196171742	901.458730754819726	1.668796e06	1	14.139198	0.87549	0.0	0.0	2873.334899999999834	2885.954999999999927
FEATURE	1424.845844709682069	807.970125276771682	1.664883e06	3	11.154449	0.819887	0.0	0.0	1419.807399999999916	1433.426200000000108
FEATURE	3481.878178853301961	555.328197636747518	1.664121e06	1	21.345131	0.900185	0.0	0.0	3468.829999999999927	3501.03859999999986
FEATURE	2489.2190126640171	421.233694044767276	1.661186e06	2	12.711129	0.841883	0.0	0.0	2477.794300000000021	2502.008200000000215
FEATURE	2888.790040365235655	865.404756145676174	1.660957e06	2	12.58313	0.822492	0.0	0.0	2882.535600000000159	2901.738199999999779
FEATURE	4646.623570153858964	588.277967669965051	1.660217e06	1	10.158938	0.78455	0.0	0.0	4636.105400000000373	4653.912900000000263
FEATURE	3178.892498060904472	747.420851914643663	1.658432e06	1	17.173149	0.881861	0.0	0.0	3166.513699999999972	3196.248500000000149
FEATURE	438.659288599266063	355.069850408792945	1.658396e06	1	24.758959	0.783118	0.0	0.0	423.254799999999989	453.363800000000026
FEATURE	4531.179972797736809	492.219524522239112	1.65391e06	1	10.021449	0.883077	0.0	0.0	4528.544899999999871	4537.3729000000003
FEATURE	3144.400724394848567	875.921668347844388	1.652541e06	2	17.301312	0.866592	0.0	0.0	3131.897100000000137	3162.04950000000008
PEPTIDE	3136.165500000000065	875.923095703125	0.0	0	DVSEAAFDLVPNQAM(Oxidation)K	2	R	S	q-value	MS-GF+_2026-09-01T17:45:52_7198454993515115019	YP_177758.1	205	220	-1
FEATURE	4563.62554212269788	429.191501837475016	1.651043e06	1	7.224501	0.881705	0.0	0.0	4558.283099999999649	4570.574800000000323
FEATURE	3003.240086689307191	835.383183029262113	1.65021e06	2	12.549713	0.830524	0.0	0.0	2993.015800000000127	3010.903200000000197
FEATURE	1499.778999825761048	572.800953246893982	1.647924e06	2	14.021437	0.796876	0.0	0.0	1489.345299999999952	1511.578400000000102
PEPTIDE	1505.276699999999892	572.801818847656023	0.0	0	ITNEVAEVNR	2	R	V	q-value	MS-GF+_2026-09-01T17:45:52_7198454993515115019	NP_217913.1	499	508	-1
FEATURE	1623.751281852574266	535.277105739451258	1.646897e06	2	14.542458	0.787002	0.0	0.0	1621.956400000000031	1635.69640000000004
FEATURE	2390.20105459746128	619.307168701736828	1.646669e06	2	12.131862	0.831005	0.0	0.0	2383.194300000000112	2401.964300000000094
FEATURE	1497.153890417929233	660.848905926092471	1.643895e06	2	11.903676	0.874193	0.0	0.0	1490.225400000000036	1508.322599999999966
PEPTIDE	1489.886600000000044	660.847412109375	0.0	0	QNAEHPIEVVGK	2	R	K	q-value	MS-GF+_2026-09-01T17:45:52_7198454993515115019	NP_217517.3	304	315	-1
FEATURE	1733.720012868698404	502.779112028867814	1.643208e06	2	17.851294	0.798519	0.0	0.0	1723.20659999999998	1752.279500000000098
FEATURE	3050.291740183995444	933.957684694725913	1.642756e06	2	15.888138	0.840182	0.0	0.0	3040.943200000000161	3065.070600000000013
FEATURE	2586.979856539593129	974.911230511522149	1.640486e06	2	14.80903	0.791049	0.0	0.0	2576.507099999999809	2598.764799999999923
PEPTIDE	2584.030799999999999	974.910278320312045	0.0	0	EIDAGPTNNWM(Oxidation)DPGEMR	2	K	S	q-value	MS-GF+_2026-09-01T17:45:52_7198454993515115019	NP_214725.1	92	108	-1
FEATURE	480.99966063281056	355.06987491595828	1.639283e06	1	35.517868	0.867946	0.0	0.0	463.415399999999977	494.754799999999989
FEATURE	3571.551408432517292	522.229599421333546	1.637995e06	1	24.656273	0.856741	0.0	0.0	3551.563000000000102	3590.782999999999902
FEATURE	3191.417442588173344	844.94121935328144	1.637511e06	2	15.010155	0.878719	0.0	0.0	3183.744799999999941	3205.497600000000148
PEPTIDE	3187.371999999999844	844.937683105468977	0.0	0	ITDLELASAADEATLR	2	R	A	q-value	MS-GF+_2026-09-01T17:45:52_7198454993515115019	NP_217449.1	1273	1288	-1
FEATURE	795.570180447853772	503.107655764912749	1.636587e06	1	91.601013	0.917391	0.0	0.0	756.752899999998135	834.842899999998053
FEATURE	4577.528589427624866	719.381197282597555	1.635889e06	1	5.32427	0.885201	0.0	0.0	4574.963200000000143	4582.193100000000413
FEATURE	2361.570798263640427	469.230168762468225	1.635312e06	2	13.758129	0.840897	0.0	0.0	2351.483299999999872	2372.934200000000146
FEATURE	3727.812460012587053	736.41493022160364	1.634606e06	1	19.985748	0.902909	0.0	0.0	3714.503000000000156	3746.904799999999796
FEATURE	1647.936426636521674	505.239707790037357	1.63069e06	2	15.918754	0.796647	0.0	0.0	1638.080300000000079	1659.029099999999971
FEATURE	4008.343232533512037	529.144002667564109	1.630114e06	1	33.573746	0.845185	0.0	0.0	3990.612799999999879	4029.472999999999956
FEATURE	1810.384732876335193	734.373274863535471	1.629612e06	2	8.16075	0.870878	0.0	0.0	1803.783200000000079	1815.904600000000073
PEPTIDE	1810.134600000000091	734.372802734375	0.0	0	C(Carbamidomethyl)AALATHPAALDTR	2	R	S	q-value	MS-GF+_2026-09-01T17:45:52_7198454993515115019	NP_217451.1	1196	1209	-1
FEATURE	4390.928100616136362	457.181951411885734	1.628789e06	1	34.482578	0.889475	0.0	0.0	4378.124700000000303	4415.225300000000061
FEATURE	3067.590344230271057	599.365402674665347	1.627314e06	2	12.207037	0.877537	0.0	0.0	3057.295000000000073	3080.224999999999909
PEPTIDE	3064.472400000000107	599.363586425781023	0.0	0	IVDIQLAQLGK	2	R	R	q-value	MS-GF+_2026-09-01T17:45:52_7198454993515115019	NP_214898.1	763	773	-1
FEATURE	3032.409660496463403	616.266169527526131	1.627197e06	2	10.621216	0.859855	0.0	0.0	3027.876999999999953	3038.956900000000132
FEATURE	3434.692286634702214	351.155298426283537	1.626337e06	1	12.751858	0.824962	0.0	0.0	3432.254800000000159	3443.377599999999802
FEATURE	3236.658320833329981	600.833700200528369	1.623872e06	2	16.318609	0.866951	0.0	0.0	3226.18730000000005	3252.73259999999982
PEPTIDE	3229.879399999999805	600.833984375	0.0	0	LGLDAALGSIDR	2	R	S	q-value	MS-GF+_2026-09-01T17:45:52_7198454993515115019	NP_214757.1	364	375	-1
FEATURE	4048.102171023777828	670.30815711356081	1.623063e06	1	24.826717	0.8501	0.0	0.0	4037.014799999999923	4070.592799999999897
FEATURE	732.775152271557431	373.09797069092582	1.619526e06	1	92.200714	0.845815	0.0	0.0	691.982999999999947	773.454700000002049
FEATURE	1732.590092307844543	475.243740281995258	1.619356e06	3	8.799144	0.712159	0.0	0.0	1725.244999999999891	1741.594200000000001
PEPTIDE	1737.491700000000037	475.243896484375	6.1652281134402e-04	0	AHGAALGDDEVAAVK	3	K	K	q-value	MS-GF+_2026-09-01T17:45:52_7198454993515115019	NP_215965.1	281	295	-1
FEATURE	1210.999169645293932	576.584031985442834	1.616793e06	3	10.057158	0.79831	0.0	0.0	1201.186500000000024	1220.9529
FEATURE	3844.616493935808649	725.301725619474382	1.616487e06	1	23.902809	0.869499	0.0	0.0	3830.07510000000002	3863.873799999999847
FEATURE	2861.9123008557508	482.935088640173888	1.614555e06	3	5.500212	0.851476	0.0	0.0	2857.244900000000143	2864.523099999999886
PEPTIDE	2860.749499999999898	482.934509277343977	1.68255748738082e-03	0	LVDAPLPAWTHAR	3	R	L	q-value	MS-GF+_2026-09-01T17:45:52_7198454993515115019	NP_217456.1	862	874	-1
FEATURE	1871.186215840019258	794.378833208120909	1.613645e06	2	10.713317	0.834606	0.0	0.0	1864.157300000000078	1882.17489999999998
FEATURE	4029.127982450569107	421.147123711799338	1.612352e06	1	27.615501	0.899774	0.0	0.0	4015.303199999999833	4052.41359999999986
FEATURE	3901.189947570075674	391.284539560980249	1.611894e06	1	21.470293	0.882928	0.0	0.0	3888.919300000000021	3911.123000000000047
FEATURE	2037.68758633446646	373.731544480605464	1.611749e06	2	12.743333	0.828658	0.0	0.0	2033.692600000000084	2047.83809999999994
FEATURE	2945.901492914629216	890.906751330303337	1.609573e06	2	14.034108	0.800812	0.0	0.0	2937.264099999999871	2959.189699999999903
PEPTIDE	2941.083500000000186	890.895874023437955	0.0	0	GLGEDTNADEALSGFER	2	R	F	q-value	MS-GF+_2026-09-01T17:45:52_7198454993515115019	NP_216546.1	319	335	-1
FEATURE	1768.370370476085554	575.837975695142632	1.607153e06	2	10.414044	0.813605	0.0	0.0	1763.241800000000012	1775.407999999999902
PEPTIDE	1766.765100000000075	575.838500976562045	0.0	0	AAIAVGHGVTVR	2	R	D	q-value	MS-GF+_2026-09-01T17:45:52_7198454993515115019	NP_218318.1	579	590	-1
FEATURE	3439.665212619828253	593.325255358750042	1.606939e06	2	14.860958	0.84683	0.0	0.0	3433.153099999999995	3454.690900000000056
FEATURE	3003.009852856346697	947.522116090105101	1.603379e06	2	13.814622	0.807557	0.0	0.0	2998.133499999999913	3013.808399999999892
FEATURE	1713.325495914769135	823.456811440433626	1.602388e06	1	19.146095	0.792691	0.0	0.0	1699.823200000000043	1729.018900000000031
FEATURE	2553.996144764060318	591.306970344729621	1.601668e06	2	13.515247	0.860586	0.0	0.0	2546.861399999999776	2558.468299999999999
PEPTIDE	2554.484599999999773	591.306823730468977	6.1652281134402e-04	0	TEEFASTVLGK	2	R	Q	q-value	MS-GF+_2026-09-01T17:45:52_7198454993515115019	NP_214982.1	169	179	-1
FEATURE	2664.734379083425665	885.470359483187963	1.601201e06	2	14.090118	0.843152	0.0	0.0	2662.154100000000199	2678.370899999999892
PEPTIDE	2664.762499999999818	885.468383789062045	0.0	0	VPEDTLNKVDAAVAEAK	2	K	A	q-value	MS-GF+_2026-09-01T17:45:52_7198454993515115019	NP_214864.1	535	551	-1
FEATURE	3032.245766099265438	722.87045379082349	1.599783e06	2	17.013819	0.824907	0.0	0.0	3025.318099999999959	3039.872600000000148
PEPTIDE	3024.129199999999855	722.872192382812045	0.0	0	ITAVM(Oxidation)PFYPYAR	2	R	Q	q-value	MS-GF+_2026-09-01T17:45:52_7198454993515115019	NP_215533.1	92	103	-1
FEATURE	2684.069041580164594	846.362232331075234	1.597279e06	2	13.520583	0.784393	0.0	0.0	2673.034999999999854	2694.790100000000166
PEPTIDE	2677.454000000000178	846.36376953125	0.0	0	AADM(Oxidation)WGPSSDPAWER	2	K	N	q-value	MS-GF+_2026-09-01T17:45:52_7198454993515115019	NP_216402.1	215	229	-1
FEATURE	1681.430693394469699	530.593883270352876	1.591228e06	3	10.041032	0.799734	0.0	0.0	1674.227900000000091	1691.047399999999925
PEPTIDE	1676.548700000000054	530.593811035156023	6.1652281134402e-04	0	SGSSGWTTHATATVAR	3	R	A	q-value	MS-GF+_2026-09-01T17:45:52_7198454993515115019	NP_217449.1	1029	1044	-1
FEATURE	3085.534053005967962	607.859511704194347	1.59117e06	2	13.170849	0.848651	0.0	0.0	3085.080500000000029	3097.42450000000008
FEATURE	2064.890751033626657	548.654415756420008	1.588279e06	3	11.336258	0.700089	0.0	0.0	2058.552000000000135	2073.802999999999884
FEATURE	4529.194782542185749	542.235524887699171	1.587917e06	1	8.180131	0.905177	0.0	0.0	4523.225099999999657	4537.3729000000003
FEATURE	3981.620475611007805	586.323435982415049	1.586734e06	1	25.479548	0.865074	0.0	0.0	3964.0929000000001	4006.833000000000084
FEATURE	3984.412215613744138	445.255240346138578	1.585743e06	1	22.5898	0.894876	0.0	0.0	3968.79359999999997	4005.89469999999983
FEATURE	1723.102207807007517	371.101050393999003	1.584808e06	1	12.382133	0.814045	0.0	0.0	1714.633299999999963	1726.70880000000011
FEATURE	1809.685308830904432	475.219850485552229	1.584717e06	2	8.452151	0.804196	0.0	0.0	1805.810699999999997	1817.745100000000093
FEATURE	3904.236721376167225	492.18669297014975	1.584576e06	1	25.987101	0.897719	0.0	0.0	3889.864799999999832	3925.14890000000014
FEATURE	1636.986569597150947	750.3895906902859	1.584051e06	2	11.189318	0.85827	0.0	0.0	1634.60329999999999	1644.643100000000004
PEPTIDE	1636.46530000000007	750.388610839843977	0.0	0	AGEEIPQTKEEIR	2	R	K	q-value	MS-GF+_2026-09-01T17:45:52_7198454993515115019	NP_218317.1	1563	1575	-1
FEATURE	2324.318687990851686	350.73398173166845	1.583601e06	2	12.571445	0.846668	0.0	0.0	2315.547399999999925	2334.130599999999959
FEATURE	2707.119123102534104	867.432560852344523	1.581327e06	2	16.058788	0.789756	0.0	0.0	2697.664099999999962	2719.678199999999833
FEATURE	2482.428868905522904	412.208545950279301	1.581078e06	2	20.525299	0.809332	0.0	0.0	2471.967799999999897	2492.748399999999947
FEATURE	4571.576212687182306	562.205485666944014	1.574845e06	1	10.13231	0.853794	0.0	0.0	4567.063000000000102	4577.773199999999633
FEATURE	2236.137514870247287	810.888529386423443	1.573269e06	2	13.086281	0.85184	0.0	0.0	2229.361300000000028	2246.939199999999801
FEATURE	1511.208580331506482	651.837336150090778	1.57231e06	2	13.258671	0.844074	0.0	0.0	1501.343200000000024	1521.323399999999992
FEATURE	1781.91782913537736	743.352538887882361	1.571592e06	2	14.672773	0.832963	0.0	0.0	1771.484899999999925	1791.806100000000015
FEATURE	3784.359477472899016	560.340909967283665	1.571182e06	2	19.85253	0.883991	0.0	0.0	3776.155299999999897	3797.5929000000001
FEATURE	2959.250041579017307	594.352382632675813	1.570725e06	1	15.549396	0.836925	0.0	0.0	2949.618199999999888	2971.02370000000019
FEATURE	1574.783188196906849	661.36392918464685	1.568505e06	1	9.334608	0.858923	0.0	0.0	1568.814800000000105	1578.910499999999956
FEATURE	3059.181243714589982	501.354607379184245	1.568474e06	1	17.84372	0.863487	0.0	0.0	3049.563000000000102	3072.334199999999782
FEATURE	2979.001706556121462	730.371588719112879	1.56728e06	2	9.518147	0.865183	0.0	0.0	2971.02370000000019	2982.563299999999799
FEATURE	4598.160535334165616	1319.904714773198748	1.567249e06	1	4.234807	0.844305	0.0	0.0	4596.253099999999904	4602.525099999999839
FEATURE	4194.234686548804348	499.121542131528827	1.566442e06	1	22.17358	0.899036	0.0	0.0	4179.842999999999847	4212.064699999999903
FEATURE	2703.55705033410095	401.245264059550379	1.565437e06	2	17.090796	0.84398	0.0	0.0	2690.100100000000111	2718.160899999999856
PEPTIDE	2693.240200000000186	401.246002197266023	2.23463687150838e-03	0	IDLTALR	2	R	A	q-value	MS-GF+_2026-09-01T17:45:52_7198454993515115019	NP_216564.2	1907	1913	-1
FEATURE	3915.795405147066049	472.27541239385414	1.561481e06	1	26.573229	0.865625	0.0	0.0	3904.554700000000139	3936.582800000000134
FEATURE	2995.38016440722231	765.338236020091472	1.558388e06	2	9.697768	0.862443	0.0	0.0	2987.80560000000014	2999.084400000000187
FEATURE	3080.318630507057151	713.362897729841393	1.558097e06	2	16.825748	0.851191	0.0	0.0	3073.869099999999889	3089.383800000000065
PEPTIDE	3079.335000000000036	713.364013671875	0.0	0	FASGSALGMLSATGR	2	R	C	q-value	MS-GF+_2026-09-01T17:45:52_7198454993515115019	NP_216043.1	220	234	-1
FEATURE	3219.618678490216553	665.350687741606407	1.553745e06	2	16.568235	0.866295	0.0	0.0	3207.609199999999873	3236.544699999999921
PEPTIDE	3215.158399999999801	665.350280761718977	0.0	0	NAVEGFLNNVPR	2	K	L	q-value	MS-GF+_2026-09-01T17:45:52_7198454993515115019	NP_216441.2	153	164	-1
FEATURE	2994.878143938945868	914.410320173409104	1.549641e06	2	11.219921	0.782826	0.0	0.0	2984.322099999999864	2998.133499999999913
FEATURE	1851.946948692093429	620.976907687025118	1.548585e06	3	8.036106	0.806711	0.0	0.0	1845.419300000000021	1855.527700000000095
PEPTIDE	1854.150100000000066	620.979125976562045	0.0	0	HASDPVTIASPAQPGEAGR	3	R	H	q-value	MS-GF+_2026-09-01T17:45:52_7198454993515115019	NP_218227.3	588	606	-1
FEATURE	4185.404667561007955	610.322549515725427	1.546982e06	1	36.975258	0.774189	0.0	0.0	4164.003499999999804	4206.384799999999814
FEATURE	3533.94501234982863	521.292122214337496	1.546391e06	1	21.829403	0.879344	0.0	0.0	3522.841600000000199	3555.899300000000039
FEATURE	1913.612506654247454	919.545925864264405	1.546204e06	1	15.748825	0.827025	0.0	0.0	1905.820699999999988	1924.423999999999978
FEATURE	4655.79139897378991	415.233409053536548	1.545017e06	1	6.715387	0.838796	0.0	0.0	4653.022799999999734	4661.892899999999827
FEATURE	4654.558642287221119	518.271676102588572	1.542622e06	1	13.980921	0.835176	0.0	0.0	4647.682999999999993	4663.672899999999572
FEATURE	3539.30851009217804	739.436761369393821	1.539651e06	2	19.212822	0.873385	0.0	0.0	3525.427499999999782	3554.580699999999979
FEATURE	3167.072924716117086	729.407844286263753	1.5384e06	2	12.203402	0.8869	0.0	0.0	3155.728599999999915	3171.260099999999966
FEATURE	957.288548802867354	429.088743606968876	1.536799e06	1	34.840508	0.795015	0.0	0.0	943.402999999997974	978.954700000002049
FEATURE	1680.608371519942466	528.308477078911096	1.53641e06	2	12.154035	0.848104	0.0	0.0	1674.227900000000091	1684.777900000000045
PEPTIDE	1673.375099999999975	528.308410644531023	6.1652281134402e-04	0	VNIKPLEDK	2	K	I	q-value	MS-GF+_2026-09-01T17:45:52_7198454993515115019	NP_217935.1	3	11	-1
FEATURE	1911.904531745143913	570.803600080617002	1.533828e06	2	12.517739	0.83426	0.0	0.0	1905.820699999999988	1921.00870000000009
FEATURE	2577.779639181835592	952.4676728809726	1.533413e06	1	14.98462	0.830954	0.0	0.0	2579.82340000000022	2590.701900000000023
FEATURE	4541.11176268617146	489.183381914597817	1.533045e06	1	12.300002	0.842382	0.0	0.0	4528.544899999999871	4550.40310000000045
FEATURE	4622.123625343858293	622.283236370832015	1.529475e06	1	6.840218	0.850224	0.0	0.0	4618.57300000000032	4629.073099999999613
FEATURE	1337.748513973218223	417.205283178657908	1.528835e06	4	11.986625	0.858162	0.0	0.0	1331.794200000000046	1348.155700000000024
FEATURE	1613.477688999617385	593.303840427597606	1.528196e06	2	12.404563	0.847111	0.0	0.0	1606.916699999999992	1626.082499999999982
PEPTIDE	1609.617199999999912	593.303894042968977	0.0	0	GFVADVHNAGAK	2	R	V	q-value	MS-GF+_2026-09-01T17:45:52_7198454993515115019	NP_215697.1	339	350	-1
FEATURE	1533.271011617417116	494.908304955449069	1.527936e06	3	8.133915	0.76764	0.0	0.0	1525.427400000000034	1536.363700000000108
PEPTIDE	1530.96329999999989	494.907989501953011	0.0	0	RTAVLDPDHDGMR	3	R	V	q-value	MS-GF+_2026-09-01T17:45:52_7198454993515115019	NP_217456.1	1409	1421	-1
FEATURE	2482.104427958389806	900.917122593363501	1.526753e06	2	16.770315	0.824807	0.0	0.0	2473.822999999999865	2489.811400000000049
PEPTIDE	2478.386700000000019	900.920715332031023	0.0	0	VADGMVYGEGSSGM(Oxidation)GVLR	2	R	G	q-value	MS-GF+_2026-09-01T17:45:52_7198454993515115019	NP_216992.1	243	260	-1
FEATURE	1710.278508481573226	460.271490461818416	1.523224e06	2	19.091915	0.810267	0.0	0.0	1707.325599999999895	1726.70880000000011
PEPTIDE	1706.216100000000097	460.271209716796989	1.68255748738082e-03	0	QKEFVLR	2	R	T	q-value	MS-GF+_2026-09-01T17:45:52_7198454993515115019	NP_216738.1	3	9	-1
FEATURE	2944.44796112871154	767.35825542803093	1.522689e06	2	21.29561	0.766274	0.0	0.0	2940.526400000000194	2959.189699999999903
FEATURE	2951.108431800249036	999.481905702199924	1.522598e06	2	13.248673	0.891886	0.0	0.0	2945.30619999999999	2962.621700000000146
FEATURE	4541.880813240504722	522.266253890874168	1.520073e06	1	5.77434	0.881402	0.0	0.0	4539.115600000000086	4546.052999999999884
FEATURE	4649.193337155818881	413.196556594266951	1.518432e06	1	6.721555	0.900772	0.0	0.0	4645.023100000000341	4654.804699999999684
FEATURE	2476.809495828741547	732.844920085432477	1.518217e06	2	14.660456	0.854753	0.0	0.0	2471.967799999999897	2491.037299999999959
FEATURE	4378.239640695708658	411.176365587529574	1.517826e06	1	29.015415	0.893341	0.0	0.0	4360.944700000000012	4397.222899999999754
FEATURE	4520.098337898793034	443.170604766820532	1.51722e06	1	9.550587	0.886081	0.0	0.0	4518.743099999999686	4528.544899999999871
FEATURE	4653.140234548048284	486.281360885951131	1.516798e06	1	5.802945	0.913919	0.0	0.0	4647.682999999999993	4655.682899999999791
FEATURE	2982.428487839261379	867.475042586004406	1.516577e06	1	16.276981	0.861119	0.0	0.0	2972.750300000000152	2998.133499999999913
FEATURE	3094.70764115001839	533.307340307153254	1.516378e06	1	18.427761	0.840107	0.0	0.0	3080.224999999999909	3112.878200000000106
FEATURE	4014.04749352156432	399.235500371822468	1.515592e06	1	22.8197	0.888592	0.0	0.0	4000.902900000000045	4033.253000000000156
FEATURE	4143.43579508293351	476.192068762645476	1.515409e06	1	31.557474	0.870912	0.0	0.0	4115.185599999999795	4160.403400000000147
FEATURE	2792.90738370503459	971.409822392305614	1.513139e06	2	12.418015	0.844864	0.0	0.0	2784.098599999999806	2803.733299999999872
PEPTIDE	2791.08809999999994	971.4091796875	0.0	0	AC(Carbamidomethyl)IEEC(Carbamidomethyl)PVDC(Carbamidomethyl)IYEGAR	2	K	M	q-value	MS-GF+_2026-09-01T17:45:52_7198454993515115019	NP_215693.1	15	30	-1
FEATURE	1905.357694529152468	391.284227158234728	1.512722e06	1	26.718308	0.867274	0.0	0.0	1897.194099999999935	1921.00870000000009
FEATURE	1735.575583094091826	574.291055747252017	1.511192e06	2	16.795712	0.845088	0.0	0.0	1730.308899999999994	1751.161299999999983
PEPTIDE	1736.367899999999963	574.292175292968977	0.0	0	ALVEAGM(Oxidation)DVAR	2	R	M	q-value	MS-GF+_2026-09-01T17:45:52_7198454993515115019	NP_216133.1	22	32	-1
FEATURE	4616.907197466879552	590.333800265146124	1.51049e06	1	5.456385	0.918012	0.0	0.0	4612.243599999999788	4622.073099999999613
FEATURE	2212.644481421902583	396.236769607856388	1.510192e06	2	11.782064	0.819638	0.0	0.0	2210.273200000000088	2224.829099999999926
FEATURE	2234.123154467118638	902.905219102604292	1.507779e06	2	15.786182	0.783168	0.0	0.0	2229.361300000000028	2244.882999999999811
PEPTIDE	2232.96140000000014	902.905883789062045	0.0	0	ANDESM(Oxidation)PDEAQLELAR	2	R	T	q-value	MS-GF+_2026-09-01T17:45:52_7198454993515115019	NP_217449.1	1307	1322	-1
FEATURE	2248.066633171396916	752.866160400035483	1.506287e06	2	12.477767	0.846042	0.0	0.0	2238.931799999999839	2259.947299999999814
PEPTIDE	2245.491500000000087	752.866882324218977	0.0	0	LAGISNIEDQSSDR	2	K	V	q-value	MS-GF+_2026-09-01T17:45:52_7198454993515115019	NP_214520.1	295	308	-1
FEATURE	4028.906121765252919	437.120903407966352	1.506145e06	1	27.653948	0.887461	0.0	0.0	4013.413199999999961	4045.882999999999811
FEATURE	3338.871298975204809	532.296893569198119	1.504097e06	1	20.940521	0.851647	0.0	0.0	3329.693000000000211	3355.887000000000171
FEATURE	4213.080444953567167	476.260603337087616	1.503429e06	1	24.686562	0.885146	0.0	0.0	4195.913199999999961	4233.68329999999969
FEATURE	2654.206137349634446	777.445668039132443	1.502949e06	2	14.181962	0.806108	0.0	0.0	2650.453899999999976	2665.127399999999852
FEATURE	2318.742062701209761	418.219312545997525	1.501305e06	2	14.068041	0.815664	0.0	0.0	2311.593800000000101	2330.477199999999812
FEATURE	2659.758955455091382	828.953689064898867	1.50069e06	2	15.5566	0.849778	0.0	0.0	2654.994700000000194	2671.328700000000026
PEPTIDE	2658.744000000000142	828.950622558593977	0.0	0	FVAVEPAASPVLSGGQK	2	R	G	q-value	MS-GF+_2026-09-01T17:45:52_7198454993515115019	YP_177868.1	198	214	-1
FEATURE	3132.77457526531407	836.440965025137416	1.500629e06	2	13.857317	0.866775	0.0	0.0	3124.266299999999774	3145.420500000000175
PEPTIDE	3127.655499999999847	836.439086914062045	0.0	0	EIEAPGSGATLQVPFR	2	R	R	q-value	MS-GF+_2026-09-01T17:45:52_7198454993515115019	NP_214937.1	22	37	-1
FEATURE	3527.480991732064922	774.97959938219708	1.500274e06	2	15.37086	0.914085	0.0	0.0	3515.553100000000086	3542.361899999999878
PEPTIDE	3518.199200000000019	774.982116699218977	0.0	0	LVAAGVNPIALGVGIGK	2	R	A	q-value	MS-GF+_2026-09-01T17:45:52_7198454993515115019	NP_217934.1	104	120	-1
FEATURE	1337.562358983182321	355.07074573972892	1.497914e06	1	12.429667	0.892631	0.0	0.0	1329.894800000000032	1343.914299999999912
FEATURE	2378.529517208089146	790.391170003303273	1.496902e06	2	17.489456	0.782951	0.0	0.0	2372.073499999999967	2390.964300000000094
FEATURE	2634.896382734959843	757.886720609121198	1.496592e06	2	12.810796	0.811424	0.0	0.0	2623.364500000000135	2640.184900000000198
PEPTIDE	2636.570799999999963	757.884704589843977	0.0	0	GILNGSEPVSPASMR	2	K	K	q-value	MS-GF+_2026-09-01T17:45:52_7198454993515115019	NP_218318.1	315	329	-1
FEATURE	1890.602415852035847	636.28260619096568	1.496225e06	2	16.768175	0.770171	0.0	0.0	1886.123399999999947	1904.234300000000076
PEPTIDE	1890.822899999999891	636.279479980468977	6.1652281134402e-04	0	ASLAEYM(Oxidation)DAER	2	R	L	q-value	MS-GF+_2026-09-01T17:45:52_7198454993515115019	YP_177885.1	218	228	-1
FEATURE	1562.400517104193796	465.274453645341453	1.495319e06	2	11.522944	0.839533	0.0	0.0	1550.442000000000007	1570.367199999999912
FEATURE	2961.338445092973871	835.431646312557973	1.491508e06	2	15.690535	0.873621	0.0	0.0	2951.879300000000058	2976.382500000000164
FEATURE	2708.416034978781681	960.998232542221558	1.489293e06	2	14.888968	0.766251	0.0	0.0	2701.825600000000122	2719.678199999999833
FEATURE	1538.440248414010512	371.101057119391101	1.489262e06	1	11.432671	0.869653	0.0	0.0	1531.249900000000025	1546.722999999999956
FEATURE	4562.458766380427733	547.137022414070202	1.489142e06	1	8.011148	0.841389	0.0	0.0	4558.283099999999649	4569.693000000000211
FEATURE	3874.849208709068989	447.117032500656705	1.48889e06	1	26.106556	0.855239	0.0	0.0	3862.010000000000218	3888.919300000000021
FEATURE	2522.947255584633695	790.437490430079947	1.488096e06	2	13.379462	0.793695	0.0	0.0	2514.634799999999814	2533.150500000000193
PEPTIDE	2520.504199999999855	790.436584472656023	6.1652281134402e-04	0	ANAASLLPVHAM(Oxidation)QIK	2	R	Y	q-value	MS-GF+_2026-09-01T17:45:52_7198454993515115019	NP_216992.1	1234	1248	-1
FEATURE	2292.828727844108471	747.445391336058265	1.487521e06	1	18.065462	0.843637	0.0	0.0	2288.418799999999919	2305.682600000000093
FEATURE	2676.196583459906378	758.377720426860492	1.485733e06	2	16.201155	0.825014	0.0	0.0	2664.196199999999863	2687.7496000000001
FEATURE	2715.475582297857727	849.447205461285876	1.483083e06	2	11.678205	0.836554	0.0	0.0	2710.939899999999852	2725.744700000000194
PEPTIDE	2716.847999999999956	849.443481445312045	0.0	0	GLAAGLDPNTATAGELAR	2	K	D	q-value	MS-GF+_2026-09-01T17:45:52_7198454993515115019	NP_217142.1	57	74	-1
FEATURE	1767.261694855695623	534.629955239620699	1.481859e06	3	11.329951	0.776368	0.0	0.0	1761.695099999999911	1769.542599999999993
PEPTIDE	1763.802400000000034	534.630126953125	0.0	0	AKGAEIFATAGNPAKR	3	R	A	q-value	MS-GF+_2026-09-01T17:45:52_7198454993515115019	NP_217456.1	1580	1595	-1
FEATURE	3274.854752346384885	565.328030965331323	1.481425e06	2	16.563101	0.854386	0.0	0.0	3269.909700000000157	3286.608400000000074
PEPTIDE	3271.650000000000091	565.327270507812045	6.1652281134402e-04	0	AELIDVLTQK	2	K	L	q-value	MS-GF+_2026-09-01T17:45:52_7198454993515115019	NP_217502.1	3	12	-1
FEATURE	3119.019375499705347	709.855738991357725	1.476781e06	2	16.130222	0.861295	0.0	0.0	3109.801199999999881	3131.897100000000137
PEPTIDE	3122.969000000000051	709.852172851562045	0.0	0	TDDILLIDTDER	2	M	V	q-value	MS-GF+_2026-09-01T17:45:52_7198454993515115019	NP_217347.1	1	12	-1
FEATURE	4502.120938749804736	532.214292652787435	1.475208e06	1	12.409969	0.850273	0.0	0.0	4493.314900000000307	4515.144900000000234
FEATURE	4598.192859107453842	525.332311194577187	1.474582e06	1	5.185531	0.815204	0.0	0.0	4595.3729000000003	4602.525099999999839
FEATURE	2943.864557177919778	717.392171919078805	1.474185e06	2	15.036814	0.826502	0.0	0.0	2936.347200000000157	2954.557800000000043
FEATURE	3018.239460415951271	774.399958235616055	1.473578e06	2	17.943041	0.785374	0.0	0.0	3005.162699999999859	3027.876999999999953
FEATURE	3397.663565133109387	918.480031620690284	1.47031e06	2	16.321009	0.86246	0.0	0.0	3386.504699999999957	3410.129100000000108
FEATURE	4011.969196428708983	902.492682100813681	1.469484e06	2	16.579392	0.89019	0.0	0.0	3999.064699999999903	4027.603200000000015
PEPTIDE	4003.257799999999861	902.496826171875	0.0	0	QEAVLEDPYILLVSSK	2	R	V	q-value	MS-GF+_2026-09-01T17:45:52_7198454993515115019	NP_214954.1	208	223	-1
FEATURE	2328.945008568216053	827.890137673714207	1.469324e06	2	13.42409	0.839498	0.0	0.0	2324.157999999999902	2336.830800000000181
PEPTIDE	2327.10739999999987	827.890319824218977	0.0	0	NDEYDNEVYRLPK	2	K	H	q-value	MS-GF+_2026-09-01T17:45:52_7198454993515115019	NP_217765.1	438	450	-1
FEATURE	1630.754895722393712	575.30398903526725	1.468798e06	2	9.346396	0.817986	0.0	0.0	1622.790400000000091	1634.60329999999999
PEPTIDE	1626.636500000000069	575.304321289062045	1.21580547112462e-03	0	EAIAIDPQHR	2	K	L	q-value	MS-GF+_2026-09-01T17:45:52_7198454993515115019	NP_216043.1	95	104	-1
FEATURE	4396.317205178791482	463.196603318063751	1.467768e06	1	44.764698	0.846274	0.0	0.0	4364.724100000000362	4404.882800000000316
FEATURE	2432.408740036804829	777.892780210100113	1.467505e06	2	13.538109	0.819068	0.0	0.0	2424.71369999999979	2438.215999999999895
PEPTIDE	2427.23660000000018	777.891174316406023	0.0	0	SASSNPALTLPEDPR	2	R	E	q-value	MS-GF+_2026-09-01T17:45:52_7198454993515115019	NP_215313.1	132	146	-1
FEATURE	2994.167429553206148	737.907144210008482	1.466948e06	2	11.084883	0.805555	0.0	0.0	2987.80560000000014	3003.39489999999978
FEATURE	4617.100065948164229	629.260334013361785	1.466228e06	1	4.408318	0.876622	0.0	0.0	4614.013100000000122	4621.203000000000429
FEATURE	4625.750625152324574	505.214738885078646	1.466175e06	1	5.672129	0.87429	0.0	0.0	4621.203000000000429	4631.682999999999993
FEATURE	2057.697676308276641	938.495193542884067	1.465337e06	1	10.969292	0.865228	0.0	0.0	2051.490200000000186	2067.913000000000011
FEATURE	3551.731093875748229	691.354837949153193	1.465273e06	2	18.793715	0.87363	0.0	0.0	3539.50649999999996	3565.531100000000151
PEPTIDE	3542.966800000000148	691.356628417968977	0.0	0	ATTDEPFAALAFK	2	K	I	q-value	MS-GF+_2026-09-01T17:45:52_7198454993515115019	YP_177746.1	307	319	-1
FEATURE	3121.248375649522131	752.405405236117872	1.464112e06	2	14.51847	0.836912	0.0	0.0	3107.402700000000095	3136.522100000000137
PEPTIDE	3118.863800000000083	752.406799316406023	0.0	0	ITDSALVAAATLSDR	2	R	Y	q-value	MS-GF+_2026-09-01T17:45:52_7198454993515115019	NP_214898.1	365	379	-1
FEATURE	1767.697115828710821	421.229929896995941	1.463358e06	2	13.603747	0.767279	0.0	0.0	1764.412900000000036	1781.925899999999956
PEPTIDE	1761.179200000000037	421.228912353516023	6.1652281134402e-04	0	AGNPLDVR	2	K	E	q-value	MS-GF+_2026-09-01T17:45:52_7198454993515115019	NP_216907.1	39	46	-1
FEATURE	1461.609750547772819	511.598495545111859	1.462415e06	3	12.329808	0.830443	0.0	0.0	1452.039299999999912	1474.383599999999888
FEATURE	1906.25792202816092	476.241290936267319	1.461875e06	2	12.935472	0.854513	0.0	0.0	1898.885099999999966	1917.977799999999888
FEATURE	1544.610258204941601	926.473246813613059	1.460871e06	1	17.07666	0.825961	0.0	0.0	1538.927899999999909	1556.20679999999993
FEATURE	3280.738073233124396	842.918532897213936	1.459664e06	2	22.914475	0.760323	0.0	0.0	3269.909700000000157	3300.261599999999817
FEATURE	2524.141617286414657	809.401828769582153	1.458879e06	2	10.962599	0.745312	0.0	0.0	2518.738299999999981	2534.878099999999904
FEATURE	4545.387686710995695	515.188076930003604	1.457508e06	1	6.225736	0.864111	0.0	0.0	4539.983000000000175	4551.283699999999953
FEATURE	2734.635150385141969	957.423556733709461	1.456506e06	1	13.810332	0.851231	0.0	0.0	2724.594399999999951	2746.270500000000084
FEATURE	4153.347824353259057	364.160405417522838	1.455871e06	1	29.284792	0.886205	0.0	0.0	4144.972999999999956	4172.353000000000066
FEATURE	2506.911700628238123	1051.493014953450938	1.455175e06	2	14.428958	0.785472	0.0	0.0	2500.853000000000066	2517.194100000000162
FEATURE	2286.723430627468133	599.328686812293654	1.454694e06	2	13.366143	0.815438	0.0	0.0	2280.912200000000212	2294.980599999999868
FEATURE	2359.650925046154953	1052.482471452241271	1.453433e06	2	12.957308	0.826969	0.0	0.0	2356.21309999999994	2370.427599999999984
FEATURE	3937.986125447655923	677.350158346245735	1.452279e06	1	20.715797	0.903989	0.0	0.0	3922.023000000000138	3958.403899999999794
FEATURE	2404.667698232813564	692.894126464539227	1.452057e06	2	14.229492	0.811597	0.0	0.0	2395.943499999999858	2414.698899999999867
PEPTIDE	2402.799599999999828	692.894287109375	6.1652281134402e-04	0	TTQATPLTPVISR	2	M	H	q-value	MS-GF+_2026-09-01T17:45:52_7198454993515115019	NP_217666.1	1	13	-1
FEATURE	3039.02439560414723	1039.029618219251688	1.45181e06	2	13.368436	0.808357	0.0	0.0	3031.841300000000047	3045.614999999999782
FEATURE	4385.019882316030817	408.222970439149833	1.44997e06	1	27.163675	0.869909	0.0	0.0	4373.323199999999815	4408.662900000000263
FEATURE	4619.070549519270571	646.323765471020238	1.449648e06	1	4.641802	0.912033	0.0	0.0	4614.88379999999961	4623.82300000000032
FEATURE	2812.571113837898338	809.919444540447103	1.449091e06	2	14.491092	0.76179	0.0	0.0	2803.733299999999872	2821.022599999999784
FEATURE	2634.577175730029467	427.703387754392679	1.448936e06	4	16.693863	0.859545	0.0	0.0	2626.80619999999999	2644.651800000000094
FEATURE	4389.276344604372753	514.322823402318477	1.448824e06	1	24.920757	0.886842	0.0	0.0	4374.283099999999649	4412.425500000000284
FEATURE	3229.173905897308487	1019.465709802752713	1.447654e06	2	14.296427	0.870685	0.0	0.0	3217.992999999999938	3243.277900000000045
PEPTIDE	3221.643799999999828	1019.470703125	0.0	0	AYVETVDELVGGEADDAER	2	K	R	q-value	MS-GF+_2026-09-01T17:45:52_7198454993515115019	NP_218163.1	469	487	-1
FEATURE	2379.21087539551263	726.878383585529605	1.446965e06	2	15.505022	0.78919	0.0	0.0	2376.974099999999908	2390.964300000000094
FEATURE	1933.08293168121736	507.272385188598037	1.44521e06	2	15.701399	0.774354	0.0	0.0	1927.425500000000056	1944.185600000000022
FEATURE	3292.188813640770604	824.422383976718038	1.444008e06	1	15.110103	0.807356	0.0	0.0	3284.601000000000113	3301.21309999999994
FEATURE	4526.020471742558584	506.271300298587505	1.443831e06	1	8.763904	0.880738	0.0	0.0	4519.63379999999961	4534.732899999999972
FEATURE	3539.406825530752485	730.923163010235385	1.443759e06	2	18.986654	0.872282	0.0	0.0	3527.620300000000043	3555.899300000000039
FEATURE	4143.070235344433058	685.287282402949813	1.442425e06	1	24.136038	0.835593	0.0	0.0	4122.793399999999565	4148.564900000000307
FEATURE	2957.926291219678205	927.556180339576144	1.441911e06	1	12.055076	0.903868	0.0	0.0	2950.80159999999978	2966.258899999999812
FEATURE	1630.450887396274993	495.794852727709326	1.441595e06	2	13.954989	0.799339	0.0	0.0	1627.242899999999963	1643.713400000000092
FEATURE	3576.472733753784269	626.359593810265096	1.438425e06	2	17.125181	0.888885	0.0	0.0	3568.363199999999779	3587.933700000000044
FEATURE	2915.345259440507107	801.413957946961546	1.437919e06	2	14.872499	0.840109	0.0	0.0	2909.913399999999911	2928.679000000000087
PEPTIDE	2917.600600000000213	801.416076660156023	0.0	0	LASYLGSGYIVESSR	2	K	G	q-value	MS-GF+_2026-09-01T17:45:52_7198454993515115019	NP_218163.1	31	45	-1
FEATURE	4468.387015337742014	558.349318176342763	1.437474e06	1	17.771318	0.881186	0.0	0.0	4457.215400000000045	4480.51299999999992
FEATURE	2782.164756643629062	574.783217387276523	1.436457e06	2	16.463146	0.822231	0.0	0.0	2777.171899999999823	2793.815000000000055
PEPTIDE	2775.702000000000226	574.7802734375	6.1652281134402e-04	0	DVLSEFPADR	2	R	G	q-value	MS-GF+_2026-09-01T17:45:52_7198454993515115019	NP_216564.2	2086	2095	-1
FEATURE	2776.542488361992127	785.407760164423507	1.434114e06	2	11.787683	0.775075	0.0	0.0	2767.284500000000207	2782.581499999999778
PEPTIDE	2772.728500000000167	785.408325195312045	0.0	0	ADLPC(Carbamidomethyl)GSTIGPLAAAR	2	R	T	q-value	MS-GF+_2026-09-01T17:45:52_7198454993515115019	NP_215315.1	372	387	-1
FEATURE	3588.702129908288043	721.395152810672812	1.432843e06	2	16.332029	0.890582	0.0	0.0	3577.556099999999788	3600.233000000000175
PEPTIDE	3579.782200000000103	721.3955078125	0.0	0	IAEAEGLQVLGWR	2	K	S	q-value	MS-GF+_2026-09-01T17:45:52_7198454993515115019	NP_218376.1	109	121	-1
FEATURE	1474.842816581977559	542.808742674797827	1.432188e06	2	11.160313	0.869959	0.0	0.0	1466.113800000000083	1483.457200000000057
FEATURE	2519.319738334690101	901.430078090499819	1.431984e06	2	11.700574	0.863172	0.0	0.0	2512.090599999999995	2528.647699999999986
FEATURE	2816.812923286794103	772.890319399904115	1.431243e06	2	10.329199	0.821457	0.0	0.0	2808.476000000000113	2821.022599999999784
FEATURE	2906.936500276779498	731.357673857532973	1.430122e06	2	14.184382	0.813043	0.0	0.0	2900.473500000000058	2916.715400000000045
FEATURE	2359.66530891963339	461.735185518947162	1.42812e06	2	15.099489	0.827874	0.0	0.0	2354.814400000000205	2370.427599999999984
FEATURE	3161.882187160646026	484.318976587577026	1.424681e06	2	17.553509	0.821698	0.0	0.0	3154.656500000000051	3171.260099999999966
FEATURE	4057.872658389975641	459.165238619906688	1.423126e06	1	24.541729	0.901832	0.0	0.0	4044.934699999999793	4076.272899999999936
FEATURE	3099.446643851042154	616.844329419874612	1.41933e06	2	18.431063	0.822806	0.0	0.0	3088.434000000000196	3110.726200000000063
FEATURE	1925.484357663736319	486.758996547370373	1.418299e06	2	12.198146	0.805461	0.0	0.0	1921.00870000000009	1933.723799999999983
FEATURE	2841.999936475397135	889.467145247193912	1.418187e06	3	9.875603	0.758516	0.0	0.0	2839.062199999999848	2848.484300000000076
FEATURE	2784.229323365258551	511.73662648044575	1.418186e06	2	11.603661	0.823674	0.0	0.0	2780.63779999999997	2795.782999999999902
PEPTIDE	2781.413000000000011	511.736999511718977	0.0	0	GLADLMC(Carbamidomethyl)DK	2	R	L	q-value	MS-GF+_2026-09-01T17:45:52_7198454993515115019	NP_216043.1	2088	2096	-1
FEATURE	1507.045955864100506	502.256250951981485	1.418168e06	2	16.963404	0.762444	0.0	0.0	1499.727799999999888	1521.323399999999992
PEPTIDE	1511.017000000000053	502.256500244141023	6.1652281134402e-04	0	ADIEATEVR	2	R	T	q-value	MS-GF+_2026-09-01T17:45:52_7198454993515115019	NP_217621.1	115	123	-1
FEATURE	1627.82208138868009	810.401819261863466	1.418012e06	2	11.637883	0.819308	0.0	0.0	1619.821899999999914	1634.60329999999999
PEPTIDE	1623.811300000000074	810.3994140625	6.1652281134402e-04	0	VRPYGM(Oxidation)AGGSPGELGR	2	R	N	q-value	MS-GF+_2026-09-01T17:45:52_7198454993515115019	NP_214780.1	1145	1160	-1
FEATURE	2172.355887360618908	610.981076729179335	1.417805e06	3	11.516369	0.779771	0.0	0.0	2162.519200000000183	2176.761800000000221
PEPTIDE	2174.260999999999967	610.981811523437955	6.1652281134402e-04	0	LASAIAGGAPMYQRPGDR	3	R	R	q-value	MS-GF+_2026-09-01T17:45:52_7198454993515115019	NP_217040.1	3020	3037	-1
FEATURE	3393.260780890756905	686.180916514074511	1.414372e06	1	14.303879	0.864567	0.0	0.0	3388.314400000000205	3401.335099999999784
FEATURE	1530.911672457124951	905.444362389126354	1.413953e06	2	14.938548	0.820685	0.0	0.0	1521.323399999999992	1542.11239999999998
PEPTIDE	1530.033100000000104	905.447814941406023	0.0	0	GTAANQDGHTVNIATPSR	2	R	S	q-value	MS-GF+_2026-09-01T17:45:52_7198454993515115019	NP_216043.1	275	292	-1
FEATURE	1736.958478215215564	502.268685912417766	1.413921e06	1	15.830529	0.746477	0.0	0.0	1726.11220000000003	1749.579300000000103
FEATURE	2856.854799436671783	1295.124016950490159	1.413057e06	2	8.972637	0.752528	0.0	0.0	2854.295000000000073	2862.943000000000211
FEATURE	2816.556384872956642	778.395009155743651	1.408937e06	2	12.852875	0.813034	0.0	0.0	2806.814100000000053	2823.969099999999799
FEATURE	4641.996970275258718	910.573576852846486	1.40879e06	1	7.637263	0.862714	0.0	0.0	4636.98279999999977	4649.474699999999757
FEATURE	3614.377975702429012	786.406404683150299	1.407807e06	2	13.687768	0.843957	0.0	0.0	3603.402599999999893	3628.41359999999986
PEPTIDE	3607.929200000000037	786.405212402343977	0.0	0	NVADDSVDNLIAAVR	2	R	R	q-value	MS-GF+_2026-09-01T17:45:52_7198454993515115019	YP_177855.1	402	416	-1
FEATURE	1249.22020161185992	355.070668830749412	1.406207e06	1	17.206284	0.77785	0.0	0.0	1235.754899999999907	1265.93139999999994
FEATURE	2848.271022155618994	642.356796087923044	1.403752e06	2	11.750607	0.754345	0.0	0.0	2841.753499999999804	2854.295000000000073
PEPTIDE	2844.351000000000113	642.358215332031023	0.0	0	YFASLVTGQVAK	2	R	N	q-value	MS-GF+_2026-09-01T17:45:52_7198454993515115019	NP_215375.1	285	296	-1
FEATURE	2520.725832035151143	734.413408517234643	1.403672e06	1	12.04138	0.825571	0.0	0.0	2510.053800000000138	2520.800799999999981
FEATURE	3909.962483353616335	682.344502933732315	1.399626e06	1	44.929047	0.860893	0.0	0.0	3881.615200000000186	3934.694800000000214
FEATURE	2899.932665084099881	859.354045328458824	1.398325e06	2	12.512945	0.833338	0.0	0.0	2892.300200000000132	2907.27390000000014
FEATURE	3909.2660373613503	578.220068380549492	1.396126e06	1	24.591902	0.858763	0.0	0.0	3892.902900000000045	3933.742900000000191
FEATURE	4672.696054238826946	898.395862642000338	1.3961e06	1	7.545028	0.876659	0.0	0.0	4666.372999999999593	4675.413099999999758
FEATURE	3948.225081793996651	730.90485166615963	1.394847e06	2	15.368771	0.894205	0.0	0.0	3937.488400000000183	3963.122800000000098
FEATURE	3634.875440802306912	362.253956950045847	1.391025e06	1	21.23217	0.882598	0.0	0.0	3618.795300000000225	3648.376400000000103
FEATURE	1909.752571189635091	511.251111785131968	1.389424e06	2	16.145893	0.82314	0.0	0.0	1900.553300000000036	1922.998199999999997
PEPTIDE	1905.542500000000018	511.250396728516023	0.0	0	AYDLPEASR	2	K	T	q-value	MS-GF+_2026-09-01T17:45:52_7198454993515115019	NP_214520.1	580	588	-1
FEATURE	4596.7404420199382	562.396854328973518	1.389333e06	1	4.27682	0.908255	0.0	0.0	4593.613699999999881	4600.743000000000393
FEATURE	2070.431067353376875	833.42050199819812	1.389163e06	2	10.176647	0.772526	0.0	0.0	2062.796200000000226	2075.645700000000034
FEATURE	3375.66517607147307	714.175654538892445	1.388028e06	1	21.267977	0.801083	0.0	0.0	3367.905999999999949	3390.165100000000166
FEATURE	2400.67324228809639	763.370123521074561	1.384195e06	2	13.52022	0.868935	0.0	0.0	2394.511399999999867	2412.648799999999937
PEPTIDE	2396.553199999999833	763.368530273437955	0.0	0	VPDIHDVALM(Oxidation)EDR	2	K	A	q-value	MS-GF+_2026-09-01T17:45:52_7198454993515115019	NP_216353.1	621	633	-1
FEATURE	2500.568457509114069	516.944071602160307	1.382823e06	3	5.964339	0.853836	0.0	0.0	2494.743399999999838	2503.893399999999929
FEATURE	3179.13611053575687	685.887225234813172	1.381886e06	2	14.042764	0.833289	0.0	0.0	3173.99369999999999	3187.732100000000173
PEPTIDE	3175.801500000000033	685.888916015625	0.0	0	IAAGETLEQLGLR	2	R	Q	q-value	MS-GF+_2026-09-01T17:45:52_7198454993515115019	NP_217483.1	314	326	-1
FEATURE	1249.305857986614001	429.089787066622648	1.37857e06	1	24.355803	0.907757	0.0	0.0	1234.712899999999991	1265.93139999999994
FEATURE	3179.100394850092016	692.842371089455355	1.378332e06	2	16.206671	0.857256	0.0	0.0	3169.794199999999819	3189.593699999999899
FEATURE	3461.201008632401226	648.370161075886699	1.376783e06	2	15.3292	0.878627	0.0	0.0	3452.859899999999925	3474.309099999999944
PEPTIDE	3453.412800000000061	648.371398925781023	0.0	0	DQPDVIVLGLAR	2	R	G	q-value	MS-GF+_2026-09-01T17:45:52_7198454993515115019	NP_216546.1	36	47	-1
FEATURE	1761.857765125090964	718.373961092770742	1.375937e06	2	14.463214	0.757877	0.0	0.0	1753.709299999999985	1776.873299999999972
FEATURE	2488.210760756319814	502.282248963492634	1.373737e06	2	14.009304	0.821701	0.0	0.0	2474.881800000000112	2500.853000000000066
PEPTIDE	2497.905499999999847	502.281799316406023	6.1652281134402e-04	0	FAATEVIPR	2	R	L	q-value	MS-GF+_2026-09-01T17:45:52_7198454993515115019	NP_216578.1	755	763	-1
FEATURE	4551.067440946224451	502.204124212762167	1.373302e06	1	6.500271	0.880399	0.0	0.0	4548.653599999999642	4556.522799999999734
FEATURE	3761.785022359732921	682.34423523373232	1.373029e06	1	28.336824	0.880969	0.0	0.0	3748.694100000000162	3786.323100000000068
FEATURE	2351.815016438474231	988.550256952947734	1.372664e06	1	9.722728	0.804126	0.0	0.0	2351.483299999999872	2359.884900000000016
FEATURE	3781.915931659582839	643.864524946181518	1.372412e06	2	13.450752	0.892869	0.0	0.0	3774.333299999999781	3792.002899999999954
PEPTIDE	3772.090599999999995	643.865295410156023	0.0	0	EEVVDLIGTLAK	2	R	S	q-value	MS-GF+_2026-09-01T17:45:52_7198454993515115019	NP_216815.1	88	99	-1
FEATURE	2189.529903659621596	433.242697994184766	1.369866e06	2	8.4819	0.835525	0.0	0.0	2184.553800000000138	2192.9699999999998
PEPTIDE	2190.073199999999815	433.242889404296989	6.1652281134402e-04	0	DYLVVTR	2	R	S	q-value	MS-GF+_2026-09-01T17:45:52_7198454993515115019	YP_177758.1	115	121	-1
FEATURE	1671.500635298239558	488.764071348344771	1.369692e06	2	8.803677	0.863445	0.0	0.0	1662.744200000000092	1674.227900000000091
PEPTIDE	1666.49759999999992	488.764312744141023	5.353319057815841e-03	0	AFTAVGGTPR	2	R	F	q-value	MS-GF+_2026-09-01T17:45:52_7198454993515115019	NP_215038.1	38	47	-1
FEATURE	2426.662955233709454	561.283292349067551	1.367736e06	2	12.34423	0.876936	0.0	0.0	2417.308700000000044	2433.186900000000151
FEATURE	1556.083703945468415	594.316930191831148	1.367405e06	2	11.016272	0.837762	0.0	0.0	1552.106899999999996	1562.174299999999903
PEPTIDE	1550.996200000000044	594.314025878906023	6.1652281134402e-04	0	DGVAQELKAEK	2	K	V	q-value	MS-GF+_2026-09-01T17:45:52_7198454993515115019	NP_214976.1	251	261	-1
FEATURE	2212.263493239731361	471.239877687375895	1.367183e06	2	19.378155	0.791967	0.0	0.0	2206.169899999999871	2224.829099999999926
FEATURE	2877.078920816921709	722.853180829666258	1.366465e06	1	11.411672	0.833444	0.0	0.0	2868.969700000000103	2879.990099999999984
FEATURE	3736.890560398398975	744.356155737831386	1.366187e06	1	19.387743	0.896057	0.0	0.0	3729.663000000000011	3750.444500000000062
FEATURE	2607.496366660908734	1094.513315434240894	1.364287e06	2	11.605832	0.7636	0.0	0.0	2603.192799999999806	2617.267699999999877
FEATURE	2323.704979511060628	700.461453009375646	1.362357e06	1	11.767094	0.868399	0.0	0.0	2315.547399999999925	2334.130599999999959
FEATURE	3583.29224466190135	904.432845760310556	1.360087e06	1	26.520847	0.883401	0.0	0.0	3565.531100000000151	3601.194899999999961
FEATURE	1240.596595796426072	632.964649902188853	1.359506e06	3	13.835092	0.832961	0.0	0.0	1230.533599999999979	1254.664700000000039
FEATURE	1862.449429439504229	599.282881744855217	1.35743e06	2	13.665551	0.891422	0.0	0.0	1859.526599999999917	1876.211099999999988
FEATURE	2943.148429065957771	714.406407907104153	1.356186e06	2	18.059797	0.820146	0.0	0.0	2928.679000000000087	2951.879300000000058
FEATURE	1711.830918311138248	426.234469220026767	1.355106e06	2	14.370556	0.875208	0.0	0.0	1709.805399999999963	1726.70880000000011
FEATURE	4637.191567671579833	776.576674422107772	1.355064e06	1	6.282926	0.848255	0.0	0.0	4634.323099999999613	4641.434699999999793
FEATURE	2387.246414406633903	753.366175581941207	1.353689e06	2	18.650011	0.759272	0.0	0.0	2383.977899999999863	2401.964300000000094
FEATURE	1932.693741389835168	945.448714352949082	1.352464e06	2	16.613308	0.720335	0.0	0.0	1931.119699999999966	1945.338899999999967
FEATURE	2409.466346877894466	961.502799418564905	1.352021e06	1	14.897801	0.853771	0.0	0.0	2401.964300000000094	2421.639700000000175
FEATURE	3366.978506296018622	703.440486839937876	1.35191e06	1	16.667894	0.876688	0.0	0.0	3354.333099999999831	3379.623099999999795
FEATURE	3330.440011538767067	544.801874496830919	1.3519e06	2	16.699139	0.870087	0.0	0.0	3315.739799999999832	3341.714699999999994
PEPTIDE	3341.405499999999847	544.802124023437955	6.1652281134402e-04	0	SVSDALDILR	2	R	W	q-value	MS-GF+_2026-09-01T17:45:52_7198454993515115019	NP_215220.1	37	46	-1
FEATURE	2704.836059282023598	945.493971253291761	1.351451e06	2	18.499733	0.745031	0.0	0.0	2697.664099999999962	2715.050900000000183
FEATURE	3125.725231067970526	647.319457577292837	1.351323e06	2	13.673757	0.863844	0.0	0.0	3114.951599999999871	3137.41379999999981
PEPTIDE	3115.51339999999982	647.320922851562045	0.0	0	SLDMSAAALAGMR	2	R	R	q-value	MS-GF+_2026-09-01T17:45:52_7198454993515115019	NP_216043.1	827	839	-1
FEATURE	1889.750252176382674	476.249262778154332	1.350587e06	1	15.862206	0.873357	0.0	0.0	1882.17489999999998	1897.194099999999935
FEATURE	4600.998929932175997	704.367003824503968	1.35025e06	1	5.618454	0.88231	0.0	0.0	4597.145099999999729	4606.07300000000032
FEATURE	2006.046232226254233	691.375253723140077	1.349663e06	1	11.826775	0.765174	0.0	0.0	1998.90300000000002	2014.738000000000056
FEATURE	2670.595000270179298	925.49132324174434	1.348038e06	2	12.091107	0.807882	0.0	0.0	2664.196199999999863	2680.443699999999808
PEPTIDE	2672.399199999999837	925.49560546875	0.0	0	AAAAGGQVIAEPADIPSVGR	2	K	F	q-value	MS-GF+_2026-09-01T17:45:52_7198454993515115019	NP_215091.1	220	239	-1
FEATURE	3808.123170562470932	391.284571901089862	1.346867e06	1	19.768415	0.908728	0.0	0.0	3799.692799999999807	3817.702900000000227
FEATURE	4136.893591761905555	494.166004470874668	1.346195e06	1	27.596584	0.882631	0.0	0.0	4121.842899999999645	4155.842999999999847
FEATURE	3013.255051236907548	782.399507600483275	1.345553e06	2	15.745382	0.863436	0.0	0.0	3002.709299999999985	3020.930100000000039
FEATURE	2639.318382625403956	829.913345514371372	1.340835e06	2	11.728318	0.834812	0.0	0.0	2630.432499999999891	2648.599900000000162
PEPTIDE	2640.744599999999991	829.910583496093977	0.0	0	VLADDC(Carbamidomethyl)VNLEQGGLR	2	R	G	q-value	MS-GF+_2026-09-01T17:45:52_7198454993515115019	NP_218342.1	1337	1351	-1
FEATURE	3258.291658614993594	589.825326922786985	1.338408e06	2	13.424257	0.90967	0.0	0.0	3244.51949999999988	3263.449500000000171
PEPTIDE	3257.906500000000051	589.82421875	6.1652281134402e-04	0	GDGLALALSYAK	2	R	A	q-value	MS-GF+_2026-09-01T17:45:52_7198454993515115019	NP_217517.3	155	166	-1
FEATURE	4569.108170691712076	520.2870379454248	1.336943e06	1	7.002173	0.852399	0.0	0.0	4564.413700000000063	4575.834899999999834
FEATURE	3154.170906704874596	563.811824243070305	1.335826e06	2	14.466954	0.842049	0.0	0.0	3148.63760000000002	3163.272300000000087
PEPTIDE	3148.344000000000051	563.8115234375	0.0	0	VFDYTLAIGK	2	R	T	q-value	MS-GF+_2026-09-01T17:45:52_7198454993515115019	NP_215375.1	488	497	-1
FEATURE	3317.511374948282537	926.368431055825909	1.335625e06	1	18.220163	0.873827	0.0	0.0	3307.729699999999866	3333.656500000000051
FEATURE	1524.755238361414968	563.745320847347443	1.332897e06	2	13.133772	0.845512	0.0	0.0	1514.211499999999887	1530.392700000000104
FEATURE	4028.914287225456064	814.350739918649651	1.332113e06	1	18.13522	0.894802	0.0	0.0	4015.303199999999833	4045.882999999999811
FEATURE	2294.64689690676596	462.271869059485368	1.326768e06	3	13.162379	0.806984	0.0	0.0	2287.331499999999778	2304.232500000000073
FEATURE	2750.704109079538284	671.342572147063265	1.325897e06	2	13.18497	0.789716	0.0	0.0	2742.433599999999842	2757.016500000000178
FEATURE	2392.31836207360675	502.792876606417167	1.319737e06	2	13.245409	0.711491	0.0	0.0	2382.513100000000122	2405.424399999999878
PEPTIDE	2386.258800000000065	502.791198730468977	6.1652281134402e-04	0	LPGTVFTAAK	2	K	E	q-value	MS-GF+_2026-09-01T17:45:52_7198454993515115019	NP_217740.1	44	53	-1
FEATURE	4004.831281122080327	537.27015559143797	1.319182e06	1	19.984758	0.871196	0.0	0.0	3992.443099999999959	4019.112799999999879
FEATURE	1451.758391694250577	600.832731268476778	1.315848e06	2	13.245964	0.887129	0.0	0.0	1445.660000000000082	1458.893399999999929
PEPTIDE	1443.604399999999941	600.834106445312045	0.0	0	KQDVLAAAEQK	2	R	K	q-value	MS-GF+_2026-09-01T17:45:52_7198454993515115019	NP_216731.1	272	282	-1
FEATURE	2901.644930463482979	745.89260284091813	1.314357e06	2	14.777962	0.779564	0.0	0.0	2899.169300000000021	2912.643099999999777
FEATURE	4545.652455131876195	620.267531742745291	1.312897e06	1	6.91015	0.896587	0.0	0.0	4543.472999999999956	4552.165100000000166
FEATURE	3587.31115790512149	387.053713017914617	1.312432e06	1	29.961252	0.858469	0.0	0.0	3562.433100000000195	3617.013100000000122
FEATURE	4517.215649529882285	508.239361650200181	1.311637e06	1	8.786369	0.844089	0.0	0.0	4508.863699999999881	4525.915100000000166
FEATURE	3356.07732350229935	882.887591937171919	1.310569e06	2	15.857531	0.880204	0.0	0.0	3347.221399999999903	3369.395500000000084
PEPTIDE	3358.38799999999992	882.88671875	0.0	0	SQTVFM(Oxidation)GDFPMMTEK	2	K	G	q-value	MS-GF+_2026-09-01T17:45:52_7198454993515115019	NP_215181.1	142	156	-1
FEATURE	3342.425247207758275	817.938639602972899	1.309297e06	2	15.906044	0.887445	0.0	0.0	3332.784700000000157	3357.832899999999881
PEPTIDE	3336.30600000000004	817.938171386718977	0.0	0	GETQILGVTTLDM(Oxidation)IK	2	R	M	q-value	MS-GF+_2026-09-01T17:45:52_7198454993515115019	NP_217299.1	376	390	-1
FEATURE	2791.501325840541995	732.353648653609298	1.308509e06	2	14.638063	0.836308	0.0	0.0	2782.581499999999778	2800.426199999999881
PEPTIDE	2793.205800000000181	732.352416992187955	0.0	0	SSSEPIAVIGMGC(Carbamidomethyl)R	2	K	F	q-value	MS-GF+_2026-09-01T17:45:52_7198454993515115019	NP_217449.1	31	44	-1
FEATURE	2929.024272768750961	477.305571876103727	1.307978e06	2	12.895185	0.837432	0.0	0.0	2921.217999999999847	2941.444300000000112
FEATURE	3297.673328524526369	613.28724853218273	1.304973e06	1	29.725668	0.705487	0.0	0.0	3286.608400000000074	3319.158800000000156
FEATURE	1786.275692821007851	1007.515662276771195	1.304262e06	1	16.66873	0.801033	0.0	0.0	1773.764799999999923	1796.231700000000046
FEATURE	4303.177432572022553	417.186863636576334	1.302505e06	1	27.654825	0.887501	0.0	0.0	4278.002900000000409	4324.234800000000178
FEATURE	2810.095831046288822	820.437151011548053	1.301601e06	2	11.550289	0.830479	0.0	0.0	2803.733299999999872	2818.363100000000031
FEATURE	3874.473115625801711	429.089064028951441	1.299505e06	1	32.889462	0.865446	0.0	0.0	3862.896099999999933	3892.902900000000045
FEATURE	2687.607628816281249	935.955720250537866	1.29846e06	2	15.152604	0.756769	0.0	0.0	2683.414200000000164	2697.664099999999962
FEATURE	3142.462801843713351	980.452579019178188	1.298058e06	1	14.615874	0.864865	0.0	0.0	3132.449099999999817	3155.728599999999915
FEATURE	3041.164357471599487	670.807594285686264	1.296203e06	2	16.243052	0.797307	0.0	0.0	3037.136300000000119	3053.572999999999865
PEPTIDE	3041.498300000000199	670.807983398437955	0.0	0	SAWQC(Carbamidomethyl)ALDYAR	2	R	Q	q-value	MS-GF+_2026-09-01T17:45:52_7198454993515115019	NP_214914.1	266	276	-1
FEATURE	1921.781449991230147	716.862547377319288	1.295477e06	2	11.750752	0.767514	0.0	0.0	1916.573100000000068	1928.492299999999887
FEATURE	4499.128050286942198	480.223137957286895	1.294744e06	1	15.304535	0.8886	0.0	0.0	4488.764000000000124	4507.963600000000042
FEATURE	2976.788307966775392	820.474230668968744	1.292842e06	1	13.666416	0.850934	0.0	0.0	2967.412100000000009	2987.80560000000014
FEATURE	3119.717871602942978	630.851449068242573	1.292647e06	2	20.673975	0.881812	0.0	0.0	3112.878200000000106	3133.385200000000168
PEPTIDE	3109.466800000000148	630.852172851562045	0.0	0	IPGSGIDYGLLR	2	R	Y	q-value	MS-GF+_2026-09-01T17:45:52_7198454993515115019	NP_216895.1	1345	1356	-1
FEATURE	1911.337165322737746	565.280608637234309	1.292593e06	3	17.418949	0.801898	0.0	0.0	1907.415199999999913	1922.998199999999997
PEPTIDE	1908.788700000000063	565.281677246093977	1.68255748738082e-03	0	VVDTQTEWPATGHPR	3	K	R	q-value	MS-GF+_2026-09-01T17:45:52_7198454993515115019	NP_217447.1	491	505	-1
FEATURE	3142.313334430796203	771.372784538788437	1.291894e06	2	18.363089	0.840331	0.0	0.0	3139.320000000000164	3155.728599999999915
PEPTIDE	3142.380000000000109	771.373901367187955	0.0	0	DGAGAGTIPDPFGGPGR	2	K	S	q-value	MS-GF+_2026-09-01T17:45:52_7198454993515115019	NP_216424.1	356	372	-1
FEATURE	2292.650007154882587	410.212839056974133	1.28901e06	2	15.073733	0.79602	0.0	0.0	2287.331499999999778	2307.168999999999869
FEATURE	2634.285582071704539	997.466381619459753	1.288699e06	2	14.543898	0.813778	0.0	0.0	2623.364500000000135	2646.939899999999852
FEATURE	3820.260616982567626	510.306806708211013	1.288099e06	1	21.11771	0.884486	0.0	0.0	3807.443200000000161	3833.742999999999938
FEATURE	1560.476107840555414	504.279908261118464	1.285244e06	2	11.234041	0.792203	0.0	0.0	1553.811999999999898	1570.367199999999912
PEPTIDE	1555.636099999999942	504.279907226561988	1.68255748738082e-03	0	VLYGGSVNAK	2	R	N	q-value	MS-GF+_2026-09-01T17:45:52_7198454993515115019	NP_215954.1	212	221	-1
FEATURE	4521.229699169956803	761.390636034972204	1.285045e06	1	7.67638	0.879132	0.0	0.0	4515.144900000000234	4528.544899999999871
FEATURE	1610.801255633646179	556.296307162827475	1.279436e06	2	13.915717	0.831662	0.0	0.0	1601.885399999999891	1617.920200000000023
PEPTIDE	1605.513799999999947	556.297485351562045	0.0	0	DAHQSLLATR	2	R	V	q-value	MS-GF+_2026-09-01T17:45:52_7198454993515115019	NP_217483.1	532	541	-1
FEATURE	3822.441236282333193	807.318332262098124	1.278854e06	1	18.034946	0.890756	0.0	0.0	3810.242900000000191	3837.772899999999936
FEATURE	2495.96972162475231	694.362681139480969	1.278375e06	2	12.547361	0.880981	0.0	0.0	2489.811400000000049	2503.893399999999929
FEATURE	4610.745547105145306	776.576007163391068	1.277167e06	1	6.629314	0.81719	0.0	0.0	4606.96309999999994	4614.013100000000122
FEATURE	4523.626045723619427	646.401624318626432	1.271198e06	1	4.875955	0.833783	0.0	0.0	4520.524900000000343	4528.544899999999871
FEATURE	1360.476091470287884	371.101755900523074	1.269918e06	1	13.9252	0.792778	0.0	0.0	1354.73479999999995	1369.597999999999956
FEATURE	3844.002374992455316	846.353823080382313	1.268957e06	1	25.409084	0.851566	0.0	0.0	3830.07510000000002	3855.854800000000068
FEATURE	3964.611658491438448	495.159317124417669	1.268855e06	1	25.606257	0.866478	0.0	0.0	3945.992999999999938	3983.063099999999849
FEATURE	2820.334994909686884	921.963439576221731	1.267703e06	2	14.034933	0.757221	0.0	0.0	2811.045500000000175	2826.734899999999925
FEATURE	2409.781570020722484	684.393505268285026	1.266553e06	1	16.821688	0.878486	0.0	0.0	2400.366500000000087	2422.837100000000191
FEATURE	3162.515106116836705	700.891926427558815	1.266054e06	2	16.090391	0.803037	0.0	0.0	3154.656500000000051	3173.99369999999999
PEPTIDE	3157.878400000000056	700.891479492187955	0.0	0	LAGTATEIEQVLR	2	R	A	q-value	MS-GF+_2026-09-01T17:45:52_7198454993515115019	NP_216578.1	764	776	-1
FEATURE	3574.550022190816435	550.225306776318121	1.265649e06	1	39.992928	0.860193	0.0	0.0	3548.710700000000088	3597.14429999999993
FEATURE	1133.792127865116072	355.069808407997584	1.264675e06	1	36.496544	0.833381	0.0	0.0	1115.674800000000005	1146.845000000000027
FEATURE	4613.17951159711447	875.360021196454454	1.262044e06	1	4.594913	0.814578	0.0	0.0	4610.494999999999891	4617.704800000000432
FEATURE	3284.430557638506798	357.432101613757936	1.261856e06	4	19.962769	0.889684	0.0	0.0	3275.584800000000087	3298.77579999999989
FEATURE	2374.816490754607457	852.415845756314639	1.260679e06	2	14.564338	0.816619	0.0	0.0	2367.085300000000188	2383.194300000000112
PEPTIDE	2381.471700000000055	852.414978027343977	0.0	0	EITC(Carbamidomethyl)AQANLMPATAGR	2	R	E	q-value	MS-GF+_2026-09-01T17:45:52_7198454993515115019	NP_215368.1	140	155	-1
FEATURE	3260.420373343457868	757.894697356367487	1.25971e06	2	20.394888	0.82646	0.0	0.0	3248.101400000000012	3273.465499999999793
FEATURE	1524.543996803506843	519.138470443244842	1.258477e06	1	12.819325	0.918703	0.0	0.0	1519.954799999999978	1530.392700000000104
FEATURE	2613.246026754618015	625.801383570595476	1.257904e06	2	16.341322	0.772986	0.0	0.0	2610.677200000000084	2628.01279999999997
FEATURE	3075.237343136236632	818.4038595763177	1.256646e06	2	10.204927	0.853742	0.0	0.0	3066.593499999999949	3082.044800000000123
FEATURE	2562.442531050785874	982.587697436863437	1.256365e06	1	14.042497	0.887405	0.0	0.0	2557.598399999999856	2572.672500000000127
FEATURE	2774.552848726633329	507.302932013317275	1.256099e06	2	12.149788	0.782836	0.0	0.0	2765.897100000000137	2786.038500000000113
PEPTIDE	2768.09900000000016	507.302185058593977	6.1652281134402e-04	0	QVDVLGLAAK	2	R	A	q-value	MS-GF+_2026-09-01T17:45:52_7198454993515115019	NP_218239.2	232	241	-1
FEATURE	1337.175654616763723	464.586205553498814	1.255762e06	3	12.463387	0.861727	0.0	0.0	1331.794200000000046	1344.951999999999998
FEATURE	3146.235062627775278	643.36986820567256	1.255211e06	2	13.024841	0.844178	0.0	0.0	3140.227199999999812	3153.487099999999828
PEPTIDE	3138.982399999999871	643.370910644531023	0.0	0	ATVGGLM(Oxidation)LPVGVR	2	K	R	q-value	MS-GF+_2026-09-01T17:45:52_7198454993515115019	NP_215697.1	608	620	-1
FEATURE	3690.962360543238447	564.27835110676881	1.25309e06	1	25.545807	0.881721	0.0	0.0	3670.944899999999961	3703.522899999999936
FEATURE	2400.107471368784445	897.578369820525609	1.253064e06	1	17.465729	0.86336	0.0	0.0	2392.722400000000107	2414.698899999999867
FEATURE	2963.26871912766228	619.817853450123266	1.252865e06	2	18.341618	0.86454	0.0	0.0	2955.777799999999843	2976.382500000000164
FEATURE	2417.117276093601504	979.485078278564629	1.25026e06	1	14.607604	0.803206	0.0	0.0	2407.402700000000095	2428.666999999999916
FEATURE	3132.461234702088404	740.377176409882736	1.250191e06	2	14.864448	0.855631	0.0	0.0	3122.427200000000084	3141.126099999999951
FEATURE	3923.343248660451536	562.225037624848824	1.250139e06	1	32.043537	0.861334	0.0	0.0	3907.364700000000084	3944.112799999999879
FEATURE	1608.3186520935933	674.38301243873957	1.249317e06	1	12.94077	0.850106	0.0	0.0	1602.651599999999917	1615.71569999999997
FEATURE	1337.080359325330619	555.938365749147579	1.248714e06	3	16.011829	0.877728	0.0	0.0	1321.720299999999952	1353.692099999999982
FEATURE	3212.435081677514972	810.892040804028852	1.247575e06	2	16.248886	0.871982	0.0	0.0	3201.399199999999837	3228.320999999999913
PEPTIDE	3205.142299999999977	810.890075683593977	0.0	0	TTSEDPIAIVGMAC(Carbamidomethyl)R	2	R	Y	q-value	MS-GF+_2026-09-01T17:45:52_7198454993515115019	NP_216564.2	2052	2066	-1
FEATURE	2456.747051602083502	573.799598480222812	1.244745e06	2	9.749398	0.87398	0.0	0.0	2451.077600000000075	2463.159900000000107
PEPTIDE	2457.079000000000178	573.799621582031023	0.0	0	WIQALSEGSR	2	R	T	q-value	MS-GF+_2026-09-01T17:45:52_7198454993515115019	NP_216441.2	277	286	-1
FEATURE	2661.104726982064676	451.77163709589297	1.244028e06	2	19.531815	0.842829	0.0	0.0	2648.599900000000162	2671.328700000000026
FEATURE	3156.440731290983877	642.419652558574512	1.243944e06	1	15.125414	0.896141	0.0	0.0	3146.34479999999985	3168.906599999999799
FEATURE	1299.220160604598959	784.672281079439017	1.24387e06	3	14.202966	0.817912	0.0	0.0	1285.04989999999998	1312.947100000000091
FEATURE	3337.991523462015266	882.888371934878251	1.243817e06	2	21.439726	0.85633	0.0	0.0	3324.682999999999993	3346.058799999999792
PEPTIDE	3327.417699999999968	882.888916015625	0.0	0	SQTVFMGDFPM(Oxidation)MTEK	2	K	G	q-value	MS-GF+_2026-09-01T17:45:52_7198454993515115019	NP_215181.1	142	156	-1
FEATURE	4617.56638921141257	755.249070700555308	1.241601e06	1	4.692819	0.898407	0.0	0.0	4614.013100000000122	4622.073099999999613
FEATURE	2286.255896294090235	660.34980782361265	1.24103e06	2	10.433227	0.814526	0.0	0.0	2277.282999999999902	2291.919600000000173
FEATURE	2903.697539768078514	928.908175180140574	1.240676e06	2	11.983416	0.848665	0.0	0.0	2894.471799999999803	2911.133299999999963
PEPTIDE	2900.110599999999977	928.905700683593977	0.0	0	NYYALGGQDWDPDQSK	2	K	L	q-value	MS-GF+_2026-09-01T17:45:52_7198454993515115019	YP_177758.1	44	59	-1
FEATURE	2567.455504650943567	636.84456756069153	1.239796e06	2	14.39528	0.818962	0.0	0.0	2565.825400000000173	2579.82340000000022
PEPTIDE	2562.455300000000079	636.84521484375	6.1652281134402e-04	0	LIDISNNLGDAK	2	R	S	q-value	MS-GF+_2026-09-01T17:45:52_7198454993515115019	NP_214905.1	344	355	-1
FEATURE	4617.389149641920085	367.159806315723017	1.239643e06	2	4.463307	0.912855	0.0	0.0	4614.013100000000122	4622.073099999999613
FEATURE	2428.395947771293777	658.839470291043767	1.239331e06	2	13.437607	0.832532	0.0	0.0	2428.666999999999916	2436.143399999999929
PEPTIDE	2432.885999999999967	658.837280273437955	0.0	0	TPDIDEVGITTR	2	R	H	q-value	MS-GF+_2026-09-01T17:45:52_7198454993515115019	NP_217071.1	67	78	-1
FEATURE	4291.529915695525233	470.296251484971947	1.238942e06	1	23.847704	0.873918	0.0	0.0	4276.104699999999866	4308.262899999999718
FEATURE	4301.723986517348749	377.253494395706412	1.238392e06	1	27.537682	0.900833	0.0	0.0	4280.863000000000284	4327.034700000000157
FEATURE	3019.799298471661587	906.461003727728098	1.236368e06	2	13.027754	0.783255	0.0	0.0	3009.291499999999814	3029.127800000000207
FEATURE	2463.741769343858323	597.61911278858031	1.23629e06	3	11.16173	0.781034	0.0	0.0	2456.297700000000077	2470.494200000000092
FEATURE	3124.17494958913494	610.819665203532168	1.235876e06	2	14.166691	0.850151	0.0	0.0	3116.147100000000137	3134.074900000000071
PEPTIDE	3120.083500000000186	610.818298339843977	6.1652281134402e-04	0	SMTDLLATAAAR	2	R	M	q-value	MS-GF+_2026-09-01T17:45:52_7198454993515115019	NP_216895.1	1272	1283	-1
FEATURE	2306.091079550912582	502.774706127337254	1.235424e06	2	8.136795	0.828941	0.0	0.0	2298.325600000000122	2310.195600000000013
PEPTIDE	2308.773000000000138	502.774597167968977	6.1652281134402e-04	0	VPYEVLER	2	R	I	q-value	MS-GF+_2026-09-01T17:45:52_7198454993515115019	NP_217913.1	487	494	-1
FEATURE	3595.651083016967732	683.857169827728285	1.234332e06	2	13.381647	0.895283	0.0	0.0	3584.155099999999948	3609.583000000000084
PEPTIDE	3591.307600000000093	683.856323242187955	0.0	0	YVFAVEPVEWK	2	R	R	q-value	MS-GF+_2026-09-01T17:45:52_7198454993515115019	YP_177754.1	212	222	-1
FEATURE	4210.395832468534536	610.32249554763348	1.233491e06	1	25.521952	0.854678	0.0	0.0	4191.142899999999827	4229.923600000000079
FEATURE	3147.983625909920647	872.947314194062074	1.233224e06	2	13.662878	0.839955	0.0	0.0	3141.126099999999951	3160.054099999999835
PEPTIDE	3145.05789999999979	872.949523925781023	0.0	0	AVNDNDLSVTAVLSGNR	2	K	N	q-value	MS-GF+_2026-09-01T17:45:52_7198454993515115019	NP_215991.1	561	577	-1
FEATURE	4382.518273702049555	507.078136639899242	1.232241e06	1	29.620703	0.875564	0.0	0.0	4373.323199999999815	4401.064699999999903
FEATURE	2710.938210237997737	859.973128939599974	1.231322e06	2	14.78249	0.772276	0.0	0.0	2703.709600000000137	2721.159099999999853
FEATURE	3092.234601137122354	838.451424184695156	1.230254e06	2	11.972153	0.882138	0.0	0.0	3084.1878999999999	3104.324700000000121
FEATURE	3661.863920899613731	371.101346595274265	1.230104e06	1	11.190393	0.761528	0.0	0.0	3651.844900000000052	3664.984199999999873
FEATURE	2710.248367021407375	735.399110487948292	1.230044e06	2	15.377873	0.78188	0.0	0.0	2704.946399999999812	2722.870399999999791
FEATURE	4159.520972106204681	492.186539058009771	1.23003e06	1	34.011936	0.876649	0.0	0.0	4148.564900000000307	4190.192900000000009
FEATURE	3016.593145606617782	840.952369212978965	1.228644e06	2	13.832446	0.808118	0.0	0.0	3007.177900000000136	3029.127800000000207
FEATURE	2662.713275973048894	438.722072620902281	1.22734e06	2	16.704247	0.824466	0.0	0.0	2652.426199999999881	2674.779700000000048
FEATURE	3795.693434658127444	889.483442030145284	1.227172e06	1	30.634117	0.867904	0.0	0.0	3779.874099999999999	3814.912899999999809
FEATURE	2833.449746215917003	894.980284023791796	1.227004e06	1	13.705716	0.726113	0.0	0.0	2823.969099999999799	2839.062199999999848
FEATURE	1747.744902415923207	464.748470018985756	1.223899e06	2	15.210578	0.75133	0.0	0.0	1735.092000000000098	1757.058600000000069
PEPTIDE	1750.369999999999891	464.749786376953011	1.68255748738082e-03	0	SPHLEAFK	2	K	A	q-value	MS-GF+_2026-09-01T17:45:52_7198454993515115019	NP_216815.1	458	465	-1
FEATURE	4532.193394550644371	643.399986856978899	1.22332e06	1	4.093973	0.928132	0.0	0.0	4529.413199999999961	4536.494700000000194
FEATURE	2914.254670451964103	764.384710826348169	1.222416e06	2	16.116716	0.788529	0.0	0.0	2904.550999999999931	2918.559099999999944
PEPTIDE	2920.367999999999938	764.384521484375	0.0	0	NGYPGFVAGATFAQK	2	R	L	q-value	MS-GF+_2026-09-01T17:45:52_7198454993515115019	NP_216143.1	58	72	-1
FEATURE	4280.509012502621772	507.078229263056699	1.221282e06	1	22.150204	0.839354	0.0	0.0	4270.354800000000068	4291.283000000000357
FEATURE	4540.111306199280079	401.253613588867381	1.217132e06	1	11.364971	0.845308	0.0	0.0	4529.413199999999961	4548.653599999999642
FEATURE	3316.817491612676804	548.770027850534689	1.214623e06	2	14.307832	0.819982	0.0	0.0	3308.683300000000145	3331.8429000000001
FEATURE	1751.453096813984075	508.251280805609781	1.214383e06	2	17.737928	0.822938	0.0	0.0	1740.171700000000101	1762.433700000000044
FEATURE	1460.187157657687749	669.84883399446187	1.213776e06	2	17.20822	0.7754	0.0	0.0	1456.165199999999913	1476.209900000000061
FEATURE	2307.355889963190748	699.336980559528911	1.213775e06	2	11.902721	0.726977	0.0	0.0	2301.422700000000077	2315.547399999999925
FEATURE	3297.204123829767468	692.350846229419744	1.213623e06	2	18.672771	0.838971	0.0	0.0	3296.403099999999995	3311.594900000000052
FEATURE	1669.711996103561887	812.48786070815629	1.213524e06	1	15.031988	0.818763	0.0	0.0	1661.936300000000074	1681.135600000000068
FEATURE	3615.901953460871482	583.86123115182113	1.212503e06	2	15.037849	0.801955	0.0	0.0	3601.194899999999961	3631.405699999999797
FEATURE	2887.946418312332753	869.904305400895282	1.211443e06	2	14.058733	0.782616	0.0	0.0	2881.571399999999812	2895.193400000000111
FEATURE	3070.732888751547307	792.407142502294732	1.210819e06	2	17.762598	0.815386	0.0	0.0	3054.514900000000125	3080.224999999999909
FEATURE	2406.269973866084911	539.290507237870429	1.210325e06	2	12.082251	0.907352	0.0	0.0	2398.61239999999998	2414.698899999999867
FEATURE	3520.564066784798797	513.149006966218167	1.21023e06	1	27.721571	0.894034	0.0	0.0	3504.852899999999863	3540.495499999999993
FEATURE	3527.881626164354202	503.298340338251819	1.208533e06	2	19.284475	0.851632	0.0	0.0	3511.689400000000205	3536.155099999999948
PEPTIDE	3516.392800000000079	503.297790527343977	5.82627118644068e-03	0	LVPFGAFVR	2	K	V	q-value	MS-GF+_2026-09-01T17:45:52_7198454993515115019	NP_216146.1	303	311	-1
FEATURE	2566.219026064753052	517.349094904156232	1.208416e06	1	13.808306	0.888172	0.0	0.0	2558.468299999999999	2578.516399999999976
FEATURE	1430.35378918013248	676.808634766501882	1.207404e06	2	14.379707	0.804126	0.0	0.0	1424.172600000000102	1439.195999999999913
FEATURE	2618.339829955300957	438.769067070103347	1.205536e06	2	13.241391	0.772054	0.0	0.0	2609.546100000000024	2630.432499999999891
FEATURE	4529.106675287622238	505.214568861876558	1.202361e06	1	7.821605	0.850338	0.0	0.0	4523.225099999999657	4534.732899999999972
FEATURE	2502.046694523060069	774.913326296166133	1.201998e06	2	8.235453	0.792997	0.0	0.0	2494.743399999999838	2503.893399999999929
FEATURE	2319.203580441640497	715.835810193342468	1.201657e06	2	15.334543	0.844254	0.0	0.0	2310.195600000000013	2332.534500000000207
FEATURE	4118.44692187014607	441.163578365574836	1.201421e06	1	21.849772	0.841188	0.0	0.0	4106.724900000000162	4133.092999999999847
FEATURE	2368.495415090655115	505.26956227501455	1.197088e06	2	12.433985	0.783083	0.0	0.0	2358.159700000000157	2378.727199999999812
PEPTIDE	2360.996999999999844	505.271789550781023	0.0	0	SYTEALIGR	2	K	G	q-value	MS-GF+_2026-09-01T17:45:52_7198454993515115019	NP_215764.2	776	784	-1
FEATURE	2739.361416160928457	454.266703349193222	1.194938e06	2	14.125243	0.823042	0.0	0.0	2731.334100000000035	2752.716499999999996
FEATURE	1327.090622366283014	713.352234292969911	1.194185e06	2	25.263378	0.819945	0.0	0.0	1309.579400000000078	1344.951999999999998
FEATURE	1413.74399597276124	585.752654019795273	1.191719e06	2	13.633711	0.84872	0.0	0.0	1401.617199999999912	1422.74389999999994
FEATURE	4671.56143400529254	604.310817412990218	1.190984e06	1	6.815235	0.866925	0.0	0.0	4664.572900000000118	4675.413099999999758
FEATURE	4145.272183564831721	398.348037147474201	1.188777e06	1	21.145845	0.838961	0.0	0.0	4131.222999999999956	4151.295199999999568
FEATURE	3169.630610902371245	543.351278783981002	1.188631e06	1	14.654346	0.883893	0.0	0.0	3166.513699999999972	3179.291099999999915
FEATURE	3693.821621525329192	597.799625594463578	1.188469e06	2	16.071804	0.85559	0.0	0.0	3685.372899999999845	3703.522899999999936
FEATURE	2605.428314595827487	474.762043831875701	1.187774e06	2	12.61918	0.84115	0.0	0.0	2601.304900000000089	2617.267699999999877
FEATURE	2614.587935422976443	914.467916139073964	1.186487e06	2	17.192379	0.788587	0.0	0.0	2612.241599999999835	2628.01279999999997
PEPTIDE	2616.589399999999841	914.468627929687955	0.0	0	LPEYAHSTVEVLNAER	2	K	D	q-value	MS-GF+_2026-09-01T17:45:52_7198454993515115019	NP_217040.1	1704	1719	-1
FEATURE	1992.658356138670115	730.897948841182029	1.185346e06	2	10.616703	0.745039	0.0	0.0	1989.193500000000086	2001.823100000000068
FEATURE	2570.538378468754217	971.907617323187878	1.184469e06	2	13.583111	0.803922	0.0	0.0	2563.939300000000003	2573.8429000000001
PEPTIDE	2569.991700000000037	971.906311035156023	0.0	0	SC(Carbamidomethyl)VQEC(Carbamidomethyl)PVDC(Carbamidomethyl)IYEGAR	2	K	M	q-value	MS-GF+_2026-09-01T17:45:52_7198454993515115019	NP_216523.1	15	30	-1
FEATURE	3461.509622494967971	872.423765825377586	1.184343e06	1	18.101881	0.904362	0.0	0.0	3448.88799999999992	3478.923699999999826
FEATURE	1556.559208676583012	785.349990384187095	1.180658e06	1	11.993259	0.848596	0.0	0.0	1548.39689999999996	1560.269399999999905
FEATURE	4063.57221007946373	597.339049125639008	1.178952e06	1	20.456835	0.897132	0.0	0.0	4047.734699999999975	4080.983099999999922
FEATURE	2973.701174701504897	706.829868296098539	1.17507e06	2	14.290578	0.846953	0.0	0.0	2967.412100000000009	2987.80560000000014
PEPTIDE	2969.776400000000194	706.829223632812045	0.0	0	GEYGTYFIGYSR	2	K	T	q-value	MS-GF+_2026-09-01T17:45:52_7198454993515115019	NP_215314.1	250	261	-1
FEATURE	3282.095539403911971	508.301310182028089	1.173603e06	2	20.460598	0.86225	0.0	0.0	3269.909700000000157	3302.784000000000106
FEATURE	2149.865553750382787	462.71131106307223	1.173191e06	2	15.890691	0.840863	0.0	0.0	2148.593800000000101	2163.894800000000032
FEATURE	1440.344958522727893	562.938765566795382	1.170728e06	3	15.152312	0.780609	0.0	0.0	1434.221700000000055	1455.0
PEPTIDE	1438.051400000000058	562.939880371093977	6.1652281134402e-04	0	GVVMNPVDHPHGGGEGK	3	R	T	q-value	MS-GF+_2026-09-01T17:45:52_7198454993515115019	NP_215218.1	222	238	-1
FEATURE	4668.71227857741178	715.522492912425037	1.169639e06	1	10.174478	0.870294	0.0	0.0	4663.672899999999572	4675.413099999999758
FEATURE	2304.67286414810269	425.894723624810297	1.169497e06	3	7.512971	0.780754	0.0	0.0	2300.277599999999893	2312.29320000000007
FEATURE	1536.894219804657041	741.859170488558107	1.169356e06	2	14.609628	0.793137	0.0	0.0	1528.955099999999902	1547.53430000000003
PEPTIDE	1533.338899999999967	741.857299804687955	6.1652281134402e-04	0	RTAVLDPDHDGMR	2	R	V	q-value	MS-GF+_2026-09-01T17:45:52_7198454993515115019	NP_217456.1	1409	1421	-1
FEATURE	1308.72678887551001	856.392556502554839	1.168112e06	2	10.299794	0.881579	0.0	0.0	1298.479599999999891	1319.578600000000051
FEATURE	3527.254276870017748	661.907200904866386	1.165674e06	2	16.586634	0.885625	0.0	0.0	3515.553100000000086	3540.495499999999993
PEPTIDE	3517.286999999999807	661.904724121093977	0.0	0	ADLVIGAVLVPGAK	2	R	A	q-value	MS-GF+_2026-09-01T17:45:52_7198454993515115019	NP_217296.1	231	244	-1
FEATURE	2404.535582589027854	803.440563180767185	1.165499e06	1	12.387569	0.838755	0.0	0.0	2398.61239999999998	2414.698899999999867
FEATURE	4619.095710942472579	628.313033327268727	1.163479e06	1	4.25607	0.849693	0.0	0.0	4614.88379999999961	4622.954800000000432
FEATURE	1496.918690484366152	517.941921871492355	1.163004e06	3	11.877522	0.850577	0.0	0.0	1490.225400000000036	1508.322599999999966
FEATURE	3565.27050278304705	796.404726139009995	1.162839e06	2	15.138586	0.878674	0.0	0.0	3553.40119999999979	3580.494400000000042
PEPTIDE	3557.416000000000167	796.407287597656023	0.0	0	SMDLQTVTLEDALR	2	R	L	q-value	MS-GF+_2026-09-01T17:45:52_7198454993515115019	NP_218163.1	768	781	-1
FEATURE	2043.059095148788629	688.377980403058359	1.162122e06	1	10.431765	0.858072	0.0	0.0	2040.749700000000075	2051.490200000000186
FEATURE	2322.661875949260775	734.861289253771929	1.160794e06	2	9.110415	0.766121	0.0	0.0	2320.463000000000193	2331.183100000000195
FEATURE	4541.074302606801211	422.239049029931323	1.160735e06	1	5.587306	0.865297	0.0	0.0	4537.3729000000003	4545.193299999999908
FEATURE	4617.324973659405259	659.41783298100313	1.160364e06	1	7.805489	0.897713	0.0	0.0	4614.013100000000122	4625.565700000000106
FEATURE	3302.278570109712291	737.848683855080935	1.158083e06	2	16.721058	0.833989	0.0	0.0	3292.803499999999986	3319.158800000000156
FEATURE	1339.013053703863079	696.375998180909733	1.157158e06	2	12.619185	0.84405	0.0	0.0	1329.894800000000032	1352.372100000000046
PEPTIDE	1331.451999999999998	696.37158203125	0.0	0	LTPSPLGHEERR	2	R	T	q-value	MS-GF+_2026-09-01T17:45:52_7198454993515115019	NP_217456.1	1398	1409	-1
FEATURE	3165.136930210317132	412.746459214511219	1.156273e06	2	16.642954	0.790097	0.0	0.0	3157.320700000000215	3179.291099999999915
FEATURE	3003.862414341770091	773.325066486327387	1.155834e06	2	14.343131	0.700237	0.0	0.0	2991.182200000000194	3006.004699999999957
FEATURE	1669.130413623397999	910.408154072856632	1.154194e06	1	14.021492	0.802378	0.0	0.0	1657.97219999999993	1681.135600000000068
FEATURE	2929.323936139967373	495.258637591481431	1.153831e06	2	12.894252	0.865642	0.0	0.0	2919.804799999999887	2940.526400000000194
FEATURE	3847.866123902250365	716.868419688634617	1.152743e06	2	16.883577	0.849543	0.0	0.0	3834.694700000000012	3865.774800000000141
FEATURE	1853.092155537644203	775.447080592776047	1.15231e06	1	12.968443	0.827643	0.0	0.0	1848.013799999999947	1862.44380000000001
FEATURE	3015.065705785365026	887.949296569818444	1.15165e06	2	12.889561	0.806968	0.0	0.0	3007.177900000000136	3025.318099999999959
FEATURE	3663.281326034269114	512.297672134486106	1.149626e06	2	13.825432	0.83877	0.0	0.0	3658.304900000000089	3675.533800000000156
FEATURE	3439.921599795559359	688.830652466113293	1.148867e06	2	15.876432	0.856327	0.0	0.0	3433.990999999999986	3456.584699999999884
FEATURE	3146.868933637056671	896.436292317544371	1.148438e06	2	14.209952	0.813846	0.0	0.0	3136.522100000000137	3154.656500000000051
PEPTIDE	3144.130999999999858	896.4384765625	0.0	0	ALVENM(Oxidation)SDQDIWNLK	2	K	R	q-value	MS-GF+_2026-09-01T17:45:52_7198454993515115019	NP_216757.3	346	360	-1
FEATURE	2699.61263841680875	826.381730978298833	1.147115e06	2	13.644515	0.730592	0.0	0.0	2693.508400000000165	2706.435800000000199
FEATURE	3150.565935827351495	575.247043663971908	1.146992e06	1	25.254305	0.853241	0.0	0.0	3142.70069999999987	3166.513699999999972
FEATURE	4627.808718919623061	413.196758247947912	1.14697e06	1	5.945066	0.860996	0.0	0.0	4624.703300000000127	4633.434799999999996
FEATURE	2251.0949311513873	597.29398483149896	1.144058e06	2	14.082635	0.722428	0.0	0.0	2243.566400000000158	2257.672300000000178
FEATURE	1499.294506533294225	447.737250155773722	1.142494e06	2	15.283511	0.854697	0.0	0.0	1490.225400000000036	1512.748900000000049
PEPTIDE	1491.694099999999935	447.737396240233977	6.1652281134402e-04	0	YTAELAAR	2	R	L	q-value	MS-GF+_2026-09-01T17:45:52_7198454993515115019	NP_214555.1	26	33	-1
FEATURE	2380.684254641311782	885.516417214309854	1.142477e06	1	12.580197	0.865995	0.0	0.0	2376.974099999999908	2389.896400000000085
FEATURE	4670.002148184697035	728.370013295721492	1.141313e06	1	7.254718	0.847614	0.0	0.0	4663.672899999999572	4675.413099999999758
FEATURE	3932.823729466551868	518.23490711317254	1.141173e06	1	29.078184	0.873404	0.0	0.0	3911.123000000000047	3958.403899999999794
FEATURE	2719.057669087289469	480.754020843525609	1.140974e06	2	11.186772	0.83653	0.0	0.0	2715.050900000000183	2729.717999999999847
PEPTIDE	2717.542699999999968	480.753601074218977	6.1652281134402e-04	0	LSIEDLDR	2	R	R	q-value	MS-GF+_2026-09-01T17:45:52_7198454993515115019	NP_215614.1	448	455	-1
FEATURE	1680.131039911255129	649.297323915152674	1.138043e06	2	11.123659	0.786871	0.0	0.0	1671.678000000000111	1686.414999999999964
PEPTIDE	1675.115800000000036	649.297180175781023	0.0	0	LDC(Carbamidomethyl)ALGSATSM(Oxidation)R	2	R	T	q-value	MS-GF+_2026-09-01T17:45:52_7198454993515115019	NP_215186.1	294	305	-1
FEATURE	4024.744351715371977	596.343704811071461	1.135382e06	1	19.056429	0.888041	0.0	0.0	4015.303199999999833	4041.132799999999861
FEATURE	4514.48355544820879	504.255623014873152	1.135357e06	1	9.052675	0.890814	0.0	0.0	4508.863699999999881	4523.225099999999657
FEATURE	3955.467088806921765	634.894117935893064	1.134524e06	2	18.900961	0.873583	0.0	0.0	3941.302900000000136	3966.913000000000011
FEATURE	3035.700853544936763	1005.035908966587272	1.133492e06	2	7.734663	0.814472	0.0	0.0	3029.835000000000036	3038.956900000000132
FEATURE	2985.413644172293061	732.383374231639436	1.13317e06	2	17.018244	0.840016	0.0	0.0	2978.900500000000193	2998.133499999999913
PEPTIDE	2983.973100000000159	732.382385253906023	1.68255748738082e-03	0	PYTTPFVTDPGLR	2	R	S	q-value	MS-GF+_2026-09-01T17:45:52_7198454993515115019	NP_215399.1	295	307	-1
FEATURE	4353.136189846595698	518.234814989100073	1.132596e06	1	34.10759	0.886172	0.0	0.0	4327.972899999999754	4383.805199999999786
FEATURE	3794.211543986595643	925.971057819899443	1.132278e06	2	16.944069	0.861474	0.0	0.0	3781.744700000000194	3812.112799999999879
PEPTIDE	3785.958999999999833	925.969970703125	0.0	0	DGDAILAVIAGSAVNHDGR	2	R	S	q-value	MS-GF+_2026-09-01T17:45:52_7198454993515115019	NP_218317.1	368	386	-1
FEATURE	2429.327196192721203	536.165339566935245	1.131838e06	1	8.45424	0.890376	0.0	0.0	2424.71369999999979	2434.248599999999897
FEATURE	4596.132843993521419	598.324166923693042	1.131142e06	1	5.082379	0.895893	0.0	0.0	4592.743000000000393	4600.743000000000393
FEATURE	2283.088308533874169	664.360406490439004	1.12994e06	2	8.829783	0.840852	0.0	0.0	2279.203100000000177	2291.919600000000173
FEATURE	4119.039108210103223	453.127282064425515	1.129642e06	1	22.719555	0.866903	0.0	0.0	4106.724900000000162	4134.023000000000138
FEATURE	3542.460456794006859	705.862732408822581	1.128773e06	2	14.126649	0.852693	0.0	0.0	3531.04340000000002	3556.818299999999908
FEATURE	1903.553143923770222	794.378681307385364	1.127254e06	2	12.40194	0.774664	0.0	0.0	1895.844900000000052	1911.397400000000062
FEATURE	2878.749136144161639	589.336120611845558	1.126804e06	1	15.422494	0.846526	0.0	0.0	2872.078199999999924	2887.290300000000116
FEATURE	2751.996946881053191	511.804333418621297	1.124704e06	2	17.698267	0.79687	0.0	0.0	2744.530099999999948	2758.443200000000161
PEPTIDE	2747.51760000000013	511.803894042968977	6.1652281134402e-04	0	EQPLPLGLR	2	R	R	q-value	MS-GF+_2026-09-01T17:45:52_7198454993515115019	NP_218342.1	848	856	-1
FEATURE	2181.633174301733106	751.852595537862044	1.122736e06	2	9.606459	0.829351	0.0	0.0	2177.951599999999871	2187.063599999999951
FEATURE	1484.780252998813012	483.23768490460094	1.122168e06	2	15.845382	0.807243	0.0	0.0	1479.010999999999967	1497.353399999999965
PEPTIDE	1479.781199999999899	483.236602783203011	0.0	0	ELAAAYGDR	2	R	F	q-value	MS-GF+_2026-09-01T17:45:52_7198454993515115019	NP_215375.1	702	710	-1
FEATURE	2316.796569998498399	518.283309533631382	1.121752e06	2	13.313205	0.802296	0.0	0.0	2312.29320000000007	2329.145199999999932
FEATURE	3183.765513472914336	891.990070085960156	1.119012e06	2	13.587457	0.823828	0.0	0.0	3175.225100000000111	3196.248500000000149
FEATURE	2993.928949744569309	741.36145236417633	1.11832e06	2	11.474991	0.795766	0.0	0.0	2986.491300000000138	2999.084400000000187
FEATURE	2352.842644168302286	954.464502611083049	1.116254e06	2	12.802135	0.716412	0.0	0.0	2345.595200000000205	2359.884900000000016
FEATURE	3339.339293497749623	518.198650058759313	1.1161e06	1	26.91151	0.855105	0.0	0.0	3322.913700000000063	3360.652799999999843
FEATURE	3139.890090465715275	609.84780207228971	1.115932e06	2	14.305356	0.840811	0.0	0.0	3130.195099999999911	3147.515199999999822
FEATURE	1774.757919570696913	749.875996796680397	1.115583e06	2	15.259491	0.830452	0.0	0.0	1768.449399999999969	1787.387400000000071
FEATURE	2631.840306787980808	581.286283386133846	1.114577e06	2	10.114295	0.864113	0.0	0.0	2624.966600000000199	2637.186099999999897
FEATURE	1971.401968450225922	519.138960251455615	1.113232e06	1	10.646569	0.857075	0.0	0.0	1966.501400000000103	1975.544000000000096
FEATURE	1719.548970320472563	709.315132556533627	1.112265e06	2	12.16891	0.827973	0.0	0.0	1714.633299999999963	1725.244999999999891
PEPTIDE	1720.900300000000016	709.314392089843977	0.0	0	IDDSYANGYANSK	2	R	W	q-value	MS-GF+_2026-09-01T17:45:52_7198454993515115019	NP_217106.1	937	949	-1
FEATURE	3825.453965595477712	802.363334118388025	1.111606e06	1	19.817328	0.863073	0.0	0.0	3812.112799999999879	3846.18289999999979
FEATURE	2365.325254753613535	777.430667248106374	1.108674e06	1	12.876582	0.81542	0.0	0.0	2361.262900000000172	2374.917500000000018
FEATURE	1416.213409295271504	766.344272099942486	1.106293e06	2	11.994122	0.804804	0.0	0.0	1407.479199999999992	1426.74350000000004
FEATURE	1527.711902544917393	483.237613562440743	1.105799e06	2	16.640753	0.84696	0.0	0.0	1524.280899999999974	1543.205099999999902
PEPTIDE	1528.380900000000111	483.237609863281023	6.1652281134402e-04	0	ADQAEYLR	2	R	W	q-value	MS-GF+_2026-09-01T17:45:52_7198454993515115019	NP_215649.1	617	624	-1
FEATURE	1545.900701811547606	442.768994720417027	1.105105e06	2	12.398184	0.793584	0.0	0.0	1537.550300000000107	1552.947899999999891
FEATURE	4556.164050543922713	800.536122650321317	1.105076e06	1	7.304124	0.854124	0.0	0.0	4553.032900000000154	4560.903000000000247
FEATURE	3483.070974581544306	628.414781056856441	1.103465e06	1	15.849443	0.847161	0.0	0.0	3476.140300000000025	3495.893000000000029
FEATURE	3434.526964948944169	686.18186483087004	1.098017e06	1	21.467947	0.83897	0.0	0.0	3426.55619999999999	3452.859899999999925
FEATURE	1666.477965147781788	427.248136649650348	1.097906e06	2	14.79251	0.845425	0.0	0.0	1656.58380000000011	1675.694099999999935
FEATURE	3069.632623755872373	783.894568370483853	1.09612e06	2	13.136498	0.83753	0.0	0.0	3062.813099999999849	3077.815700000000106
FEATURE	4617.555447979279961	1017.501167840871517	1.094899e06	1	4.462494	0.91964	0.0	0.0	4614.013100000000122	4621.203000000000429
FEATURE	3003.578941648649106	933.393208316904747	1.094358e06	1	7.361696	0.900045	0.0	0.0	2999.973899999999958	3007.177900000000136
FEATURE	2536.93358666880431	890.474850239462171	1.093853e06	2	8.51341	0.782536	0.0	0.0	2531.779700000000048	2542.787800000000061
PEPTIDE	2533.693000000000211	890.478210449218977	0.0	0	ALPATLHYTSPNPELR	2	K	L	q-value	MS-GF+_2026-09-01T17:45:52_7198454993515115019	NP_217451.1	381	396	-1
FEATURE	2650.329082953875513	459.748666497673128	1.09383e06	2	16.159664	0.850084	0.0	0.0	2641.383100000000013	2666.582600000000184
PEPTIDE	2647.765899999999874	459.748992919921989	3.34261838440111e-03	0	DVLTDLSR	2	K	V	q-value	MS-GF+_2026-09-01T17:45:52_7198454993515115019	YP_177746.1	4	11	-1
FEATURE	2202.390753265449348	738.450174253152568	1.092311e06	2	10.378698	0.787363	0.0	0.0	2191.689100000000053	2211.909799999999905
FEATURE	3600.499172552704295	391.284584826553498	1.091948e06	1	17.087648	0.9074	0.0	0.0	3593.039200000000164	3608.613699999999881
FEATURE	2772.201979483250398	991.940203317188207	1.091419e06	2	12.36607	0.794021	0.0	0.0	2767.284500000000207	2781.671299999999974
PEPTIDE	2770.135999999999967	991.943298339843977	0.0	0	NSVSPDEIC(Carbamidomethyl)DAYGADTLR	2	K	V	q-value	MS-GF+_2026-09-01T17:45:52_7198454993515115019	NP_214555.1	745	762	-1
FEATURE	4589.830206561586238	880.526406812043319	1.090341e06	1	5.966728	0.887921	0.0	0.0	4588.362900000000082	4595.3729000000003
FEATURE	2967.035442128554678	773.396093821933277	1.089994e06	2	15.876286	0.876072	0.0	0.0	2959.189699999999903	2978.900500000000193
PEPTIDE	2964.972400000000107	773.396118164062045	0.0	0	ELGPDAPLQFTETK	2	R	N	q-value	MS-GF+_2026-09-01T17:45:52_7198454993515115019	NP_217374.1	431	444	-1
FEATURE	2507.230366336573752	705.344970147316303	1.086905e06	2	13.507881	0.760825	0.0	0.0	2498.168599999999969	2512.090599999999995
FEATURE	2475.339057499641513	773.452252675263026	1.085433e06	1	12.72319	0.867356	0.0	0.0	2470.494200000000092	2487.145100000000184
FEATURE	3995.883517884650701	534.230250435092898	1.085278e06	1	24.460943	0.885681	0.0	0.0	3975.333000000000084	4016.262900000000172
FEATURE	2993.164354350984922	811.915938161485201	1.084807e06	2	14.572468	0.80576	0.0	0.0	2983.395300000000134	3004.30789999999979
PEPTIDE	2992.302700000000186	811.916687011718977	0.0	0	DQILPVYAEYQQR	2	R	S	q-value	MS-GF+_2026-09-01T17:45:52_7198454993515115019	NP_218398.1	243	255	-1
FEATURE	2509.028002795905195	697.360118549908407	1.079819e06	2	16.574619	0.815491	0.0	0.0	2499.417699999999968	2511.246700000000146
FEATURE	3570.115025272446928	605.299275846884484	1.079323e06	2	15.611058	0.906502	0.0	0.0	3560.362999999999829	3582.974799999999959
PEPTIDE	3558.103000000000065	605.301879882812045	1.21580547112462e-03	0	DILWSDFSAR	2	R	N	q-value	MS-GF+_2026-09-01T17:45:52_7198454993515115019	NP_218318.1	60	69	-1
FEATURE	3272.538758982380841	883.389262668135302	1.078088e06	2	23.57572	0.759379	0.0	0.0	3261.746399999999994	3286.608400000000074
FEATURE	4511.660770046716607	476.192045161988972	1.077433e06	1	8.758385	0.881643	0.0	0.0	4503.402900000000045	4518.743099999999686
FEATURE	3067.625846292969982	390.733563185651121	1.076095e06	2	16.449823	0.798685	0.0	0.0	3056.169499999999971	3080.224999999999909
FEATURE	1323.859954348606379	534.280172186347045	1.076014e06	2	25.18256	0.87714	0.0	0.0	1305.904800000000023	1344.951999999999998
FEATURE	3022.362387167679117	681.855261324968524	1.074919e06	2	14.394374	0.849886	0.0	0.0	3017.207499999999982	3030.563099999999849
FEATURE	1266.454826956781744	576.914510347334044	1.074349e06	3	13.63992	0.740207	0.0	0.0	1253.519399999999905	1280.676999999999907
FEATURE	2251.447986640691852	847.412642891601422	1.066784e06	2	11.178181	0.758159	0.0	0.0	2245.791000000000167	2257.672300000000178
FEATURE	1420.102647972062869	685.342470465643828	1.066666e06	2	11.762886	0.779931	0.0	0.0	1411.565900000000056	1424.172600000000102
PEPTIDE	1422.184400000000096	685.338500976562045	0.0	0	HQVVNLDSSGASR	2	R	A	q-value	MS-GF+_2026-09-01T17:45:52_7198454993515115019	NP_217449.1	1443	1455	-1
FEATURE	1663.365544299662588	429.737409510356145	1.065588e06	2	16.383051	0.796913	0.0	0.0	1660.06490000000008	1678.306700000000092
FEATURE	2880.538801174955097	467.194384152693829	1.064945e06	2	9.523856	0.746417	0.0	0.0	2877.7824999999998	2889.898999999999887
FEATURE	4590.977728529111118	655.348710680999943	1.063354e06	1	6.185992	0.881545	0.0	0.0	4587.49330000000009	4594.494800000000396
FEATURE	1329.216594914416874	391.284799803742601	1.062846e06	1	11.814733	0.782141	0.0	0.0	1319.578600000000051	1333.893600000000106
FEATURE	3320.900859044057597	907.390189464166838	1.062092e06	1	17.368111	0.85447	0.0	0.0	3309.821100000000115	3334.535300000000007
FEATURE	2761.60956251941343	958.497078311857081	1.061775e06	2	12.412295	0.708901	0.0	0.0	2755.079499999999825	2767.284500000000207
PEPTIDE	2754.371799999999894	958.498229980468977	0.0	0	LDIVELTPDGHATNPPAR	2	R	Y	q-value	MS-GF+_2026-09-01T17:45:52_7198454993515115019	NP_218163.1	498	515	-1
FEATURE	4101.920231580460495	482.311518120494782	1.061522e06	1	19.988398	0.881231	0.0	0.0	4086.662899999999809	4118.064699999999903
FEATURE	1780.453758596637726	491.248005041779265	1.05889e06	2	18.667351	0.801956	0.0	0.0	1770.365399999999909	1788.42710000000011
PEPTIDE	1776.339400000000069	491.249298095703011	5.353319057815841e-03	0	TFTEQLDK	2	R	A	q-value	MS-GF+_2026-09-01T17:45:52_7198454993515115019	NP_217071.1	647	654	-1
FEATURE	2850.260298958937256	879.92827788902764	1.057543e06	1	12.872211	0.751451	0.0	0.0	2845.583200000000034	2857.244900000000143
FEATURE	4001.594794089221523	471.259596197022631	1.057113e06	1	18.227295	0.858221	0.0	0.0	3984.943000000000211	4019.112799999999879
FEATURE	1517.72923315420644	500.225906931657391	1.056224e06	2	17.989714	0.832585	0.0	0.0	1501.343200000000024	1531.249900000000025
FEATURE	4014.63115437636543	394.280044287847659	1.055972e06	1	24.410381	0.861001	0.0	0.0	4003.964800000000196	4026.652900000000045
FEATURE	1631.378404811353903	739.765751041341105	1.055823e06	2	12.132974	0.760183	0.0	0.0	1624.744599999999991	1638.080300000000079
FEATURE	2464.946434022419453	479.271887362133441	1.054859e06	2	15.148083	0.821019	0.0	0.0	2457.643000000000029	2474.881800000000112
FEATURE	4468.505190369622142	443.202674685274076	1.051563e06	1	20.901545	0.874109	0.0	0.0	4454.425000000000182	4487.854800000000068
FEATURE	2734.262703523605069	580.286793338061216	1.051229e06	2	10.832076	0.816664	0.0	0.0	2729.717999999999847	2742.433599999999842
FEATURE	3257.290543960247305	649.858643522913098	1.050574e06	2	16.549665	0.828435	0.0	0.0	3248.101400000000012	3271.950200000000223
FEATURE	1544.097911655211192	908.446679558155893	1.049483e06	1	12.052158	0.851651	0.0	0.0	1535.501899999999978	1552.106899999999996
FEATURE	4600.175946628473866	690.38795903633104	1.049068e06	1	6.508725	0.882597	0.0	0.0	4598.042999999999665	4605.194900000000416
FEATURE	4519.788831018544443	599.31828836265413	1.04853e06	1	5.523674	0.910348	0.0	0.0	4516.042999999999665	4525.023100000000341
FEATURE	3547.863455828504357	533.113374344274121	1.048182e06	1	18.827381	0.853154	0.0	0.0	3536.155099999999948	3562.433100000000195
FEATURE	3529.197248096432304	474.291664375561879	1.046156e06	2	18.117599	0.851845	0.0	0.0	3514.602899999999863	3546.862900000000082
FEATURE	3340.279380775088612	721.340041463039029	1.043651e06	2	17.933777	0.849308	0.0	0.0	3331.8429000000001	3356.874899999999798
FEATURE	3844.490230233324837	582.354773613472162	1.04299e06	2	16.700701	0.888861	0.0	0.0	3835.846500000000106	3858.913100000000213
FEATURE	2569.320249081849852	843.429873532991564	1.042528e06	2	13.852309	0.715419	0.0	0.0	2563.057999999999993	2580.533100000000104
FEATURE	2521.678365162809314	650.812533438535638	1.04215e06	2	11.297842	0.855415	0.0	0.0	2514.634799999999814	2524.752399999999852
FEATURE	1779.248075211694186	601.817231776037374	1.042099e06	2	18.338015	0.811189	0.0	0.0	1767.313699999999926	1788.42710000000011
FEATURE	1285.654680762067756	454.552317055529386	1.040456e06	3	11.626716	0.807836	0.0	0.0	1276.253300000000081	1296.63779999999997
FEATURE	1917.371789000712624	758.367241702804563	1.038712e06	2	12.723096	0.79429	0.0	0.0	1913.424600000000055	1926.363499999999931
FEATURE	3633.683387009991748	760.410067826877366	1.037494e06	1	16.879732	0.855121	0.0	0.0	3620.694899999999961	3647.544800000000123
FEATURE	1372.46118515881426	683.368940988025202	1.036813e06	2	12.795864	0.866461	0.0	0.0	1360.222299999999905	1385.225599999999986
PEPTIDE	1368.231999999999971	683.368713378906023	6.1652281134402e-04	0	ELAAAAPAGADRPR	2	R	R	q-value	MS-GF+_2026-09-01T17:45:52_7198454993515115019	NP_215221.1	212	225	-1
FEATURE	3553.953188879504978	510.30675276246825	1.036787e06	1	20.91272	0.877907	0.0	0.0	3539.50649999999996	3566.494799999999941
FEATURE	1792.803327648591449	1023.473919145647756	1.036737e06	1	16.042912	0.785125	0.0	0.0	1785.416400000000067	1807.361300000000028
FEATURE	3564.751111517723075	905.969808874603473	1.034241e06	2	18.399132	0.866237	0.0	0.0	3551.563000000000102	3580.494400000000042
PEPTIDE	3555.194599999999809	905.975524902343977	0.0	0	DDQPLADTANQVALAIR	2	R	D	q-value	MS-GF+_2026-09-01T17:45:52_7198454993515115019	NP_215649.1	571	587	-1
FEATURE	1362.795695813756311	355.070748103610356	1.033914e06	1	14.849771	0.808596	0.0	0.0	1355.673500000000104	1376.567199999999957
FEATURE	2874.081314264137745	1010.061812875339228	1.033286e06	2	8.984146	0.799666	0.0	0.0	2870.487599999999929	2879.990099999999984
FEATURE	4600.338638569156501	686.388840975444396	1.032655e06	1	6.159967	0.880571	0.0	0.0	4597.145099999999729	4604.323900000000322
FEATURE	3703.767330830107312	566.828005647066334	1.029729e06	2	15.890011	0.818147	0.0	0.0	3700.022899999999936	3718.04300000000012
PEPTIDE	3700.533199999999852	566.828186035156023	0.0	0	NGGILQYVLR	2	R	N	q-value	MS-GF+_2026-09-01T17:45:52_7198454993515115019	NP_215991.1	927	936	-1
FEATURE	3218.382601549269111	819.443086054430069	1.027328e06	2	14.809736	0.861929	0.0	0.0	3209.089699999999993	3231.467399999999998
PEPTIDE	3211.15059999999994	819.445617675781023	0.0	0	ITTTLLNNLQTYDK	2	R	T	q-value	MS-GF+_2026-09-01T17:45:52_7198454993515115019	NP_215590.1	368	381	-1
FEATURE	1614.878199504547183	512.30022363068224	1.027175e06	2	13.767087	0.80787	0.0	0.0	1607.749299999999948	1624.744599999999991
PEPTIDE	1608.288700000000063	512.301086425781023	6.1652281134402e-04	0	LGHSEIIVR	2	R	M	q-value	MS-GF+_2026-09-01T17:45:52_7198454993515115019	NP_214534.1	516	524	-1
FEATURE	3022.37638689596497	983.933363942947381	1.024459e06	2	14.491961	0.811338	0.0	0.0	3014.761599999999817	3035.615400000000136
FEATURE	1448.919504123310617	497.751264652982854	1.024129e06	2	15.288787	0.826748	0.0	0.0	1440.635800000000018	1465.145800000000008
FEATURE	1681.823987821598394	550.812121487801505	1.02374e06	2	9.839184	0.828821	0.0	0.0	1671.678000000000111	1685.463199999999915
FEATURE	3324.096352993110941	619.790977752254548	1.022901e06	2	16.187567	0.835902	0.0	0.0	3309.821100000000115	3339.362099999999828
FEATURE	3076.175588922369116	874.453859972259806	1.02177e06	2	10.662155	0.832977	0.0	0.0	3069.002100000000155	3086.958799999999883
FEATURE	2323.194302996970691	938.543133093555866	1.018586e06	1	11.428822	0.813547	0.0	0.0	2319.685699999999997	2330.477199999999812
FEATURE	2773.165658011783307	698.830962167775851	1.014923e06	2	14.148039	0.811434	0.0	0.0	2767.284500000000207	2787.593199999999797
PEPTIDE	2778.383800000000065	698.834777832031023	0.0	0	LGMTQVFDESNR	2	K	V	q-value	MS-GF+_2026-09-01T17:45:52_7198454993515115019	NP_215215.1	10	21	-1
FEATURE	4392.519016522584025	497.299105161557748	1.014326e06	1	21.139454	0.877643	0.0	0.0	4377.173300000000381	4411.472899999999754
FEATURE	2972.255293636566876	876.980180133316594	1.013581e06	2	13.501846	0.824092	0.0	0.0	2964.41359999999986	2980.231400000000122
FEATURE	2123.982996013263801	808.929054464205592	1.013079e06	2	11.115236	0.76544	0.0	0.0	2118.26760000000013	2130.515699999999924
PEPTIDE	2126.742200000000139	808.93212890625	0.0	0	DAVLLEQASVSDNKK	2	K	T	q-value	MS-GF+_2026-09-01T17:45:52_7198454993515115019	NP_217405.1	232	246	-1
FEATURE	3969.68510342991658	643.236950637515292	1.012718e06	1	22.487133	0.867305	0.0	0.0	3953.49310000000014	3984.004800000000159
FEATURE	2152.583411133330174	705.350196687407106	1.011967e06	2	10.478536	0.783285	0.0	0.0	2146.760200000000168	2161.040399999999863
FEATURE	1750.153843001986388	500.765347741685503	1.010115e06	2	14.202527	0.8505	0.0	0.0	1744.90300000000002	1764.412900000000036
PEPTIDE	1755.995200000000068	500.764587402343977	6.1652281134402e-04	0	IAEGMGVPAR	2	K	R	q-value	MS-GF+_2026-09-01T17:45:52_7198454993515115019	NP_218026.1	472	481	-1
FEATURE	3118.078514796750824	743.443017994356524	1.009622e06	1	17.757025	0.824533	0.0	0.0	3113.814800000000105	3129.295599999999922
FEATURE	1436.16012316874685	686.286546420960462	1.009557e06	2	12.885703	0.784461	0.0	0.0	1429.016900000000078	1449.200800000000072
FEATURE	4602.918525591892831	443.203294229931259	1.007503e06	1	5.863083	0.901067	0.0	0.0	4599.844900000000052	4606.96309999999994
FEATURE	2418.077505523043328	404.221807705627725	1.007171e06	2	10.751309	0.862075	0.0	0.0	2412.648799999999937	2428.666999999999916
PEPTIDE	2413.481400000000122	404.221984863281023	1.68255748738082e-03	0	FDSILGR	2	K	L	q-value	MS-GF+_2026-09-01T17:45:52_7198454993515115019	NP_215952.1	51	57	-1
FEATURE	2904.569703357043636	863.961770470788338	1.005979e06	2	10.658225	0.765062	0.0	0.0	2897.610299999999825	2911.941499999999905
FEATURE	4002.225346640724638	493.241292051499045	1.005795e06	1	20.936169	0.902738	0.0	0.0	3986.809299999999894	4021.003600000000006
FEATURE	3052.35428367476743	765.337437550361074	1.005325e06	1	10.238337	0.801358	0.0	0.0	3046.543099999999868	3055.379899999999907
FEATURE	3075.626597149679128	736.374199507142293	1.005025e06	2	12.357662	0.855471	0.0	0.0	3063.929700000000139	3088.434000000000196
FEATURE	3309.723601021753893	524.209537352838083	1.004351e06	1	21.430697	0.849542	0.0	0.0	3294.319700000000012	3321.014900000000125
FEATURE	1943.210176831695662	868.553330539089075	1.004325e06	1	9.432573	0.827227	0.0	0.0	1937.776499999999942	1947.652199999999994
FEATURE	3150.423601255080484	883.897906023399173	1.00403e06	2	14.053925	0.830279	0.0	0.0	3141.126099999999951	3161.197200000000066
FEATURE	1851.76654168630148	733.373454755788657	1.003949e06	2	9.685775	0.810206	0.0	0.0	1848.013799999999947	1860.665500000000066
FEATURE	3414.363309650067095	764.414753640049867	1.00375e06	2	16.465906	0.855475	0.0	0.0	3405.913100000000213	3424.84310000000005
PEPTIDE	3407.26760000000013	764.411682128906023	6.1652281134402e-04	0	SGVTVSMADVLVPPR	2	R	K	q-value	MS-GF+_2026-09-01T17:45:52_7198454993515115019	NP_215182.1	726	740	-1
FEATURE	1325.943676101678648	436.886804762198381	1.003096e06	3	10.824037	0.824855	0.0	0.0	1316.234699999999975	1337.092599999999948
PEPTIDE	1332.830400000000054	436.888214111328011	0.0	0	EIAPHAAEVDEK	3	K	A	q-value	MS-GF+_2026-09-01T17:45:52_7198454993515115019	NP_217791.1	32	43	-1
FEATURE	3527.757768254058192	732.35567053168927	1.001638e06	2	15.719463	0.849655	0.0	0.0	3516.714899999999943	3543.628099999999904
FEATURE	3110.387462819986922	738.379489187983609	1.00156e06	2	12.37913	0.882283	0.0	0.0	3103.092000000000098	3113.814800000000105
FEATURE	2315.078970573209517	504.772070118781358	9.999922e05	2	13.074559	0.802465	0.0	0.0	2309.291999999999916	2325.799799999999777
FEATURE	3516.070681774086552	538.301665733974915	9.971264e05	1	18.197662	0.864174	0.0	0.0	3506.764700000000175	3534.225899999999911
FEATURE	3492.97658861949003	562.225179697395902	9.954657e05	1	24.669729	0.874447	0.0	0.0	3482.415300000000116	3512.682899999999791
FEATURE	2792.466761466217577	637.341970851739575	9.936113e05	2	14.742625	0.784735	0.0	0.0	2781.671299999999974	2801.343299999999999
FEATURE	4007.331760447810211	490.278116954377992	9.881146e05	1	25.591978	0.873183	0.0	0.0	3985.903200000000197	4007.783199999999852
FEATURE	2239.529121286922418	742.901995594955224	9.868488e05	2	14.854802	0.79663	0.0	0.0	2232.35590000000002	2249.979400000000169
FEATURE	2684.885662672415947	541.310313174511521	9.795928e05	2	13.663727	0.797689	0.0	0.0	2674.779700000000048	2698.541799999999967
FEATURE	1521.884975284167012	468.260916624082483	9.793524e05	3	11.918369	0.759595	0.0	0.0	1517.093000000000075	1528.955099999999902
PEPTIDE	1518.416999999999916	468.260986328125	6.1652281134402e-04	0	VEANVGKPQVAYK	3	K	E	q-value	MS-GF+_2026-09-01T17:45:52_7198454993515115019	YP_177746.1	475	487	-1
FEATURE	3259.454996491538623	357.182932062143038	9.779523e05	4	15.185458	0.906975	0.0	0.0	3250.013100000000122	3271.950200000000223
FEATURE	4549.273417093271746	508.239562201596982	9.760793e05	1	4.897318	0.915069	0.0	0.0	4546.92489999999998	4553.902900000000045
FEATURE	1746.057221197165063	887.928877435810591	9.754321e05	2	12.368763	0.736955	0.0	0.0	1740.171700000000101	1756.242899999999963
PEPTIDE	1742.220499999999902	887.930114746093977	0.0	0	FAEAFHATGQNQPATGK	2	R	F	q-value	MS-GF+_2026-09-01T17:45:52_7198454993515115019	NP_215697.1	1474	1490	-1
FEATURE	4200.723063618238484	371.101245624376304	9.722478e05	1	14.664593	0.787737	0.0	0.0	4196.853199999999561	4211.112900000000081
FEATURE	3303.434692195236494	824.422401088940319	9.7206e05	1	11.799893	0.817985	0.0	0.0	3298.77579999999989	3313.99389999999994
FEATURE	2684.133895201707674	1004.476308139361208	9.719375e05	2	21.373869	0.720463	0.0	0.0	2677.805299999999988	2698.541799999999967
FEATURE	3373.675615047657175	759.384604405780237	9.712423e05	2	18.849316	0.863946	0.0	0.0	3360.652799999999843	3388.314400000000205
FEATURE	3164.551723349916301	503.303977993224692	9.708125e05	2	13.042882	0.798476	0.0	0.0	3158.500799999999799	3171.260099999999966
FEATURE	3438.76644604998728	781.494973394094473	9.703684e05	1	15.173052	0.862335	0.0	0.0	3431.194899999999961	3451.027300000000196
FEATURE	3042.747038119735407	657.857875775768775	9.684524e05	2	14.445848	0.822427	0.0	0.0	3040.943200000000161	3054.514900000000125
PEPTIDE	3039.530799999999999	657.858093261718977	0.0	0	VTGPVVDVEFPR	2	R	G	q-value	MS-GF+_2026-09-01T17:45:52_7198454993515115019	NP_215826.1	25	36	-1
FEATURE	2261.946290787851922	494.238285178910246	9.674181e05	2	10.577856	0.702568	0.0	0.0	2253.397199999999884	2266.713000000000193
FEATURE	3443.040124913337422	797.418810505525585	9.663448e05	2	15.243443	0.869973	0.0	0.0	3434.826300000000174	3458.463200000000143
PEPTIDE	3447.536599999999908	797.415710449218977	0.0	0	VLFELSYPNEGVAR	2	R	A	q-value	MS-GF+_2026-09-01T17:45:52_7198454993515115019	NP_215222.1	101	114	-1
FEATURE	2972.459485906161717	734.837167364541415	9.657502e05	2	13.471767	0.75425	0.0	0.0	2966.258899999999812	2980.231400000000122
FEATURE	3534.035793220931282	737.386962166392209	9.638404e05	2	16.228165	0.862928	0.0	0.0	3520.984599999999773	3546.862900000000082
PEPTIDE	3527.274399999999787	737.385070800781023	0.0	0	AM(Oxidation)EALDLLPLTDR	2	R	R	q-value	MS-GF+_2026-09-01T17:45:52_7198454993515115019	YP_177855.1	1052	1064	-1
FEATURE	2759.712844659596613	716.889288978831701	9.615169e05	2	12.023114	0.772022	0.0	0.0	2753.522599999999784	2764.773400000000038
PEPTIDE	2759.846399999999903	716.891174316406023	0.0	0	LPTGVKDEFDALK	2	K	E	q-value	MS-GF+_2026-09-01T17:45:52_7198454993515115019	NP_214725.1	589	601	-1
FEATURE	2175.381509336717954	769.370409974873724	9.6002e05	2	12.024685	0.727466	0.0	0.0	2165.504899999999907	2180.904799999999796
PEPTIDE	2181.702999999999975	769.366577148437955	0.0	0	IVESYDLM(Oxidation)NAGGPR	2	R	K	q-value	MS-GF+_2026-09-01T17:45:52_7198454993515115019	NP_216761.1	121	134	-1
FEATURE	4568.825884234463956	669.194938718728849	9.597663e05	1	4.632602	0.778736	0.0	0.0	4564.413700000000063	4573.205299999999625
FEATURE	2604.678514484270636	886.946779623131874	9.592727e05	2	14.157725	0.775326	0.0	0.0	2603.981900000000223	2617.267699999999877
FEATURE	2801.653956672529603	849.391561272259082	9.591285e05	2	16.592566	0.800701	0.0	0.0	2795.782999999999902	2813.990299999999934
FEATURE	2699.703075842360249	758.394093594224728	9.582591e05	2	11.506728	0.806622	0.0	0.0	2693.508400000000165	2708.505000000000109
FEATURE	2497.734806093590123	822.913105909333126	9.580057e05	2	12.152002	0.786499	0.0	0.0	2489.811400000000049	2506.378900000000158
PEPTIDE	2493.369999999999891	822.915222167968977	1.68255748738082e-03	0	VVMSVPAEREDWAR	2	R	T	q-value	MS-GF+_2026-09-01T17:45:52_7198454993515115019	NP_216052.1	990	1003	-1
FEATURE	4551.050658024523727	422.239333545023499	9.578382e05	1	5.18031	0.83801	0.0	0.0	4547.773100000000341	4556.522799999999734
FEATURE	4109.205050181172737	504.317035775594661	9.559533e05	1	16.535349	0.870174	0.0	0.0	4099.852799999999661	4124.692799999999807
FEATURE	3148.941847719912403	653.83274404774113	9.543374e05	2	13.322067	0.858309	0.0	0.0	3139.320000000000164	3152.555199999999786
FEATURE	4374.36891497049146	599.35443147095998	9.537877e05	1	25.177944	0.922418	0.0	0.0	4353.353199999999561	4391.493000000000393
FEATURE	4111.012971839014426	450.139712718335716	9.537803e05	1	24.677101	0.890695	0.0	0.0	4099.852799999999661	4126.574899999999616
FEATURE	3898.914428445718386	371.101358751175894	9.52178e05	1	11.055823	0.807695	0.0	0.0	3896.633100000000013	3906.423499999999876
FEATURE	1873.109002897492701	659.873004153348347	9.509674e05	2	10.483706	0.810515	0.0	0.0	1867.335499999999911	1880.429000000000087
FEATURE	4446.101352141626194	655.848833663941605	9.509111e05	1	18.449163	0.747472	0.0	0.0	4432.094900000000052	4448.814699999999903
FEATURE	4520.27950978168974	447.128853478549502	9.497587e05	1	7.381191	0.874793	0.0	0.0	4512.454899999999725	4526.793300000000272
FEATURE	3740.676289074049691	804.938300635308906	9.474793e05	2	15.174191	0.849205	0.0	0.0	3733.214899999999943	3753.202900000000227
PEPTIDE	3737.435800000000199	804.938171386718977	0.0	0	M(Oxidation)LTNLINSGFILEK	2	K	G	q-value	MS-GF+_2026-09-01T17:45:52_7198454993515115019	NP_216736.1	201	214	-1
FEATURE	1483.789212450134073	494.282203154574916	9.467731e05	2	17.586639	0.869289	0.0	0.0	1480.38130000000001	1500.539199999999937
PEPTIDE	1482.380200000000059	494.283813476561988	6.1652281134402e-04	0	TLTGAQQLR	2	R	D	q-value	MS-GF+_2026-09-01T17:45:52_7198454993515115019	NP_214712.1	313	321	-1
FEATURE	3324.237183912807723	773.8925444473374	9.442999e05	2	16.893526	0.825005	0.0	0.0	3318.284900000000107	3334.535300000000007
FEATURE	4611.547747401885317	491.260847566288305	9.40429e05	1	4.537928	0.929286	0.0	0.0	4607.854900000000271	4615.953700000000026
FEATURE	2562.512990124549106	828.899837206685334	9.384199e05	1	14.911527	0.809315	0.0	0.0	2555.900200000000041	2576.507099999999809
FEATURE	3161.929613714131847	888.437655585418156	9.38139e05	1	19.581293	0.856341	0.0	0.0	3157.320700000000215	3175.225100000000111
FEATURE	1524.783085386049379	391.284053555623984	9.36289e05	1	11.254849	0.852507	0.0	0.0	1519.954799999999978	1531.249900000000025
FEATURE	1224.826206171048625	632.964014508778973	9.354525e05	3	13.678823	0.834466	0.0	0.0	1210.854700000000094	1232.622900000000072
FEATURE	1294.277274944590772	391.285393451684456	9.345879e05	1	18.30431	0.740809	0.0	0.0	1283.295499999999947	1305.904800000000023
FEATURE	2981.324854939749912	1024.499171352330222	9.31996e05	2	11.827407	0.826394	0.0	0.0	2974.281300000000101	2989.728799999999865
FEATURE	4555.303445023808308	520.28721963143289	9.299659e05	1	6.066247	0.904391	0.0	0.0	4549.534899999999652	4559.15310000000045
FEATURE	3071.735520157722931	675.849947711502978	9.297423e05	2	15.894459	0.771568	0.0	0.0	3061.879800000000159	3084.1878999999999
FEATURE	4626.018751020818854	806.377020022809006	9.295615e05	1	7.340464	0.797996	0.0	0.0	4622.954800000000432	4631.682999999999993
FEATURE	3102.433829735984091	608.295676685806939	9.28389e05	2	14.501609	0.826624	0.0	0.0	3097.993199999999888	3116.147100000000137
PEPTIDE	3106.74980000000005	608.295288085937955	0.0	0	MFGLVYGGESR	2	R	D	q-value	MS-GF+_2026-09-01T17:45:52_7198454993515115019	NP_214712.1	182	192	-1
FEATURE	2948.941768256772775	676.835876716002645	9.281687e05	2	12.467896	0.886458	0.0	0.0	2941.444300000000112	2952.82340000000022
PEPTIDE	2949.296600000000126	676.83740234375	0.0	0	NLAMALVGDHPGAS	2	R	]	q-value	MS-GF+_2026-09-01T17:45:52_7198454993515115019	NP_217677.1	368	381	-1
FEATURE	4377.657165421408536	429.186902540098629	9.275908e05	1	29.220036	0.873038	0.0	0.0	4360.944700000000012	4393.423099999999977
FEATURE	2780.906802001714823	479.979813099689466	9.269341e05	4	12.231631	0.886626	0.0	0.0	2775.163100000000213	2790.280799999999999
FEATURE	3356.490529793661608	675.263132903673068	9.257689e05	1	21.718706	0.86829	0.0	0.0	3346.058799999999792	3368.437199999999848
FEATURE	1532.499288334147423	513.290056259879407	9.240335e05	2	11.480059	0.855536	0.0	0.0	1527.523599999999988	1539.864900000000034
FEATURE	3577.820588374522686	536.209251114938638	9.23827e05	1	34.663784	0.874717	0.0	0.0	3568.363199999999779	3605.488699999999881
FEATURE	4588.039072293543541	643.400384294475884	9.23713e05	1	5.50897	0.921121	0.0	0.0	4585.733100000000377	4592.743000000000393
FEATURE	3876.442184830135375	399.235516499440166	9.236741e05	1	24.472584	0.916414	0.0	0.0	3865.774800000000141	3892.902900000000045
FEATURE	4581.455119678816118	418.244149759714389	9.223835e05	1	7.206857	0.866106	0.0	0.0	4577.773199999999633	4588.362900000000082
FEATURE	3520.850590705646482	768.460809335948511	9.206517e05	1	18.335577	0.898986	0.0	0.0	3509.210500000000138	3535.1878999999999
FEATURE	1488.331593239605354	697.373462503809037	9.200181e05	1	15.85891	0.82559	0.0	0.0	1484.659000000000106	1501.343200000000024
FEATURE	3139.423003814688855	635.827381726172689	9.189118e05	2	15.798015	0.830287	0.0	0.0	3134.967299999999796	3153.487099999999828
PEPTIDE	3138.664299999999912	635.830993652343977	1.68255748738082e-03	0	AFYALPAENFK	2	R	T	q-value	MS-GF+_2026-09-01T17:45:52_7198454993515115019	NP_216145.1	28	38	-1
FEATURE	2547.014906082659309	508.757611361812906	9.188209e05	2	13.134499	0.75656	0.0	0.0	2544.125700000000052	2555.900200000000041
FEATURE	2120.486783776406355	909.414535529169143	9.178609e05	2	14.069946	0.743551	0.0	0.0	2112.018300000000181	2125.91150000000016
FEATURE	3570.050666745230046	362.254026778445223	9.177716e05	1	18.024721	0.833406	0.0	0.0	3551.563000000000102	3582.974799999999959
FEATURE	3180.447841304955091	952.972741311656137	9.164613e05	2	16.534229	0.84531	0.0	0.0	3177.376200000000154	3192.642899999999827
FEATURE	2908.478561924604492	424.724695516972531	9.160391e05	2	11.389998	0.779653	0.0	0.0	2903.134900000000016	2919.804799999999887
FEATURE	2884.480387080915534	822.918207741056563	9.148345e05	2	10.267907	0.798098	0.0	0.0	2879.990099999999984	2891.08869999999979
FEATURE	2231.499216524297026	579.802838965278966	9.134935e05	2	13.723409	0.774513	0.0	0.0	2224.829099999999926	2244.158199999999852
FEATURE	3650.187674335274551	353.953675647028945	9.10982e05	4	12.989948	0.876204	0.0	0.0	3644.053699999999935	3663.167199999999866
FEATURE	3287.768280441591742	871.933142191887896	9.106615e05	2	20.040623	0.789615	0.0	0.0	3286.608400000000074	3305.603099999999813
FEATURE	4469.490730041403367	541.385202540747628	9.102851e05	1	14.249338	0.899946	0.0	0.0	4457.215400000000045	4481.423200000000179
FEATURE	3076.892199265181262	866.469485920678267	9.099672e05	2	16.07081	0.822313	0.0	0.0	3072.334199999999782	3092.565300000000207
FEATURE	3110.156342834146926	573.817349549401342	9.099274e05	2	13.126344	0.806661	0.0	0.0	3101.26339999999982	3121.275299999999788
PEPTIDE	3104.000700000000052	573.816589355468977	0.0	0	AQGFNDLLIR	2	R	L	q-value	MS-GF+_2026-09-01T17:45:52_7198454993515115019	NP_215144.1	226	235	-1
FEATURE	3851.069566473367559	546.292110812015721	9.08499e05	1	15.438373	0.840645	0.0	0.0	3847.132900000000063	3864.823499999999967
FEATURE	3096.787427740963267	791.358351884950025	9.075718e05	2	15.444967	0.854074	0.0	0.0	3092.565300000000207	3105.817000000000007
FEATURE	1889.6618036102509	416.758034323800018	9.069678e05	2	12.724085	0.842417	0.0	0.0	1883.293499999999995	1902.190000000000055
FEATURE	1892.460409967582109	695.312741626091224	9.065494e05	2	11.436332	0.729064	0.0	0.0	1887.522200000000112	1898.885099999999966
FEATURE	1905.145886411947686	409.723855119386258	9.059992e05	2	18.413937	0.72963	0.0	0.0	1897.194099999999935	1919.442099999999982
FEATURE	2945.886042137240111	927.556687103504714	9.05359e05	1	10.299845	0.768641	0.0	0.0	2939.341199999999844	2949.618199999999888
FEATURE	1325.83160742850032	654.828045496746768	9.048512e05	2	11.290952	0.89549	0.0	0.0	1314.738499999999931	1337.092599999999948
PEPTIDE	1318.560400000000072	654.830993652343977	0.0	0	EIAPHAAEVDEK	2	K	A	q-value	MS-GF+_2026-09-01T17:45:52_7198454993515115019	NP_217791.1	32	43	-1
FEATURE	2813.494955674641915	853.95996009315877	9.013082e05	2	10.437777	0.752892	0.0	0.0	2806.814100000000053	2819.874699999999848
FEATURE	1444.556512381336233	569.752239357937469	9.00899e05	2	14.830612	0.817372	0.0	0.0	1434.221700000000055	1452.039299999999912
FEATURE	4358.93087332781306	536.281556475137791	8.994332e05	1	30.855965	0.894276	0.0	0.0	4334.542999999999665	4391.493000000000393
FEATURE	1265.033008269006586	981.438271665417574	8.99143e05	2	11.862743	0.794612	0.0	0.0	1255.702800000000025	1277.215400000000045
PEPTIDE	1258.587600000000066	981.439208984375	0.0	0	RGGGGGDDDDIAGSTAAGQER	2	K	R	q-value	MS-GF+_2026-09-01T17:45:52_7198454993515115019	NP_216627.1	7	27	-1
FEATURE	4154.712788465164522	398.347955174771812	8.983035e05	1	17.763821	0.863348	0.0	0.0	4149.472999999999956	4166.707999999999629
FEATURE	4535.008358696127289	430.20773858028582	8.982902e05	1	6.264515	0.875595	0.0	0.0	4531.1850000000004	4540.853699999999662
FEATURE	1456.543384357048581	830.37635493305595	8.982231e05	2	11.104202	0.848873	0.0	0.0	1447.495799999999917	1467.004100000000108
FEATURE	3403.617605617725076	489.317585783934987	8.946574e05	1	15.356449	0.879215	0.0	0.0	3395.724299999999857	3409.336800000000039
FEATURE	1451.193340015795911	945.415213021923591	8.945189e05	1	18.906258	0.826176	0.0	0.0	1449.200800000000072	1467.004100000000108
FEATURE	3356.079928824909985	934.454316557908101	8.941721e05	1	18.071333	0.877834	0.0	0.0	3345.164900000000216	3370.34310000000005
FEATURE	3016.61292329089838	967.501804307366456	8.940472e05	1	15.924376	0.764892	0.0	0.0	3007.177900000000136	3027.876999999999953
FEATURE	3795.359190867400685	609.344704832373623	8.939229e05	1	21.097128	0.846176	0.0	0.0	3779.874099999999999	3803.752899999999954
FEATURE	1574.998855456708498	523.237281903827579	8.938063e05	2	10.406275	0.819682	0.0	0.0	1570.367199999999912	1581.073399999999992
FEATURE	3394.952874177638478	746.354694584979825	8.934844e05	2	14.622765	0.810265	0.0	0.0	3386.504699999999957	3401.335099999999784
PEPTIDE	3387.965999999999895	746.352600097656023	0.0	0	DEQIGDLVGEAMSK	2	R	V	q-value	MS-GF+_2026-09-01T17:45:52_7198454993515115019	NP_217934.1	152	165	-1
FEATURE	2666.122722354040434	572.304784941926982	8.912402e05	2	9.606552	0.833228	0.0	0.0	2662.68730000000005	2674.779700000000048
FEATURE	3287.839897242537518	968.986144111845761	8.904473e05	2	15.095753	0.822397	0.0	0.0	3286.608400000000074	3300.261599999999817
FEATURE	3251.609426324583637	645.864957455491094	8.883083e05	1	12.83631	0.873484	0.0	0.0	3246.612999999999829	3259.611199999999826
FEATURE	4117.994995254173773	405.252800523813619	8.850252e05	1	25.742004	0.87157	0.0	0.0	4096.104699999999866	4120.89469999999983
FEATURE	3850.431340680238918	371.101628709603517	8.840833e05	1	10.728913	0.803891	0.0	0.0	3845.254800000000159	3860.804700000000139
FEATURE	2635.730120282827556	458.261183472668733	8.819813e05	2	10.993043	0.813844	0.0	0.0	2628.01279999999997	2640.184900000000198
FEATURE	2958.527737533425352	498.804393169933121	8.807084e05	2	16.806738	0.811736	0.0	0.0	2951.879300000000058	2967.412100000000009
FEATURE	3853.475914986207954	687.430931151052619	8.804023e05	1	16.085825	0.903701	0.0	0.0	3846.18289999999979	3868.604800000000068
FEATURE	3031.103364744149076	598.340980579655934	8.794028e05	2	14.471014	0.804914	0.0	0.0	3017.207499999999982	3038.956900000000132
FEATURE	1294.480986654035632	371.102271966542105	8.792557e05	1	18.89855	0.747296	0.0	0.0	1283.295499999999947	1305.904800000000023
FEATURE	3163.909314720359362	490.284846675753499	8.792437e05	2	16.693245	0.852989	0.0	0.0	3153.487099999999828	3175.225100000000111
FEATURE	1429.673958299053538	798.878437972654183	8.789166e05	2	11.212578	0.786652	0.0	0.0	1425.324499999999944	1436.275000000000091
PEPTIDE	1433.074000000000069	798.876220703125	0.0	0	YTAAATGADNVSQEAK	2	R	V	q-value	MS-GF+_2026-09-01T17:45:52_7198454993515115019	NP_216742.1	427	442	-1
FEATURE	3502.367613300586072	653.84558071315314	8.780321e05	2	24.578535	0.784389	0.0	0.0	3492.264999999999873	3515.553100000000086
PEPTIDE	3497.380400000000009	653.845825195312045	0.0	0	DSM(Oxidation)FQAILPLR	2	R	G	q-value	MS-GF+_2026-09-01T17:45:52_7198454993515115019	NP_214519.2	471	481	-1
FEATURE	3776.481005120797363	582.327819075061939	8.749517e05	1	24.007307	0.85595	0.0	0.0	3764.404899999999998	3798.744499999999789
FEATURE	4668.519441086177721	867.582636793134157	8.744864e05	1	10.91197	0.824637	0.0	0.0	4664.572900000000118	4675.413099999999758
FEATURE	2191.594893453223904	387.238213653393132	8.684398e05	2	10.990811	0.759998	0.0	0.0	2187.063599999999951	2198.133499999999913
FEATURE	3259.811252485797468	484.746279330668585	8.676897e05	2	18.367359	0.8587	0.0	0.0	3248.101400000000012	3269.909700000000157
PEPTIDE	3249.689199999999801	484.744812011718977	6.27943485086342e-03	0	LIDSM(Oxidation)FAR	2	K	A	q-value	MS-GF+_2026-09-01T17:45:52_7198454993515115019	NP_218091.3	134	141	-1
FEATURE	4652.062704881071113	567.256206646691339	8.674213e05	1	8.006855	0.849195	0.0	0.0	4645.90310000000045	4656.563000000000102
FEATURE	1471.675090589724732	565.616232890363449	8.639397e05	3	9.926738	0.788086	0.0	0.0	1463.548500000000104	1480.38130000000001
FEATURE	4055.206054899521405	677.350229285609544	8.62559e05	1	20.095148	0.850969	0.0	0.0	4043.982899999999972	4067.76279999999997
FEATURE	3924.435442823955782	905.514405897388542	8.606009e05	1	18.975456	0.906	0.0	0.0	3911.123000000000047	3943.15059999999994
FEATURE	3179.564888181520928	904.431605828934835	8.586083e05	2	15.082355	0.808728	0.0	0.0	3168.906599999999799	3188.426300000000083
FEATURE	1512.651251386607328	679.278522028110046	8.553447e05	2	15.59782	0.758566	0.0	0.0	1504.457400000000007	1519.954799999999978
FEATURE	1892.064439749041185	937.868285332397818	8.551415e05	2	13.258574	0.802309	0.0	0.0	1888.354000000000042	1902.190000000000055
FEATURE	3529.313649328606516	465.778342923564139	8.548487e05	2	18.000151	0.856191	0.0	0.0	3516.714899999999943	3544.929599999999937
FEATURE	2969.872220368267335	692.826020784126172	8.545043e05	2	17.773241	0.852572	0.0	0.0	2959.189699999999903	2984.322099999999864
FEATURE	4444.238849610570469	390.248918386464538	8.512274e05	1	25.608536	0.892917	0.0	0.0	4423.664700000000266	4460.952900000000227
FEATURE	1287.323100572240037	732.028493814609305	8.504975e05	3	12.614066	0.781638	0.0	0.0	1277.215400000000045	1300.346900000000005
FEATURE	4579.397954935918278	505.229552694350957	8.485665e05	1	8.215705	0.878355	0.0	0.0	4574.083700000000135	4583.083599999999933
FEATURE	4017.103989478668609	760.319344407297194	8.484937e05	1	19.198008	0.866306	0.0	0.0	4003.964800000000196	4037.014799999999923
FEATURE	4398.622194632712308	651.321751600911284	8.453991e05	1	19.28755	0.865586	0.0	0.0	4386.67489999999998	4416.172899999999572
FEATURE	1353.769832863290048	601.759161313998448	8.432659e05	2	17.485062	0.827604	0.0	0.0	1343.914299999999912	1371.287700000000086
PEPTIDE	1347.822599999999966	601.755981445312045	0.0	0	QDYGGGADYTR	2	R	Y	q-value	MS-GF+_2026-09-01T17:45:52_7198454993515115019	NP_214534.1	367	377	-1
FEATURE	2467.441217233852967	917.463966560228641	8.405814e05	1	11.217577	0.82111	0.0	0.0	2464.818000000000211	2475.764500000000226
FEATURE	1611.996375408606127	709.806060413646378	8.400623e05	2	12.307965	0.749941	0.0	0.0	1606.916699999999992	1619.821899999999914
FEATURE	1324.747891884207093	741.868385529367856	8.38874e05	2	11.898479	0.854104	0.0	0.0	1314.738499999999931	1337.092599999999948
PEPTIDE	1317.021199999999908	741.870178222656023	0.0	0	ATATTISQM(Oxidation)SASAAR	2	R	M	q-value	MS-GF+_2026-09-01T17:45:52_7198454993515115019	NP_215586.1	190	204	-1
FEATURE	3042.035766484547366	901.429933127018103	8.387349e05	2	12.222515	0.758043	0.0	0.0	3034.342200000000048	3051.713200000000143
FEATURE	4610.334325448708114	486.209279131030087	8.383862e05	1	5.692875	0.917826	0.0	0.0	4605.194900000000416	4614.013100000000122
FEATURE	3272.070488255874352	851.447000970372301	8.372256e05	1	11.955662	0.865198	0.0	0.0	3262.549399999999878	3278.373000000000047
FEATURE	4568.446511323421873	907.561763272383928	8.366667e05	1	5.2319	0.875775	0.0	0.0	4564.413700000000063	4573.205299999999625
FEATURE	1608.776483639892149	434.747795555181881	8.363901e05	2	14.766026	0.858302	0.0	0.0	1601.885399999999891	1619.821899999999914
PEPTIDE	1603.534200000000055	434.747985839843977	6.1652281134402e-04	0	DGLVHISK	2	R	L	q-value	MS-GF+_2026-09-01T17:45:52_7198454993515115019	NP_217299.1	689	696	-1
FEATURE	4144.953049594815639	464.224207625667646	8.351219e05	1	23.519213	0.867286	0.0	0.0	4129.375100000000202	4159.494800000000396
FEATURE	3956.810876274326347	647.339659149484305	8.350304e05	1	27.975504	0.893781	0.0	0.0	3945.992999999999938	3974.402900000000045
FEATURE	4593.394827271439681	462.270640248413031	8.34654e05	1	5.462763	0.876053	0.0	0.0	4590.113400000000183	4598.943100000000413
FEATURE	3307.966238288392106	732.338189126296356	8.337679e05	2	17.79232	0.858328	0.0	0.0	3298.77579999999989	3319.158800000000156
PEPTIDE	3307.38130000000001	732.3369140625	0.0	0	NLVC(Carbamidomethyl)SC(Carbamidomethyl)PPVEAFA	2	R	]	q-value	MS-GF+_2026-09-01T17:45:52_7198454993515115019	NP_216348.1	928	940	-1
FEATURE	1890.141130416050601	687.32914391212887	8.333229e05	2	15.209139	0.710066	0.0	0.0	1887.522200000000112	1902.190000000000055
FEATURE	3933.610069487282544	459.365854790093749	8.33202e05	1	22.179884	0.877718	0.0	0.0	3917.3128999999999	3949.742999999999938
FEATURE	1711.614639816564704	874.394045771655783	8.307575e05	2	10.57249	0.821397	0.0	0.0	1708.361599999999953	1720.103800000000092
FEATURE	1414.251371142040625	649.3239014632818	8.298001e05	2	9.710056	0.815669	0.0	0.0	1409.934099999999944	1424.172600000000102
FEATURE	1385.840434294304714	542.269845377684305	8.288579e05	3	11.908287	0.86972	0.0	0.0	1374.504799999999932	1397.933299999999917
PEPTIDE	1389.905199999999923	542.267517089843977	0.0	0	TLRDDPADAEVASHK	3	R	L	q-value	MS-GF+_2026-09-01T17:45:52_7198454993515115019	NP_217361.1	11	25	-1
FEATURE	4556.767007281765473	502.240539463971572	8.275549e05	1	6.929023	0.86106	0.0	0.0	4550.40310000000045	4562.65480000000025
FEATURE	2680.669118543551576	646.307747835198711	8.240184e05	1	19.762377	0.793302	0.0	0.0	2680.443699999999808	2698.541799999999967
FEATURE	2297.811992647563329	402.225918178228312	8.239192e05	2	13.988095	0.8642	0.0	0.0	2293.496799999999894	2305.682600000000093
FEATURE	1748.286618170934617	683.345940881697516	8.232094e05	2	15.983291	0.734215	0.0	0.0	1732.556900000000042	1757.965099999999893
FEATURE	3768.215891464454671	1019.541333586209362	8.213127e05	1	17.699852	0.860594	0.0	0.0	3758.895399999999881	3781.744700000000194
FEATURE	2362.143717677854056	716.872705695820855	8.206479e05	2	12.850172	0.727437	0.0	0.0	2354.814400000000205	2372.934200000000146
FEATURE	4596.830793646387065	715.522998777224871	8.199286e05	1	7.974588	0.838176	0.0	0.0	4591.86489999999958	4599.844900000000052
FEATURE	2738.000503860042045	508.82170372025854	8.197536e05	2	15.284845	0.717258	0.0	0.0	2728.823100000000068	2747.818099999999959
PEPTIDE	2733.609899999999925	508.822113037108977	6.1652281134402e-04	0	LGVTILTATK	2	K	V	q-value	MS-GF+_2026-09-01T17:45:52_7198454993515115019	NP_214976.1	224	233	-1
FEATURE	1951.469360034129295	466.245644417510277	8.197062e05	2	14.705756	0.745601	0.0	0.0	1941.848700000000008	1956.2179000000001
FEATURE	3516.166998661285561	584.282231031926358	8.188682e05	1	19.725147	0.863377	0.0	0.0	3509.210500000000138	3531.04340000000002
FEATURE	3541.933959509289252	566.804414839546894	8.183768e05	2	10.940394	0.851057	0.0	0.0	3537.06710000000021	3547.823100000000068
FEATURE	2036.612224279822385	985.592812348152961	8.179113e05	1	10.758839	0.717214	0.0	0.0	2031.672800000000052	2043.368999999999915
FEATURE	3347.690279811616165	469.758665352347748	8.176147e05	2	14.327905	0.891915	0.0	0.0	3335.494700000000194	3360.652799999999843
PEPTIDE	3339.925499999999829	469.758697509766023	6.1652281134402e-04	0	VLDFAAFR	2	R	S	q-value	MS-GF+_2026-09-01T17:45:52_7198454993515115019	YP_177787.3	177	184	-1
FEATURE	1544.388911680120827	573.248637646214775	8.164076e05	1	10.675543	0.770783	0.0	0.0	1538.927899999999909	1552.947899999999891
FEATURE	3392.431987844533069	724.864814247620643	8.15543e05	2	13.857261	0.774551	0.0	0.0	3386.504699999999957	3399.554399999999987
FEATURE	3877.415899890909714	822.953020682495435	8.144267e05	2	20.040733	0.824028	0.0	0.0	3870.472999999999956	3894.765400000000227
PEPTIDE	3873.801300000000083	822.951904296875	0.0	0	QTFLQLLNTGVPEGK	2	R	S	q-value	MS-GF+_2026-09-01T17:45:52_7198454993515115019	YP_177855.1	113	127	-1
FEATURE	3138.336743124104487	756.389259284955301	8.141032e05	2	19.069931	0.786362	0.0	0.0	3122.427200000000084	3141.813099999999849
FEATURE	1653.694211880716239	554.293172650166071	8.136988e05	2	11.618232	0.846411	0.0	0.0	1650.654800000000023	1665.633299999999963
FEATURE	2914.635419043700949	495.276157002668413	8.133268e05	2	14.636664	0.841612	0.0	0.0	2907.27390000000014	2922.759700000000066
PEPTIDE	2913.170999999999822	495.277496337891023	6.1652281134402e-04	0	AMDLILTGR	2	K	T	q-value	MS-GF+_2026-09-01T17:45:52_7198454993515115019	NP_215586.1	154	162	-1
FEATURE	1505.567484939756014	816.908173965100446	8.126287e05	2	11.760931	0.855114	0.0	0.0	1499.727799999999888	1514.211499999999887
PEPTIDE	1505.553300000000036	816.90771484375	0.0	0	EVDVAPAASGAPHAAGGR	2	R	L	q-value	MS-GF+_2026-09-01T17:45:52_7198454993515115019	NP_218358.1	162	179	-1
FEATURE	3791.386917884322884	453.343868465078003	8.121552e05	2	14.079512	0.798849	0.0	0.0	3791.062800000000152	3804.611499999999978
FEATURE	2317.355105448923496	957.881740589448441	8.120002e05	2	13.704934	0.701491	0.0	0.0	2314.435699999999997	2329.145199999999932
FEATURE	2930.40043359219635	705.384412927533163	8.096643e05	2	10.715427	0.821363	0.0	0.0	2921.217999999999847	2938.134000000000015
FEATURE	3603.521844617351235	487.791338228572158	8.091751e05	2	16.972126	0.829114	0.0	0.0	3587.933700000000044	3618.795300000000225
FEATURE	3822.513853859268693	735.275782754765032	8.076199e05	1	19.637405	0.877211	0.0	0.0	3811.185500000000047	3835.846500000000106
FEATURE	3177.312776104251498	817.919290711506051	8.06063e05	2	13.436607	0.745606	0.0	0.0	3171.260099999999966	3183.744799999999941
PEPTIDE	3176.731200000000172	817.917785644531023	0.0	0	TIYDLEEEGVTPLR	2	R	A	q-value	MS-GF+_2026-09-01T17:45:52_7198454993515115019	NP_217227.1	13	26	-1
FEATURE	4660.53695854983016	806.490385457104026	8.05673e05	1	6.531564	0.82161	0.0	0.0	4656.563000000000102	4667.253300000000309
FEATURE	1851.508565146141109	742.358227353133088	8.040178e05	2	9.172228	0.784171	0.0	0.0	1849.288399999999911	1857.904800000000023
PEPTIDE	1857.567299999999932	742.359985351562045	0.0	0	EFHDETLPAEPAK	2	R	T	q-value	MS-GF+_2026-09-01T17:45:52_7198454993515115019	NP_214937.1	470	482	-1
FEATURE	2112.37845821985502	371.101054056365172	8.034278e05	1	8.525291	0.876839	0.0	0.0	2106.716499999999996	2116.139799999999923
FEATURE	4637.004173556851129	429.191699115581002	8.03163e05	1	6.162582	0.86928	0.0	0.0	4635.212900000000445	4642.342899999999645
FEATURE	1800.652531904542002	652.309966514574285	8.027835e05	2	11.979799	0.822338	0.0	0.0	1792.98479999999995	1805.810699999999997
FEATURE	3840.388474011822382	996.448244809068683	8.01976e05	1	10.547838	0.788405	0.0	0.0	3835.846500000000106	3851.120499999999993
FEATURE	3268.826251353088992	849.425914030443096	8.00027e05	2	14.387311	0.786673	0.0	0.0	3261.746399999999994	3279.313200000000052
FEATURE	3907.692256268283018	653.371133945555926	7.993608e05	1	21.242508	0.843956	0.0	0.0	3898.752800000000207	3922.023000000000138
FEATURE	2443.481081543718574	490.774681812811366	7.982321e05	2	8.33251	0.804084	0.0	0.0	2436.143399999999929	2445.557200000000194
FEATURE	3970.226762089313979	626.210360841519787	7.979099e05	1	23.904141	0.859289	0.0	0.0	3957.427900000000136	3982.112900000000081
FEATURE	3687.996108684459614	584.295014542491117	7.975225e05	1	16.864897	0.890262	0.0	0.0	3675.533800000000156	3700.022899999999936
FEATURE	3418.261910141143744	900.532106920076558	7.961701e05	1	12.719163	0.865942	0.0	0.0	3413.775399999999991	3430.29300000000012
FEATURE	3264.720173618147783	806.925459055525153	7.951818e05	2	16.997017	0.784045	0.0	0.0	3252.73259999999982	3273.465499999999793
PEPTIDE	3264.019999999999982	806.927307128906023	0.0	0	VPPGEALMTLEAQTR	2	R	G	q-value	MS-GF+_2026-09-01T17:45:52_7198454993515115019	NP_216112.1	83	97	-1
FEATURE	2388.856159351847964	738.889529168788045	7.950447e05	2	11.498252	0.798929	0.0	0.0	2383.194300000000112	2398.61239999999998
FEATURE	3566.254879960742528	681.321426098008601	7.940608e05	2	19.404316	0.827021	0.0	0.0	3555.899300000000039	3577.556099999999788
FEATURE	1719.892672344652056	546.267572823740693	7.912134e05	2	9.374372	0.810062	0.0	0.0	1714.633299999999963	1726.11220000000003
FEATURE	3900.061297405928599	673.345044718610097	7.896705e05	2	16.625057	0.873169	0.0	0.0	3888.919300000000021	3915.415199999999913
FEATURE	2424.671780900969679	493.287307201033684	7.875806e05	2	12.680685	0.788111	0.0	0.0	2415.883899999999812	2431.603000000000066
FEATURE	3087.589232205457392	761.394918424344269	7.870573e05	1	14.046175	0.858735	0.0	0.0	3086.04320000000007	3101.26339999999982
FEATURE	4263.331373575326325	705.932733093542197	7.85726e05	2	15.51076	0.858068	0.0	0.0	4255.222899999999754	4276.104699999999866
PEPTIDE	4256.707500000000437	705.931701660156023	6.1652281134402e-04	0	ATIEQLLTIPLAK	2	R	E	q-value	MS-GF+_2026-09-01T17:45:52_7198454993515115019	NP_216353.1	572	584	-1
FEATURE	3990.628616884299845	674.352612622317793	7.856887e05	1	15.748096	0.877821	0.0	0.0	3976.264999999999873	3993.384700000000066
FEATURE	4012.579988191630037	371.101467241739726	7.855095e05	1	19.513592	0.810486	0.0	0.0	4001.794400000000223	4023.833099999999831
FEATURE	4220.968955470205401	371.101238670288922	7.854564e05	1	14.10077	0.859756	0.0	0.0	4213.002800000000207	4226.154700000000048
FEATURE	3325.539516684281807	821.442568502277595	7.852469e05	1	20.377756	0.872557	0.0	0.0	3313.99389999999994	3346.058799999999792
FEATURE	1233.322687764604325	751.429442152113325	7.842321e05	2	14.511159	0.804319	0.0	0.0	1221.985799999999927	1248.01909999999998
PEPTIDE	1225.182700000000068	751.431213378906023	0.0	0	AKAPAPAAQAAAAPAPK	2	R	A	q-value	MS-GF+_2026-09-01T17:45:52_7198454993515115019	NP_216731.1	285	301	-1
FEATURE	3173.07489934014211	471.788731131317093	7.83396e05	2	16.505154	0.855547	0.0	0.0	3163.272300000000087	3187.732100000000173
PEPTIDE	3167.35550000000012	471.788787841796989	0.0	0	MPLVEIIK	2	K	G	q-value	MS-GF+_2026-09-01T17:45:52_7198454993515115019	NP_215375.1	469	476	-1
FEATURE	3670.280925568321891	371.101375727329639	7.814904e05	1	8.870474	0.794066	0.0	0.0	3666.802999999999884	3678.083999999999833
FEATURE	3901.994400944016888	656.315279200026112	7.807012e05	2	14.141056	0.875853	0.0	0.0	3892.902900000000045	3914.462899999999991
PEPTIDE	3891.621999999999844	656.3115234375	0.0	0	ALADFLFDDER	2	K	A	q-value	MS-GF+_2026-09-01T17:45:52_7198454993515115019	NP_214898.1	618	628	-1
FEATURE	4326.9456662164921	599.354501416403537	7.803038e05	1	27.217793	0.88599	0.0	0.0	4310.135100000000421	4348.632899999999609
FEATURE	1346.625972319798621	391.28469621955486	7.799315e05	1	8.70147	0.809366	0.0	0.0	1342.605999999999995	1352.372100000000046
FEATURE	1287.616438267888043	429.090222598306241	7.778702e05	1	23.706245	0.852157	0.0	0.0	1275.303000000000111	1295.694700000000012
FEATURE	4182.210449826216063	426.269920428873718	7.778229e05	1	17.583914	0.865883	0.0	0.0	4176.072799999999916	4193.042900000000373
FEATURE	2615.78632147142298	936.967972543645487	7.772408e05	2	10.513289	0.81701	0.0	0.0	2610.677200000000084	2624.966600000000199
FEATURE	2413.474803048080048	688.857804434457762	7.743548e05	1	9.414825	0.917262	0.0	0.0	2412.648799999999937	2421.639700000000175
FEATURE	4185.308578056548868	514.349168834518537	7.739878e05	1	29.785194	0.841772	0.0	0.0	4175.134799999999814	4207.333200000000034
FEATURE	4577.606067340625486	487.266163828209983	7.726096e05	1	4.731002	0.849231	0.0	0.0	4574.083700000000135	4582.193100000000413
FEATURE	1309.030581370044047	643.80691816180763	7.704974e05	2	18.417526	0.852167	0.0	0.0	1294.682800000000043	1326.106700000000046
PEPTIDE	1299.27579999999989	643.807312011718977	0.0	0	TEADNIDPQQR	2	K	M	q-value	MS-GF+_2026-09-01T17:45:52_7198454993515115019	NP_218317.1	195	205	-1
FEATURE	3837.085591397857115	747.286156168018124	7.69339e05	1	18.05595	0.853397	0.0	0.0	3826.313299999999799	3848.084699999999884
FEATURE	3685.102336212385126	668.44672120126927	7.692977e05	1	13.190139	0.83321	0.0	0.0	3677.230199999999968	3696.353799999999865
FEATURE	3016.84735140380144	782.440408594708401	7.681608e05	2	10.370063	0.84248	0.0	0.0	3015.722600000000057	3026.235799999999927
FEATURE	3813.041844243536161	851.355265978818011	7.675463e05	1	15.141252	0.876232	0.0	0.0	3802.804799999999887	3826.313299999999799
FEATURE	4568.621525592420767	924.588729305325728	7.647579e05	1	5.107496	0.881872	0.0	0.0	4566.182999999999993	4573.205299999999625
FEATURE	4004.647890474049746	665.420875660855131	7.640414e05	2	11.677694	0.860162	0.0	0.0	3999.064699999999903	4011.534799999999905
FEATURE	3223.825535903255059	660.338680807473679	7.636663e05	2	13.61585	0.804913	0.0	0.0	3217.992999999999938	3232.618599999999788
PEPTIDE	3215.838000000000193	660.336669921875	6.1652281134402e-04	0	AAMTQWLIEEK	2	R	G	q-value	MS-GF+_2026-09-01T17:45:52_7198454993515115019	NP_216546.1	286	296	-1
FEATURE	3363.078055781965759	785.489489580167628	7.632795e05	1	15.73601	0.837124	0.0	0.0	3353.063500000000204	3375.734100000000126
FEATURE	1566.90945807048297	1022.505378426347988	7.632769e05	1	6.32513	0.757662	0.0	0.0	1560.269399999999905	1570.367199999999912
FEATURE	3813.495536000614266	867.328211090125137	7.625573e05	1	15.326954	0.854639	0.0	0.0	3803.752899999999954	3827.255099999999857
FEATURE	1524.886095211008069	753.365108080702839	7.609696e05	2	13.610079	0.815851	0.0	0.0	1523.492500000000064	1536.363700000000108
FEATURE	2281.730508903821374	586.307900429273673	7.605911e05	2	8.726522	0.705992	0.0	0.0	2278.321800000000167	2287.331499999999778
FEATURE	3651.13962917824847	726.883899461393071	7.604085e05	2	12.03639	0.764213	0.0	0.0	3642.268000000000029	3659.213000000000193
FEATURE	1393.31588521341655	601.841842392335025	7.599662e05	2	12.728134	0.850031	0.0	0.0	1383.208599999999933	1400.752999999999929
PEPTIDE	1388.466300000000047	601.841979980468977	0.0	0	REQPLPHGLR	2	R	A	q-value	MS-GF+_2026-09-01T17:45:52_7198454993515115019	NP_216043.1;NP_217456.1	840;829	849;838	-1
FEATURE	3085.954480628510737	598.375253791341606	7.596621e05	2	13.045748	0.910206	0.0	0.0	3078.741599999999835	3093.48660000000018
FEATURE	1381.829306751297963	764.850053771214903	7.587356e05	2	14.374459	0.875714	0.0	0.0	1369.597999999999956	1390.544200000000046
FEATURE	1681.672004438120212	501.735626819121137	7.545352e05	2	9.386244	0.790772	0.0	0.0	1672.756599999999935	1685.463199999999915
PEPTIDE	1673.661000000000058	501.733703613281023	0.0	0	ATQEDPWR	2	K	H	q-value	MS-GF+_2026-09-01T17:45:52_7198454993515115019	NP_216146.1	277	284	-1
FEATURE	1801.470447402861737	468.210778500727372	7.537531e05	2	10.305537	0.853361	0.0	0.0	1794.755499999999984	1807.361300000000028
FEATURE	3961.957205560539478	442.244164346990146	7.537194e05	1	28.94043	0.88558	0.0	0.0	3946.872699999999895	3971.602800000000116
FEATURE	1538.467417885910209	945.404647213849444	7.534146e05	1	16.396385	0.766875	0.0	0.0	1528.955099999999902	1547.53430000000003
FEATURE	3090.288768392452312	371.101343035616878	7.517902e05	1	10.896223	0.869295	0.0	0.0	3086.04320000000007	3095.667199999999866
FEATURE	1673.117262650494467	512.288230678837749	7.509386e05	2	12.271587	0.807404	0.0	0.0	1663.923600000000079	1682.226400000000012
FEATURE	3622.7765350298464	685.907434318422247	7.509056e05	2	19.323372	0.821697	0.0	0.0	3617.944899999999961	3635.132999999999811
PEPTIDE	3615.70679999999993	685.9072265625	0.0	0	GPVPAVSTLVVFGK	2	R	T	q-value	MS-GF+_2026-09-01T17:45:52_7198454993515115019	NP_217449.1	476	489	-1
FEATURE	2732.668887487526263	649.379596700537036	7.490032e05	2	10.841368	0.787025	0.0	0.0	2731.334100000000035	2743.369099999999889
FEATURE	4617.190265376993921	739.274849856591345	7.48591e05	1	3.856394	0.845739	0.0	0.0	4613.135000000000218	4621.203000000000429
FEATURE	1311.243662910665535	727.858374655009129	7.483558e05	2	11.558151	0.847979	0.0	0.0	1300.346900000000005	1322.89689999999996
FEATURE	1266.543802679262626	490.909567235161319	7.471293e05	3	10.91448	0.842738	0.0	0.0	1256.711499999999887	1274.345199999999977
FEATURE	2208.686733884610021	731.405349200004594	7.466543e05	1	11.514443	0.873862	0.0	0.0	2201.454299999999876	2214.918799999999919
FEATURE	4644.960542408533001	448.197546252680922	7.432596e05	1	6.415185	0.805527	0.0	0.0	4638.774699999999939	4651.242900000000191
FEATURE	2354.211494592184408	801.902532338579704	7.429991e05	2	12.066168	0.773502	0.0	0.0	2351.483299999999872	2364.574999999999818
FEATURE	4509.638883341134715	388.208103481188971	7.421376e05	1	9.807034	0.84448	0.0	0.0	4500.642899999999827	4518.743099999999686
FEATURE	3084.28771569887158	988.454709206266102	7.378497e05	2	15.95669	0.827874	0.0	0.0	3078.741599999999835	3095.667199999999866
PEPTIDE	3082.617999999999938	988.450317382812045	0.0	0	SDPTDEQC(Carbamidomethyl)NVLAELQTR	2	R	A	q-value	MS-GF+_2026-09-01T17:45:52_7198454993515115019	NP_217450.1	1471	1487	-1
FEATURE	3728.653164264453608	769.417299600635261	7.371704e05	2	15.315679	0.844008	0.0	0.0	3725.104899999999816	3738.9371000000001
PEPTIDE	3721.151400000000194	769.415893554687955	0.0	0	SQPALFTVEYALAK	2	R	L	q-value	MS-GF+_2026-09-01T17:45:52_7198454993515115019	NP_217451.1	611	624	-1
FEATURE	1415.961525427743027	758.361265951002224	7.340765e05	2	8.713827	0.785293	0.0	0.0	1407.479199999999992	1421.29729999999995
FEATURE	1369.635362859524321	765.834895858385266	7.305901e05	2	21.819847	0.848286	0.0	0.0	1356.818400000000111	1389.073599999999942
FEATURE	3167.305621260183216	587.341230563031786	7.292838e05	2	16.738731	0.84818	0.0	0.0	3160.054099999999835	3180.514500000000226
FEATURE	4235.946115868499874	371.101321565148453	7.26475e05	1	9.834261	0.812394	0.0	0.0	4229.923600000000079	4243.962999999999738
FEATURE	3532.057935326158258	477.176332800504781	7.257349e05	1	25.63471	0.850128	0.0	0.0	3506.764700000000175	3543.628099999999904
FEATURE	3904.34516222250295	475.160423584315652	7.255904e05	1	25.975607	0.889281	0.0	0.0	3893.82340000000022	3918.244799999999941
FEATURE	1320.400962411564024	533.936720644482762	7.242276e05	3	16.030565	0.722085	0.0	0.0	1307.750700000000052	1328.919699999999921
FEATURE	4636.787761713305372	600.469612754488026	7.238239e05	1	6.740471	0.886204	0.0	0.0	4633.434799999999996	4640.542999999999665
FEATURE	4567.710791372221138	731.404770564107366	7.217402e05	1	12.521337	0.77866	0.0	0.0	4561.783900000000358	4574.083700000000135
FEATURE	3977.642186551108807	737.236100741465975	7.215136e05	1	26.422785	0.8578	0.0	0.0	3966.913000000000011	3989.663700000000063
FEATURE	1294.548682145245493	762.359505695749022	7.213871e05	2	13.822937	0.884814	0.0	0.0	1283.295499999999947	1307.750700000000052
PEPTIDE	1287.289199999999937	762.36181640625	0.0	0	VGVVDC(Carbamidomethyl)DQHAGGPGR	2	R	V	q-value	MS-GF+_2026-09-01T17:45:52_7198454993515115019	NP_217450.1	550	564	-1
FEATURE	3483.429146354048498	775.484379454947998	7.203654e05	1	15.632788	0.895657	0.0	0.0	3478.004899999999907	3494.927000000000135
FEATURE	3595.481464930468064	706.376617179051209	7.203652e05	2	15.59035	0.860705	0.0	0.0	3586.092999999999847	3604.565900000000056
FEATURE	3650.976326214729397	718.898823283775641	7.171562e05	2	10.951553	0.860479	0.0	0.0	3646.63169999999991	3659.960000000000036
FEATURE	3349.693551315006971	886.438809893614348	7.163828e05	2	14.07962	0.847227	0.0	0.0	3341.714699999999994	3360.652799999999843
PEPTIDE	3353.625	886.439270019531023	0.0	0	EIWSYGSGYGGNALLGK	2	R	K	q-value	MS-GF+_2026-09-01T17:45:52_7198454993515115019	NP_214725.1	211	227	-1
FEATURE	3306.620293589624907	720.358559870247063	7.147498e05	2	18.225433	0.715393	0.0	0.0	3295.461800000000039	3315.739799999999832
PEPTIDE	3306.149199999999837	720.358581542968977	0.0	0	ATTFFDDPDVLAK	2	K	V	q-value	MS-GF+_2026-09-01T17:45:52_7198454993515115019	NP_217122.1	258	270	-1
FEATURE	2931.421393368484132	918.506125689527607	7.127961e05	2	12.466813	0.773692	0.0	0.0	2921.217999999999847	2941.444300000000112
PEPTIDE	2935.985000000000127	918.502624511718977	0.0	0	LTAYVAGGPQPPPVAELR	2	R	A	q-value	MS-GF+_2026-09-01T17:45:52_7198454993515115019	NP_216895.1	896	913	-1
FEATURE	3233.863915504532088	970.971000809987345	7.119014e05	2	13.040402	0.83939	0.0	0.0	3223.946800000000167	3240.473399999999856
FEATURE	2760.05045488895621	846.909714301604254	7.111036e05	1	11.02364	0.83773	0.0	0.0	2755.079499999999825	2764.773400000000038
FEATURE	1488.863836016380674	576.288116828177294	7.106078e05	2	14.365959	0.785249	0.0	0.0	1482.632100000000037	1497.353399999999965
PEPTIDE	1502.279500000000098	576.287719726562045	0.0	0	YPDATTGTAVR	2	K	A	q-value	MS-GF+_2026-09-01T17:45:52_7198454993515115019	YP_177769.1	321	331	-1
FEATURE	1501.427123448604334	775.389347137427421	7.094012e05	2	11.600783	0.8234	0.0	0.0	1494.553100000000086	1511.578400000000102
PEPTIDE	1503.164999999999964	775.390075683593977	0.0	0	HVVAQANSPIDADGR	2	R	F	q-value	MS-GF+_2026-09-01T17:45:52_7198454993515115019	NP_215181.1	532	546	-1
FEATURE	3337.088859311060332	664.389300772258252	7.05593e05	2	14.761159	0.84795	0.0	0.0	3324.682999999999993	3352.334699999999884
PEPTIDE	3333.317399999999907	664.389892578125	0.0	0	VIGLSSIAGIAGNR	2	R	G	q-value	MS-GF+_2026-09-01T17:45:52_7198454993515115019	NP_214756.1	341	354	-1
FEATURE	1541.472247868292698	479.769318874298278	7.037433e05	2	8.82499	0.770637	0.0	0.0	1538.927899999999909	1547.53430000000003
FEATURE	3651.266470920931624	849.499356126574298	7.026525e05	2	11.946453	0.813938	0.0	0.0	3644.95490000000018	3663.167199999999866
FEATURE	2635.455641687345178	690.325237790401616	7.01211e05	3	10.498308	0.807547	0.0	0.0	2630.432499999999891	2641.383100000000013
FEATURE	1855.260102169873107	773.86180690667311	6.986208e05	2	9.831471	0.803115	0.0	0.0	1850.063300000000027	1860.665500000000066
PEPTIDE	1854.671900000000051	773.864196777343977	0.0	0	SGSSQPPLQDM(Oxidation)IDR	2	K	M	q-value	MS-GF+_2026-09-01T17:45:52_7198454993515115019	NP_215375.1	624	637	-1
FEATURE	3822.401820210885944	823.291848138579098	6.978512e05	1	17.238144	0.868118	0.0	0.0	3811.185500000000047	3832.772599999999784
FEATURE	3009.087548863925349	774.884544287059043	6.954903e05	2	10.72986	0.83739	0.0	0.0	3003.39489999999978	3013.808399999999892
FEATURE	2985.046594304646078	901.479680767681998	6.918077e05	2	13.137175	0.786615	0.0	0.0	2984.322099999999864	2994.585900000000038
PEPTIDE	2979.870800000000145	901.472717285156023	0.0	0	VVFLFPGQGAQHVGM(Oxidation)AK	2	R	G	q-value	MS-GF+_2026-09-01T17:45:52_7198454993515115019	NP_217451.1	549	565	-1
FEATURE	3527.615182947716221	740.869862473473177	6.897724e05	2	14.47972	0.873495	0.0	0.0	3517.625599999999849	3539.50649999999996
FEATURE	4051.924927907193251	399.235507386891129	6.867125e05	1	26.485712	0.876238	0.0	0.0	4037.014799999999923	4066.813000000000102
FEATURE	2796.96595350880807	506.249071071783078	6.864384e05	2	11.214239	0.805899	0.0	0.0	2790.280799999999999	2804.949500000000171
FEATURE	3242.145008865908949	606.370309203300053	6.861881e05	1	13.484698	0.834692	0.0	0.0	3239.317399999999907	3251.214199999999892
FEATURE	2993.994139249808541	711.393432949180237	6.850429e05	2	12.788468	0.766852	0.0	0.0	2991.182200000000194	3006.004699999999957
FEATURE	1730.436589720723532	639.777208274933628	6.824983e05	2	12.3858	0.773086	0.0	0.0	1721.854100000000017	1740.171700000000101
FEATURE	3639.462963684810347	725.936266067695897	6.821594e05	2	16.640169	0.80447	0.0	0.0	3630.193099999999959	3648.376400000000103
PEPTIDE	3635.648999999999887	725.934814453125	6.1652281134402e-04	0	LLAAVPEADALLVR	2	K	S	q-value	MS-GF+_2026-09-01T17:45:52_7198454993515115019	YP_177916.1	36	49	-1
FEATURE	3421.208316442264277	802.812619016021927	6.817217e05	2	11.644525	0.778796	0.0	0.0	3416.495300000000043	3430.29300000000012
FEATURE	1471.169527305279416	587.52945407059326	6.801138e05	4	10.928286	0.754308	0.0	0.0	1466.113800000000083	1474.383599999999888
PEPTIDE	1467.626299999999901	587.530883789062045	0.0	0	HVTAQLSSSPSDSASSLNEHHR	4	R	A	q-value	MS-GF+_2026-09-01T17:45:52_7198454993515115019	NP_217447.1	1099	1120	-1
FEATURE	3088.098041819611353	709.009719054767061	6.79487e05	3	10.741335	0.751062	0.0	0.0	3084.1878999999999	3094.444899999999961
PEPTIDE	3091.552000000000135	709.010681152343977	0.0	0	ATFC(Carbamidomethyl)QPNVASFGLTEQQAR	3	R	N	q-value	MS-GF+_2026-09-01T17:45:52_7198454993515115019	NP_214976.1	347	365	-1
FEATURE	3756.603120462375046	615.385627907746084	6.785045e05	1	19.733646	0.830816	0.0	0.0	3745.977400000000216	3771.538399999999911
FEATURE	1478.394225291832527	798.410045702539946	6.781791e05	2	13.263051	0.77147	0.0	0.0	1472.577299999999923	1484.659000000000106
PEPTIDE	1475.237699999999904	798.410705566406023	0.0	0	GPDQQKPAGVLSGGER	2	K	N	q-value	MS-GF+_2026-09-01T17:45:52_7198454993515115019	NP_216993.1	432	447	-1
FEATURE	3826.719643785575954	355.070243438842681	6.781278e05	1	12.473061	0.793401	0.0	0.0	3815.852899999999863	3832.772599999999784
FEATURE	3499.256583130546915	707.907231633585525	6.77656e05	2	14.780314	0.861313	0.0	0.0	3488.97380000000021	3511.689400000000205
PEPTIDE	3494.583700000000135	707.906982421875	0.0	0	ILLLDGLPNYQR	2	R	I	q-value	MS-GF+_2026-09-01T17:45:52_7198454993515115019	NP_216392.1	61	72	-1
FEATURE	2540.534484877515752	904.361585392165807	6.748946e05	2	14.893488	0.746086	0.0	0.0	2531.779700000000048	2548.007599999999911
FEATURE	4618.187700470324671	766.455012339669452	6.73706e05	1	5.98177	0.792458	0.0	0.0	4615.953700000000026	4622.954800000000432
FEATURE	1393.403372728710338	592.739246252393741	6.728011e05	2	13.374764	0.845264	0.0	0.0	1381.26260000000002	1401.617199999999912
FEATURE	1774.098702529472803	365.228863439591066	6.727156e05	2	11.006488	0.838315	0.0	0.0	1770.365399999999909	1781.925899999999956
FEATURE	3308.55373724429046	853.925596633760733	6.694637e05	2	12.956506	0.812341	0.0	0.0	3302.784000000000106	3320.056999999999789
FEATURE	2386.362924316934823	607.274189543240936	6.689123e05	2	10.578914	0.815926	0.0	0.0	2381.833299999999781	2395.943499999999858
FEATURE	4660.447004184635262	789.462395332558685	6.675149e05	1	7.789313	0.836663	0.0	0.0	4655.682899999999791	4666.372999999999593
FEATURE	3159.03288211380368	775.397545269168859	6.671754e05	2	14.746558	0.764682	0.0	0.0	3148.63760000000002	3166.513699999999972
PEPTIDE	3153.131600000000162	775.397705078125	0.0	0	IDTLVDNLQEAYR	2	R	I	q-value	MS-GF+_2026-09-01T17:45:52_7198454993515115019	NP_214712.1	356	368	-1
FEATURE	3514.516442102024485	724.366002163182543	6.669588e05	2	14.320375	0.870339	0.0	0.0	3506.764700000000175	3523.779599999999846
PEPTIDE	3511.014000000000124	724.3671875	0.0	0	VFFTDLTQAYSR	2	R	A	q-value	MS-GF+_2026-09-01T17:45:52_7198454993515115019	NP_216896.3	135	146	-1
FEATURE	4596.722161617021811	456.333190425002613	6.664618e05	1	6.464255	0.818469	0.0	0.0	4593.613699999999881	4602.525099999999839
FEATURE	1285.79308787424884	681.326286408130159	6.655462e05	2	12.586538	0.846193	0.0	0.0	1276.253300000000081	1298.479599999999891
FEATURE	4540.779402847580059	734.455183219827973	6.644832e05	1	3.405511	0.859746	0.0	0.0	4538.242900000000191	4544.335100000000239
FEATURE	2181.471447704986531	626.78770017252657	6.620935e05	2	9.895785	0.806325	0.0	0.0	2173.423899999999776	2189.251299999999901
FEATURE	2765.993885510449673	394.245091420873678	6.583012e05	2	9.355734	0.804539	0.0	0.0	2762.594500000000153	2771.278299999999945
FEATURE	2479.92489823077085	813.876264157821311	6.58234e05	2	12.42433	0.744712	0.0	0.0	2474.881800000000112	2491.037299999999959
PEPTIDE	2479.92430000000013	813.875671386718977	0.0	0	SAFSMTEPAVASSDAR	2	R	N	q-value	MS-GF+_2026-09-01T17:45:52_7198454993515115019	NP_214668.1	126	141	-1
FEATURE	2473.891917424301482	495.800759251440638	6.572939e05	2	9.868212	0.784526	0.0	0.0	2468.46770000000015	2480.274899999999889
FEATURE	3266.274685608403615	721.341131230334554	6.539284e05	2	13.504348	0.829787	0.0	0.0	3258.485999999999876	3277.43060000000014
FEATURE	2815.494530743173527	480.252150160427959	6.528196e05	2	5.277125	0.82533	0.0	0.0	2814.724900000000162	2821.022599999999784
FEATURE	1401.76654755278787	885.442990530861493	6.491372e05	1	14.410192	0.870836	0.0	0.0	1391.873100000000022	1412.427400000000034
FEATURE	1646.380368111965936	997.529701765214327	6.489398e05	1	6.458548	0.712486	0.0	0.0	1641.511600000000044	1652.300099999999929
FEATURE	3153.636464946700926	552.326971120881353	6.474856e05	2	13.678131	0.865263	0.0	0.0	3150.79300000000012	3163.272300000000087
FEATURE	4053.444119973627039	371.101387559074908	6.460336e05	1	8.29759	0.80794	0.0	0.0	4045.882999999999811	4059.273000000000138
FEATURE	3650.27115389302071	672.410018910348526	6.439181e05	2	13.139606	0.835852	0.0	0.0	3645.853099999999813	3657.403299999999945
FEATURE	2735.467560808444887	568.837886765574353	6.424338e05	2	10.711988	0.849107	0.0	0.0	2728.823100000000068	2740.048699999999826
FEATURE	2801.059513771115689	846.397287163616397	6.421635e05	2	13.073178	0.713747	0.0	0.0	2792.075800000000072	2806.814100000000053
FEATURE	3528.167502666521159	587.820365436686871	6.4203e05	2	13.614674	0.791433	0.0	0.0	3523.779599999999846	3535.1878999999999
FEATURE	3003.288044137813813	881.421535305846874	6.413968e05	1	10.852608	0.813275	0.0	0.0	2998.133499999999913	3010.191200000000208
FEATURE	3246.940871563675501	611.185795800467531	6.395458e05	1	21.903931	0.838107	0.0	0.0	3236.544699999999921	3257.346199999999953
FEATURE	4007.937307736434377	575.226362643371544	6.387965e05	1	18.447191	0.869984	0.0	0.0	4000.902900000000045	4017.224700000000212
FEATURE	3261.545917231354451	858.467676716872234	6.373109e05	2	12.479819	0.822488	0.0	0.0	3251.214199999999892	3271.112999999999829
FEATURE	2600.796609259922207	564.402097440483203	6.356554e05	1	14.943104	0.904982	0.0	0.0	2592.331299999999828	2616.013600000000224
FEATURE	1351.17865223956187	743.345507431092869	6.354503e05	2	14.140566	0.800061	0.0	0.0	1338.131800000000112	1365.680699999999888
FEATURE	4007.427370958705524	621.300547318830809	6.344129e05	1	23.157894	0.862049	0.0	0.0	3998.112900000000081	4018.173099999999977
FEATURE	1382.991338127942299	543.275219953651686	6.321868e05	2	15.492442	0.833849	0.0	0.0	1372.69399999999996	1397.933299999999917
FEATURE	3869.682721765476799	851.307924329999196	6.302668e05	1	23.331944	0.827231	0.0	0.0	3855.854800000000068	3881.615200000000186
FEATURE	3394.289598775679679	678.867886749915556	6.278072e05	2	12.951518	0.838829	0.0	0.0	3384.233099999999922	3404.095200000000204
FEATURE	4009.305372603800151	391.284637487444456	6.275871e05	1	10.161955	0.880553	0.0	0.0	4002.698499999999967	4014.34479999999985
FEATURE	3090.245742095505193	831.426669266550562	6.269261e05	2	17.579355	0.774778	0.0	0.0	3086.04320000000007	3103.092000000000098
FEATURE	2924.131130276449312	593.158614559934904	6.250754e05	1	19.804962	0.825865	0.0	0.0	2915.883600000000115	2933.163000000000011
FEATURE	3450.807220384447646	874.99531818340563	6.225106e05	2	12.895533	0.849733	0.0	0.0	3440.990099999999984	3464.284999999999855
FEATURE	4504.922591966313121	501.245024382389261	6.195594e05	1	12.009314	0.830611	0.0	0.0	4497.002900000000409	4516.042999999999665
FEATURE	3076.128430509433656	806.946282386519442	6.191098e05	1	11.128532	0.768008	0.0	0.0	3067.793900000000122	3082.044800000000123
FEATURE	1441.832763364467155	881.889896579707056	6.16926e05	2	15.366408	0.808591	0.0	0.0	1440.635800000000018	1453.880499999999984
PEPTIDE	1442.674800000000005	881.890014648437955	0.0	0	TGDEIHTSM(Oxidation)EAGPM(Oxidation)VR	2	R	K	q-value	MS-GF+_2026-09-01T17:45:52_7198454993515115019	NP_216353.1	463	478	-1
FEATURE	2603.463723816255424	828.422833393675887	6.153019e05	2	9.338909	0.742602	0.0	0.0	2601.304900000000089	2603.192799999999806
FEATURE	1287.357329091179736	554.930043903552019	6.15169e05	3	10.262981	0.902901	0.0	0.0	1277.215400000000045	1292.40079999999989
FEATURE	2374.138070425460683	922.48954511113061	6.144818e05	2	10.817522	0.799863	0.0	0.0	2370.427599999999984	2382.513100000000122
FEATURE	1409.359866394468099	510.740442545693327	6.142893e05	2	13.18641	0.831023	0.0	0.0	1400.752999999999929	1419.807399999999916
PEPTIDE	1408.048700000000053	510.740295410156023	6.1652281134402e-04	0	FGAADAPDTR	2	R	R	q-value	MS-GF+_2026-09-01T17:45:52_7198454993515115019	NP_215318.1	143	152	-1
FEATURE	1386.185651714404003	487.483993481005541	6.13904e05	4	23.212227	0.789953	0.0	0.0	1372.69399999999996	1398.835900000000038
FEATURE	1390.427377110502903	498.919987143426795	6.130768e05	3	11.908326	0.788749	0.0	0.0	1381.26260000000002	1397.933299999999917
PEPTIDE	1385.820400000000063	498.920288085938012	6.1652281134402e-04	0	EFAGLNQHAHAATK	3	R	L	q-value	MS-GF+_2026-09-01T17:45:52_7198454993515115019	NP_215146.1	193	206	-1
FEATURE	3851.076369580280698	355.070362434920696	6.129045e05	1	12.612497	0.852743	0.0	0.0	3845.254800000000159	3860.804700000000139
FEATURE	2810.571711540140768	791.411156121026124	6.12026e05	1	15.101415	0.866374	0.0	0.0	2803.005599999999959	2815.94380000000001
FEATURE	1558.950516692232441	485.277086663269756	6.100002e05	2	7.110024	0.826548	0.0	0.0	1552.947899999999891	1563.569099999999935
PEPTIDE	1560.809799999999996	485.277008056641023	6.1652281134402e-04	0	LQVQAPSAR	2	R	F	q-value	MS-GF+_2026-09-01T17:45:52_7198454993515115019	NP_216899.1	823	831	-1
FEATURE	2494.131247057553537	654.873610294545415	6.095977e05	2	10.637618	0.830461	0.0	0.0	2487.145100000000184	2498.168599999999969
PEPTIDE	2490.422399999999925	654.872192382812045	0.0	0	NGLNAVGVAPIAGR	2	K	V	q-value	MS-GF+_2026-09-01T17:45:52_7198454993515115019	NP_216907.1	346	359	-1
FEATURE	2945.270332442242761	748.328177562754604	6.095273e05	2	15.50559	0.765266	0.0	0.0	2937.264099999999871	2954.557800000000043
FEATURE	1413.118034463893082	713.408186818804097	6.090489e05	2	10.385714	0.789618	0.0	0.0	1405.964799999999968	1422.74389999999994
PEPTIDE	1412.088700000000017	713.409912109375	0.0	0	PAPKPVPEPAPTPK	2	K	A	q-value	MS-GF+_2026-09-01T17:45:52_7198454993515115019	NP_216731.1	208	221	-1
FEATURE	3632.935565113653865	569.343778101198268	6.067703e05	1	15.432266	0.867184	0.0	0.0	3621.623199999999997	3644.95490000000018
FEATURE	4148.616079009453642	888.302859383896589	6.06458e05	1	20.663101	0.838927	0.0	0.0	4147.662999999999556	4167.675599999999577
FEATURE	3450.317273932410444	452.278248906657211	6.062429e05	2	13.9191	0.849945	0.0	0.0	3441.5300000000002	3463.323100000000068
FEATURE	1883.218914513272466	594.298903643190897	6.0541e05	3	9.727077	0.715233	0.0	0.0	1877.848799999999983	1890.242400000000089
FEATURE	1459.707964308144483	766.894671780818271	6.053022e05	2	12.076732	0.808075	0.0	0.0	1455.0	1468.65560000000005
FEATURE	3062.612258871507038	809.391693445203828	6.033202e05	2	12.160314	0.76746	0.0	0.0	3057.295000000000073	3072.334199999999782
FEATURE	1574.705624262260926	523.159457413293922	6.014627e05	4	10.856578	0.726621	0.0	0.0	1572.049400000000105	1582.914800000000014
FEATURE	3450.90514742387586	443.764946452554739	6.004389e05	2	17.102272	0.814	0.0	0.0	3437.16190000000006	3464.284999999999855
FEATURE	3094.373744326426277	660.844285077496693	5.992268e05	2	16.692081	0.821095	0.0	0.0	3092.565300000000207	3107.402700000000095
FEATURE	2256.81002439998656	777.831509898159879	5.937494e05	2	10.007831	0.704466	0.0	0.0	2249.979400000000169	2261.255700000000161
FEATURE	3012.324628279212902	931.471275477346921	5.932663e05	2	9.9448	0.811801	0.0	0.0	3012.202999999999975	3020.930100000000039
FEATURE	1482.66464127104905	483.237613856647499	5.930919e05	1	8.16991	0.79235	0.0	0.0	1474.383599999999888	1485.401900000000069
FEATURE	3524.767971103327454	946.002170966370386	5.925359e05	2	13.755741	0.853411	0.0	0.0	3518.872100000000046	3536.155099999999948
PEPTIDE	3524.356699999999819	946.00439453125	0.0	0	VLQAIGFAPNVEGYGLDK	2	K	A	q-value	MS-GF+_2026-09-01T17:45:52_7198454993515115019	NP_214976.1	262	279	-1
FEATURE	1391.535248477020559	747.876784930587405	5.885508e05	2	11.313514	0.837425	0.0	0.0	1383.208599999999933	1397.933299999999917
PEPTIDE	1386.510099999999966	747.877014160156023	0.0	0	EFAGLNQHAHAATK	2	R	L	q-value	MS-GF+_2026-09-01T17:45:52_7198454993515115019	NP_215146.1	193	206	-1
FEATURE	2980.727674044481319	681.244926829408541	5.885176e05	1	13.857878	0.830936	0.0	0.0	2971.02370000000019	2985.202699999999822
FEATURE	1383.916829545193878	572.980722146515632	5.879213e05	3	13.636943	0.82011	0.0	0.0	1372.69399999999996	1397.193500000000086
PEPTIDE	1379.23700000000008	572.980224609375	0.0	0	RVPVVAHGVAGGAGEGQR	3	K	V	q-value	MS-GF+_2026-09-01T17:45:52_7198454993515115019	NP_217071.1	485	502	-1
FEATURE	4396.214830550571605	629.340479733271081	5.87148e05	1	20.015568	0.867202	0.0	0.0	4381.942900000000009	4412.425500000000284
FEATURE	4642.419915893014149	893.54765087465853	5.862847e05	1	7.660288	0.873317	0.0	0.0	4639.653000000000247	4648.582900000000336
FEATURE	3178.163876170909134	703.380452184332285	5.862704e05	2	12.13812	0.772885	0.0	0.0	3172.789000000000215	3189.593699999999899
FEATURE	1393.536119898383959	800.398142751874616	5.854857e05	2	10.347022	0.852681	0.0	0.0	1385.225599999999986	1402.851100000000088
FEATURE	1620.779114832360165	409.723907495500157	5.811698e05	2	10.576081	0.853679	0.0	0.0	1619.0150000000001	1629.642700000000104
FEATURE	4285.125031824098187	371.101305046341508	5.805836e05	1	14.46126	0.810257	0.0	0.0	4277.052899999999681	4289.393299999999726
FEATURE	3318.50161770275372	697.347823434024349	5.792133e05	2	14.518622	0.810091	0.0	0.0	3310.654899999999998	3328.742799999999988
PEPTIDE	3315.395799999999781	697.346130371093977	0.0	0	YSGWQGLLDAQR	2	R	A	q-value	MS-GF+_2026-09-01T17:45:52_7198454993515115019	NP_217918.1	290	301	-1
FEATURE	1686.603640070866277	616.366911471085132	5.791495e05	1	7.084832	0.758686	0.0	0.0	1683.901900000000069	1692.804900000000089
FEATURE	3967.083311601208607	837.271255531349766	5.786693e05	1	21.18145	0.862315	0.0	0.0	3958.403899999999794	3980.191600000000108
FEATURE	2674.805811405600252	358.708174067422931	5.783754e05	2	13.837027	0.832887	0.0	0.0	2669.538100000000213	2681.660300000000007
FEATURE	3781.16743721879493	371.101367375631924	5.759977e05	1	8.450294	0.775979	0.0	0.0	3777.0929000000001	3786.323100000000068
FEATURE	2960.813116737215296	656.847493014166048	5.756358e05	2	10.853662	0.863342	0.0	0.0	2954.557800000000043	2969.223300000000108
PEPTIDE	2965.302999999999884	656.845275878906023	0.0	0	NPTGIDAALDAVR	2	K	S	q-value	MS-GF+_2026-09-01T17:45:52_7198454993515115019	NP_217071.1	881	893	-1
FEATURE	1614.767117570262826	1104.771093787733662	5.754961e05	3	7.270292	0.786704	0.0	0.0	1610.227499999999964	1619.821899999999914
FEATURE	1543.341176826926812	470.73971453754217	5.750993e05	2	10.401076	0.832334	0.0	0.0	1535.501899999999978	1547.53430000000003
PEPTIDE	1541.5304000000001	470.740386962891023	0.0	0	HDLAELDK	2	R	V	q-value	MS-GF+_2026-09-01T17:45:52_7198454993515115019	NP_216774.1	227	234	-1
FEATURE	1266.985193777460836	864.870241246135606	5.740945e05	2	15.264988	0.816937	0.0	0.0	1255.702800000000025	1281.8279
FEATURE	4523.724954028880347	385.092035084006909	5.737644e05	1	7.44397	0.906976	0.0	0.0	4519.63379999999961	4528.544899999999871
FEATURE	3191.100849188000211	508.745937757395154	5.725661e05	1	15.217781	0.855745	0.0	0.0	3184.848599999999806	3202.514900000000125
FEATURE	4561.339693752893254	559.251218313455524	5.704338e05	1	5.530218	0.818217	0.0	0.0	4558.283099999999649	4567.063000000000102
FEATURE	4026.543778716332326	890.346821079696269	5.702499e05	1	19.978985	0.773999	0.0	0.0	4021.942900000000009	4039.244799999999941
FEATURE	3195.516162544516192	619.237286551911552	5.694436e05	1	18.609701	0.843097	0.0	0.0	3187.732100000000173	3207.609199999999873
FEATURE	1676.40021805620222	438.240341998272356	5.6759e05	2	12.144683	0.823877	0.0	0.0	1670.048800000000028	1684.777900000000045
PEPTIDE	1674.818400000000111	438.240112304688012	1.68255748738082e-03	0	GKWDTLR	2	K	A	q-value	MS-GF+_2026-09-01T17:45:52_7198454993515115019	NP_216564.2;NP_216564.2;NP_217462.1	1526;3556;1070	1532;3562;1076	-1
FEATURE	439.923985038236879	373.097961679720754	5.674049e05	1	15.149358	0.771645	0.0	0.0	429.974699999999984	453.363800000000026
FEATURE	4190.448307361100888	589.302388858198128	5.642197e05	1	17.924461	0.89296	0.0	0.0	4178.902799999999843	4204.462900000000445
FEATURE	1228.502277431757875	355.070149533727488	5.634584e05	1	13.734386	0.82348	0.0	0.0	1219.885399999999891	1235.754899999999907
FEATURE	954.020145146843447	371.31561592342473	5.619691e05	1	33.71072	0.877017	0.0	0.0	948.243199999997955	977.812999999998056
FEATURE	3248.342555517391247	777.421794641142697	5.612768e05	2	10.805883	0.796649	0.0	0.0	3240.473399999999856	3251.214199999999892
PEPTIDE	3255.090299999999843	777.424682617187955	0.0	0	FLVYVPGASSTGISR	2	R	K	q-value	MS-GF+_2026-09-01T17:45:52_7198454993515115019	NP_216960.1	459	473	-1
FEATURE	3163.898786784704953	404.233173150137986	5.602917e05	2	16.473255	0.79737	0.0	0.0	3155.728599999999915	3171.260099999999966
FEATURE	1393.22691490987836	533.93438924848067	5.566219e05	3	9.011591	0.76451	0.0	0.0	1393.229700000000094	1398.835900000000038
FEATURE	3602.139994326860688	371.101432407380059	5.559311e05	1	10.923623	0.850623	0.0	0.0	3594.313500000000204	3607.373599999999897
FEATURE	4667.021975374219437	633.139173162148268	5.532825e05	1	4.191357	0.888728	0.0	0.0	4663.672899999999572	4669.953000000000429
FEATURE	1257.031258124890428	929.399606726653474	5.529929e05	2	17.865027	0.864942	0.0	0.0	1242.893000000000029	1272.253500000000031
PEPTIDE	1250.220299999999952	929.400695800781023	0.0	0	GEQGGSDGDPVDQQSEPR	2	R	A	q-value	MS-GF+_2026-09-01T17:45:52_7198454993515115019	NP_216960.1	171	188	-1
FEATURE	3602.970368128088012	859.446635149241843	5.518733e05	2	17.558043	0.818738	0.0	0.0	3594.313500000000204	3615.172999999999774
PEPTIDE	3605.129199999999855	859.450317382812045	0.0	0	PIATPEVYAEMLGQAK	2	M	Q	q-value	MS-GF+_2026-09-01T17:45:52_7198454993515115019	NP_214877.1	1	16	-1
FEATURE	3590.267706987442125	552.315117965634954	5.508596e05	2	14.883087	0.868292	0.0	0.0	3585.125	3605.488699999999881
FEATURE	3356.14311703903104	751.405994377230059	5.47717e05	2	15.667624	0.730875	0.0	0.0	3348.173099999999977	3363.288700000000063
FEATURE	2509.620266676035044	843.4378098363552	5.47089e05	2	11.114937	0.761124	0.0	0.0	2504.803399999999783	2518.738299999999981
FEATURE	1519.602845058637968	434.742057105111769	5.469677e05	2	11.632033	0.833497	0.0	0.0	1510.139100000000099	1531.249900000000025
PEPTIDE	1520.747399999999971	434.741485595703011	6.1652281134402e-04	0	YTTGVLSK	2	R	Y	q-value	MS-GF+_2026-09-01T17:45:52_7198454993515115019	NP_214703.1	552	559	-1
FEATURE	3054.876781357804248	754.448024743702149	5.445122e05	2	14.008576	0.72506	0.0	0.0	3049.563000000000102	3063.929700000000139
FEATURE	1217.035937134374763	753.330747645856945	5.433455e05	3	13.518637	0.798174	0.0	0.0	1208.744699999999966	1230.533599999999979
FEATURE	1249.876443453650836	676.318252734639486	5.422901e05	2	13.710342	0.839996	0.0	0.0	1238.856600000000071	1263.759199999999964
FEATURE	3142.794534549967921	613.344100712174964	5.419694e05	2	13.560036	0.761598	0.0	0.0	3132.449099999999817	3154.656500000000051
FEATURE	4196.758047697427173	631.344055768578301	5.381636e05	1	18.973637	0.889039	0.0	0.0	4182.663099999999759	4213.002800000000207
FEATURE	3335.244071739439732	601.35631049666415	5.381032e05	1	18.03561	0.870826	0.0	0.0	3332.784700000000157	3349.052000000000135
FEATURE	3231.602169631486504	911.416998393235303	5.374726e05	2	15.290299	0.841998	0.0	0.0	3224.862900000000082	3243.277900000000045
PEPTIDE	3227.958299999999781	911.419677734375	0.0	0	EQPVC(Carbamidomethyl)DGAYWVDNLR	2	R	N	q-value	MS-GF+_2026-09-01T17:45:52_7198454993515115019	NP_217456.1	763	777	-1
FEATURE	1219.457758619529841	871.379088576630579	5.349001e05	2	34.119923	0.842927	0.0	0.0	1202.255300000000034	1236.792899999999918
FEATURE	3600.683177428751151	496.304508374622287	5.348316e05	2	10.53447	0.8399	0.0	0.0	3590.782999999999902	3602.153999999999996
FEATURE	3550.911222722108505	371.10141751429984	5.346183e05	1	10.180376	0.792032	0.0	0.0	3546.862900000000082	3558.433199999999943
FEATURE	1315.273617602435024	550.616231094021146	5.327522e05	3	17.536783	0.770961	0.0	0.0	1298.479599999999891	1328.218599999999924
FEATURE	2962.637682053544268	360.206734579766646	5.303253e05	2	14.205735	0.896553	0.0	0.0	2959.189699999999903	2972.750300000000152
FEATURE	3378.750659331602947	880.982415755523789	5.302407e05	2	10.046535	0.76692	0.0	0.0	3371.263100000000122	3383.318299999999908
FEATURE	4120.995064730345803	574.224898370507049	5.290501e05	1	21.049644	0.839793	0.0	0.0	4107.592999999999847	4130.292999999999665
FEATURE	3881.564232260290737	589.297310447014183	5.289424e05	1	20.782835	0.847364	0.0	0.0	3873.273000000000138	3892.902900000000045
FEATURE	1313.712384656408631	588.308910994134067	5.273126e05	2	11.063551	0.86812	0.0	0.0	1305.904800000000023	1325.058800000000019
FEATURE	3170.302728122836925	995.494620098965129	5.270941e05	2	13.610317	0.744572	0.0	0.0	3163.272300000000087	3180.514500000000226
PEPTIDE	3173.624499999999898	995.497985839843977	0.0	0	ADLTGGLAEANLDM(Oxidation)AELAAK	2	K	A	q-value	MS-GF+_2026-09-01T17:45:52_7198454993515115019	NP_217040.1	2371	2390	-1
FEATURE	3754.566151382146018	766.926214982466263	5.236725e05	2	14.199903	0.844689	0.0	0.0	3747.763699999999972	3763.482899999999972
PEPTIDE	3749.202000000000226	766.922912597656023	0.0	0	QILATDIVTAFGQR	2	R	L	q-value	MS-GF+_2026-09-01T17:45:52_7198454993515115019	NP_217451.1	1161	1174	-1
FEATURE	3836.217817756004479	763.260876759296821	5.230006e05	1	18.043438	0.871041	0.0	0.0	3830.07510000000002	3849.953100000000177
FEATURE	4536.275529899931826	850.555076625253832	5.226935e05	1	7.516636	0.821295	0.0	0.0	4531.1850000000004	4538.242900000000191
FEATURE	2203.188157301297906	738.307165673422333	5.198628e05	2	13.67527	0.823267	0.0	0.0	2202.565900000000056	2213.835599999999886
FEATURE	1475.348505239662018	607.803878722533113	5.194996e05	2	14.052356	0.75609	0.0	0.0	1468.65560000000005	1489.345299999999952
FEATURE	3393.763068460660634	429.259759506999444	5.185568e05	1	15.424899	0.846275	0.0	0.0	3382.451300000000174	3402.253099999999904
FEATURE	4525.167027034151033	471.234128510796666	5.183677e05	1	6.953155	0.852912	0.0	0.0	4517.844900000000052	4527.672999999999775
FEATURE	4145.046719329759071	906.196394335215587	5.181471e05	1	9.150974	0.838353	0.0	0.0	4141.343600000000151	4150.383200000000215
FEATURE	3867.802693035871016	371.101452859895687	5.180978e05	1	5.769746	0.791487	0.0	0.0	3862.010000000000218	3869.532900000000154
FEATURE	1406.62631867690493	951.922378403747302	5.15864e05	2	10.405321	0.754032	0.0	0.0	1399.772600000000011	1412.427400000000034
FEATURE	3242.082171307090903	673.851692823158373	5.144141e05	2	14.956595	0.805308	0.0	0.0	3230.538399999999911	3243.277900000000045
FEATURE	3345.1923478062904	632.304851711842048	5.138933e05	2	15.452651	0.817928	0.0	0.0	3340.585099999999784	3355.887000000000171
PEPTIDE	3342.285400000000209	632.30517578125	0.0	0	AFDLFEPGPDR	2	R	I	q-value	MS-GF+_2026-09-01T17:45:52_7198454993515115019	NP_216564.2	3642	3652	-1
FEATURE	4644.762853715055826	761.391749070325204	5.095395e05	1	7.350398	0.750973	0.0	0.0	4640.542999999999665	4650.353000000000066
FEATURE	1343.702556455705917	781.352876225153864	5.093576e05	2	13.259231	0.883708	0.0	0.0	1331.794200000000046	1353.692099999999982
PEPTIDE	1338.866800000000012	781.353576660156023	0.0	0	LTEANDSPAGEAC(Carbamidomethyl)AR	2	R	A	q-value	MS-GF+_2026-09-01T17:45:52_7198454993515115019	NP_218385.1	191	205	-1
FEATURE	1254.756408777830075	714.30800312471365	5.090467e05	4	12.296882	0.849197	0.0	0.0	1243.975799999999936	1265.93139999999994
FEATURE	1311.090473122872027	485.572459933182529	5.087928e05	3	11.714489	0.787855	0.0	0.0	1300.346900000000005	1322.89689999999996
FEATURE	1264.529474966750286	714.845142868838821	5.077671e05	2	10.229419	0.835089	0.0	0.0	1256.711499999999887	1274.345199999999977
FEATURE	3475.307206604420117	606.997360819760843	5.046213e05	3	11.408072	0.763583	0.0	0.0	3468.829999999999927	3487.144999999999982
FEATURE	1456.092657093173784	822.39200941797867	5.043275e05	2	11.08165	0.804175	0.0	0.0	1450.451099999999997	1465.145800000000008
FEATURE	1360.140924138155697	525.263723211181855	5.037786e05	3	17.33127	0.827761	0.0	0.0	1360.222299999999905	1376.567199999999957
FEATURE	2238.189553781708582	623.33459860483822	5.028605e05	2	11.838322	0.734646	0.0	0.0	2230.919600000000173	2243.566400000000158
PEPTIDE	2237.099999999999909	623.335021972656023	0.0	0	VLYDLGHVSSR	2	K	E	q-value	MS-GF+_2026-09-01T17:45:52_7198454993515115019	NP_214555.1	674	684	-1
FEATURE	3122.51733260662968	570.82241556370002	5.019168e05	2	12.446376	0.815426	0.0	0.0	3117.073100000000068	3129.295599999999922
FEATURE	2406.209205547434976	559.299381295594685	5.012973e05	2	11.38659	0.729372	0.0	0.0	2400.366500000000087	2414.698899999999867
FEATURE	4529.914324908163508	500.224812693655963	5.006803e05	1	7.900396	0.805755	0.0	0.0	4525.023100000000341	4537.3729000000003
FEATURE	1216.663300556614559	759.006022063626119	5.004228e05	3	13.026718	0.803051	0.0	0.0	1208.744699999999966	1229.397699999999986
FEATURE	3754.288645496003937	908.488370290508556	4.999692e05	2	13.353867	0.826389	0.0	0.0	3745.153200000000197	3764.404899999999998
PEPTIDE	3750.082499999999982	908.494201660156023	0.0	0	SNLIGM(Oxidation)GVIPLQFPEGK	2	R	S	q-value	MS-GF+_2026-09-01T17:45:52_7198454993515115019	NP_215991.1	850	866	-1
FEATURE	3149.636675633533741	788.888011859945209	4.99386e05	2	10.82545	0.706109	0.0	0.0	3144.502899999999954	3155.728599999999915
FEATURE	3347.6021697955116	465.28602983516447	4.972552e05	2	16.567957	0.808082	0.0	0.0	3343.272500000000036	3361.465799999999945
FEATURE	3293.093874361711187	928.457726073186791	4.95655e05	1	11.56418	0.763453	0.0	0.0	3285.764700000000175	3297.544100000000071
FEATURE	4138.217206304001593	997.594870693839312	4.935538e05	1	14.51329	0.830451	0.0	0.0	4128.453000000000429	4148.564900000000307
FEATURE	3070.661952776375983	495.293974149086864	4.934782e05	2	10.359325	0.843043	0.0	0.0	3065.070600000000013	3081.339899999999943
FEATURE	1456.978190788355278	704.353793495534433	4.920291e05	2	10.224677	0.837943	0.0	0.0	1448.409000000000106	1463.548500000000104
FEATURE	4508.964157878533115	535.089781710986472	4.915613e05	1	10.500402	0.781964	0.0	0.0	4501.564900000000307	4516.943000000000211
FEATURE	3346.809869301029721	456.772522239121543	4.899426e05	2	17.403234	0.81528	0.0	0.0	3336.657999999999902	3358.743800000000192
FEATURE	3604.697210550974432	687.334371017965623	4.89389e05	2	13.380195	0.806687	0.0	0.0	3597.14429999999993	3609.583000000000084
FEATURE	1344.27751708406754	655.324883033782612	4.888123e05	2	13.238105	0.885934	0.0	0.0	1338.131800000000112	1354.73479999999995
FEATURE	3073.621298220672088	799.953098750556706	4.882704e05	2	9.597687	0.828121	0.0	0.0	3069.002100000000155	3082.991500000000087
FEATURE	1375.885886795120314	463.489691913926549	4.875055e05	4	17.050282	0.831366	0.0	0.0	1362.237300000000005	1390.544200000000046
FEATURE	1407.746309847075281	634.950359768917338	4.869442e05	3	5.323863	0.74611	0.0	0.0	1404.074000000000069	1412.427400000000034
PEPTIDE	1402.184999999999945	634.952575683593977	0.0	0	AESESDADVGDRANDPVR	3	K	V	q-value	MS-GF+_2026-09-01T17:45:52_7198454993515115019	NP_216992.1	1114	1131	-1
FEATURE	4193.96921261701209	477.139558194416622	4.840606e05	1	21.708544	0.853829	0.0	0.0	4180.794799999999668	4211.112900000000081
FEATURE	3422.211739431885235	802.381090175854183	4.837939e05	2	9.710664	0.770704	0.0	0.0	3414.682999999999993	3428.496999999999844
FEATURE	3270.745867797780647	946.471655531031956	4.831392e05	2	9.614163	0.706832	0.0	0.0	3264.99310000000014	3278.373000000000047
FEATURE	1503.103339243973551	565.259680545095307	4.79916e05	3	11.305269	0.741322	0.0	0.0	1495.442999999999984	1511.578400000000102
FEATURE	2474.220165566563537	832.442462530309626	4.79537e05	2	9.511091	0.786865	0.0	0.0	2469.673999999999978	2477.794300000000021
FEATURE	3129.225132775789007	484.30089999755063	4.764552e05	2	16.365435	0.770856	0.0	0.0	3121.275299999999788	3137.41379999999981
PEPTIDE	3125.920200000000023	484.300415039061988	1.68255748738082e-03	0	GLVDVVIPR	2	R	G	q-value	MS-GF+_2026-09-01T17:45:52_7198454993515115019	NP_216943.1	204	212	-1
FEATURE	1335.307286619337674	419.215431849219954	4.756165e05	3	11.082003	0.812188	0.0	0.0	1325.058800000000019	1342.605999999999995
FEATURE	3575.375353101285327	793.432191598162717	4.745362e05	2	14.815973	0.86841	0.0	0.0	3569.295000000000073	3586.092999999999847
PEPTIDE	3571.377199999999903	793.434875488281023	0.0	0	QATAAVENVVDTIVR	2	R	A	q-value	MS-GF+_2026-09-01T17:45:52_7198454993515115019	NP_217502.1	19	33	-1
FEATURE	1264.769380355440717	476.897904320243072	4.743997e05	3	10.280826	0.851955	0.0	0.0	1256.711499999999887	1273.413000000000011
PEPTIDE	1271.560799999999972	476.897094726561988	0.0	0	HPTTDSLTESANR	3	R	E	q-value	MS-GF+_2026-09-01T17:45:52_7198454993515115019	NP_215346.1	24	36	-1
FEATURE	4152.155714211855411	685.286973785457462	4.736606e05	1	13.834044	0.854016	0.0	0.0	4150.383200000000215	4164.003499999999804
FEATURE	2597.131120944908162	474.761845118140059	4.735901e05	2	4.961899	0.815075	0.0	0.0	2593.451900000000023	2600.40560000000005
PEPTIDE	2595.626499999999851	474.760589599608977	6.1652281134402e-04	0	FAELLAER	2	R	L	q-value	MS-GF+_2026-09-01T17:45:52_7198454993515115019	NP_216815.1	634	641	-1
FEATURE	839.112452280339198	373.097982372598949	4.704625e05	1	27.652748	0.859188	0.0	0.0	825.952800000000025	851.554699999997979
FEATURE	3200.467853608707173	598.287123788737972	4.703287e05	1	8.725966	0.80656	0.0	0.0	3195.08640000000014	3203.757399999999961
FEATURE	3343.060860056556066	748.35852727249619	4.692363e05	2	15.368899	0.841433	0.0	0.0	3338.143199999999979	3357.832899999999881
PEPTIDE	3340.239500000000135	748.354187011718977	0.0	0	FLFDVETGEPGER	2	K	N	q-value	MS-GF+_2026-09-01T17:45:52_7198454993515115019	NP_214758.1	234	246	-1
FEATURE	3206.156330137056102	474.779943870041905	4.688802e05	2	14.360983	0.80365	0.0	0.0	3202.514900000000125	3217.067300000000159
PEPTIDE	3198.891999999999825	474.779907226561988	6.1652281134402e-04	0	FLEGLTLR	2	K	T	q-value	MS-GF+_2026-09-01T17:45:52_7198454993515115019	YP_177694.1	271	278	-1
FEATURE	2632.873224209818091	526.271458505294959	4.683268e05	3	9.612765	0.728227	0.0	0.0	2626.80619999999999	2638.671600000000126
FEATURE	3736.761414405460528	809.941312928539787	4.678425e05	2	10.810297	0.823488	0.0	0.0	3732.333299999999781	3745.977400000000216
FEATURE	3050.361604247736523	743.877788595615357	4.67019e05	2	10.893571	0.711981	0.0	0.0	3044.009399999999914	3056.169499999999971
FEATURE	1327.164106641362423	506.588455294156518	4.66439e05	3	13.776314	0.829679	0.0	0.0	1314.738499999999931	1340.929100000000062
FEATURE	3167.894126268975924	386.238753415777012	4.60209e05	2	15.214479	0.892467	0.0	0.0	3165.28879999999981	3179.291099999999915
FEATURE	1270.829822755990335	673.80828550447859	4.598617e05	2	13.42238	0.790838	0.0	0.0	1261.860799999999927	1285.04989999999998
FEATURE	3004.105076536630804	984.453249052499928	4.571308e05	1	9.074564	0.730608	0.0	0.0	3000.859699999999975	3012.202999999999975
FEATURE	1471.227763350462965	504.776940625413317	4.551241e05	2	11.296157	0.776204	0.0	0.0	1462.363299999999981	1478.223099999999931
PEPTIDE	1475.590599999999995	504.778686523438012	6.1652281134402e-04	0	VSDAPPVPAR	2	R	L	q-value	MS-GF+_2026-09-01T17:45:52_7198454993515115019	NP_215809.1	359	368	-1
FEATURE	1365.523197640894978	513.913720310026974	4.549331e05	3	27.915798	0.823655	0.0	0.0	1344.951999999999998	1383.208599999999933
FEATURE	3636.848305839992463	371.101304183699483	4.546766e05	1	10.337585	0.81309	0.0	0.0	3631.405699999999797	3639.633100000000013
FEATURE	3468.424760039690227	412.796646844946054	4.54562e05	2	15.533743	0.900296	0.0	0.0	3458.463200000000143	3472.482899999999972
FEATURE	1127.476512171256672	896.36815094422434	4.530175e05	2	40.718494	0.842513	0.0	0.0	1103.422900000000027	1151.305100000000039
FEATURE	3526.221706501809877	667.177595666472598	4.516129e05	1	19.521292	0.838334	0.0	0.0	3515.553100000000086	3532.297300000000178
FEATURE	3532.654144502498639	838.903467745139892	4.503959e05	2	13.004692	0.827173	0.0	0.0	3526.682999999999993	3542.361899999999878
FEATURE	4512.857339190505627	459.165174462024538	4.498981e05	1	8.696358	0.837247	0.0	0.0	4507.055299999999988	4518.743099999999686
FEATURE	4597.346928463132826	482.312338558564079	4.453169e05	1	4.049944	0.877439	0.0	0.0	4594.494800000000396	4600.743000000000393
FEATURE	2817.170145701114507	624.250781068346669	4.437756e05	2	7.503913	0.748828	0.0	0.0	2811.045500000000175	2819.874699999999848
FEATURE	3615.363004324349731	371.101482543847226	4.425032e05	1	7.999458	0.838402	0.0	0.0	3611.483200000000124	3620.694899999999961
FEATURE	1349.22845659432187	695.30718530846525	4.411552e05	2	12.270018	0.807502	0.0	0.0	1339.920499999999947	1362.237300000000005
PEPTIDE	1341.97420000000011	695.308227539062045	9.25925925925926e-03	0	AYDVGNHEDDVR	2	R	Y	q-value	MS-GF+_2026-09-01T17:45:52_7198454993515115019	NP_217071.1	266	277	-1
FEATURE	3151.2665124538089	735.404420165059378	4.409991e05	1	12.616258	0.842968	0.0	0.0	3147.515199999999822	3158.500799999999799
FEATURE	3779.924922902838716	355.070079564905654	4.408509e05	1	15.788528	0.766246	0.0	0.0	3771.538399999999911	3786.323100000000068
FEATURE	3198.556871320468417	657.310501660527279	4.402203e05	1	11.159197	0.780266	0.0	0.0	3195.08640000000014	3209.089699999999993
FEATURE	1350.567777896510734	735.361499512913838	4.381549e05	2	14.115247	0.829137	0.0	0.0	1338.131800000000112	1363.908599999999979
FEATURE	3470.094013561365045	355.070170988979783	4.335434e05	1	13.853808	0.855302	0.0	0.0	3464.284999999999855	3477.083200000000033
FEATURE	724.999911486085011	371.315581686161863	4.323319e05	1	25.41222	0.838115	0.0	0.0	713.184799999997949	737.745400000001951
FEATURE	3511.044603134177578	650.397312594748087	4.310433e05	2	15.875639	0.783943	0.0	0.0	3505.803100000000086	3521.925400000000082
FEATURE	1410.581890254807149	726.360435980920101	4.304846e05	2	9.60651	0.808754	0.0	0.0	1405.042999999999893	1414.518800000000056
PEPTIDE	1406.823200000000043	726.357788085937955	0.0	0	LVNSGTEATM(Oxidation)SAVR	2	R	L	q-value	MS-GF+_2026-09-01T17:45:52_7198454993515115019	NP_215038.1	124	137	-1
FEATURE	779.014725238611049	371.315557587417572	4.302865e05	1	24.41465	0.888985	0.0	0.0	761.2029	787.963699999997971
FEATURE	3693.312532035083223	504.110305594574186	4.302084e05	1	7.526468	0.832722	0.0	0.0	3690.892899999999827	3698.184900000000198
FEATURE	1472.292847522011471	656.83332345117708	4.258448e05	2	12.355023	0.765857	0.0	0.0	1463.548500000000104	1479.010999999999967
PEPTIDE	1466.665899999999965	656.83349609375	0.0	0	GGVHVTDVTNASR	2	R	T	q-value	MS-GF+_2026-09-01T17:45:52_7198454993515115019	NP_218213.1	189	201	-1
FEATURE	3133.390192476337234	807.430982679880799	4.150846e05	2	13.805045	0.772932	0.0	0.0	3126.214100000000144	3141.813099999999849
FEATURE	3206.183836442124175	369.190258626099308	4.110559e05	4	12.781101	0.874908	0.0	0.0	3202.514900000000125	3214.628700000000208
FEATURE	2345.218501505906715	446.995767292177789	4.104086e05	4	6.906016	0.702168	0.0	0.0	2341.742299999999887	2350.344900000000052
FEATURE	1341.945829108673252	670.840832653223401	4.091939e05	2	24.20046	0.837489	0.0	0.0	1333.893600000000106	1367.575800000000072
FEATURE	1318.199826485714539	492.263858281603518	4.084612e05	2	17.234085	0.850302	0.0	0.0	1304.072100000000091	1330.863399999999956
FEATURE	3541.516708579827537	444.271721161058736	4.078515e05	2	10.979883	0.757215	0.0	0.0	3538.257099999999809	3552.502800000000207
FEATURE	1335.114977870652183	628.320170601775203	4.076593e05	2	13.027781	0.83553	0.0	0.0	1326.106700000000046	1343.914299999999912
PEPTIDE	1327.882900000000063	628.318725585937955	0.0	0	LVVDEHTGETR	2	R	V	q-value	MS-GF+_2026-09-01T17:45:52_7198454993515115019	NP_214555.1	795	805	-1
FEATURE	2849.948226133950357	614.173422943867081	4.072143e05	4	11.553754	0.75533	0.0	0.0	2843.563799999999901	2855.20490000000018
FEATURE	1381.478029370393415	660.791168653432237	4.038357e05	2	12.569254	0.897866	0.0	0.0	1371.287700000000086	1389.073599999999942
FEATURE	1334.300795159334712	756.853708917994936	3.998159e05	2	13.640917	0.849912	0.0	0.0	1321.720299999999952	1345.994899999999916
FEATURE	1375.046044410568356	484.905977646705537	3.990499e05	3	11.344539	0.820865	0.0	0.0	1363.908599999999979	1385.225599999999986
FEATURE	1385.433121700226593	588.323460705542175	3.924196e05	2	10.490786	0.846303	0.0	0.0	1376.567199999999957	1394.442000000000007
PEPTIDE	1382.196300000000065	588.325927734375	6.1652281134402e-04	0	TRIETETGIR	2	R	V	q-value	MS-GF+_2026-09-01T17:45:52_7198454993515115019	NP_215697.1;NP_218342.1	1544;2082	1553;2091	-1
FEATURE	3106.605050349055546	753.386353423079299	3.8874e05	2	14.188142	0.732612	0.0	0.0	3097.993199999999888	3110.726200000000063
FEATURE	1169.08763664476578	373.097960157128398	3.883034e05	1	25.287258	0.82551	0.0	0.0	1156.90300000000002	1183.673000000000002
FEATURE	3531.897832792190457	781.863384004204249	3.873504e05	2	18.051146	0.826515	0.0	0.0	3523.779599999999846	3544.929599999999937
FEATURE	3325.190410299225732	752.923797147039068	3.870044e05	2	14.167869	0.817022	0.0	0.0	3318.284900000000107	3330.899199999999837
FEATURE	3395.802780860056373	733.377840594735858	3.851089e05	2	9.858042	0.830929	0.0	0.0	3394.065599999999904	3405.003000000000156
FEATURE	1385.544433262076382	679.33441135701446	3.84872e05	2	12.669443	0.856921	0.0	0.0	1376.567199999999957	1391.873100000000022
FEATURE	1358.405203445356847	787.392706673112684	3.83809e05	2	19.434216	0.861975	0.0	0.0	1348.155700000000024	1374.504799999999932
PEPTIDE	1357.441900000000032	787.39111328125	0.0	0	EAEGGSKVPEDTLNK	2	R	V	q-value	MS-GF+_2026-09-01T17:45:52_7198454993515115019	NP_214864.1	528	542	-1
FEATURE	4463.661200492017997	592.442356140571405	3.810886e05	1	14.582778	0.880855	0.0	0.0	4456.283599999999751	4472.153299999999945
FEATURE	1497.513169082608101	776.410325732256524	3.79575e05	2	7.807786	0.745218	0.0	0.0	1493.815900000000056	1498.518299999999954
FEATURE	3597.429358137810596	756.915345663114977	3.777334e05	2	15.320267	0.800688	0.0	0.0	3586.092999999999847	3605.488699999999881
FEATURE	4282.856758856954912	489.281066833996761	3.763127e05	1	17.292896	0.839766	0.0	0.0	4270.354800000000068	4296.034700000000157
FEATURE	3258.482932543033257	668.363323992830487	3.739365e05	2	11.359288	0.848063	0.0	0.0	3251.214199999999892	3262.549399999999878
FEATURE	3040.771184786311551	884.432862680926064	3.729362e05	1	7.13209	0.729307	0.0	0.0	3038.956900000000132	3046.543099999999868
FEATURE	3862.050640566242237	584.357092621141874	3.723291e05	2	15.448152	0.805123	0.0	0.0	3852.072900000000118	3870.472999999999956
FEATURE	744.391650898207672	371.315544506075867	3.700071e05	1	25.156113	0.889785	0.0	0.0	733.274999999999977	763.423300000001973
FEATURE	1352.642679890284398	705.354089890580212	3.698592e05	2	14.958986	0.881606	0.0	0.0	1342.605999999999995	1367.575800000000072
PEPTIDE	1349.104599999999891	705.351318359375	0.0	0	RYINQVADQM(Oxidation)R	2	R	G	q-value	MS-GF+_2026-09-01T17:45:52_7198454993515115019	NP_214780.1	217	227	-1
FEATURE	4085.627985294228438	588.359583173255942	3.692533e05	1	11.916893	0.837559	0.0	0.0	4080.983099999999922	4092.322900000000118
FEATURE	319.166763895739564	432.88527492059842	3.683384e05	1	22.358067	0.874261	0.0	0.0	310.173000000000002	330.342899999999986
FEATURE	3782.523039162396344	905.681039321450953	3.675236e05	1	16.569359	0.806259	0.0	0.0	3773.394999999999982	3796.614999999999782
FEATURE	3234.891348314984043	600.302389139349202	3.6422e05	1	8.909568	0.866714	0.0	0.0	3231.467399999999998	3240.473399999999856
FEATURE	3312.949449991797792	895.954618099591471	3.637553e05	2	14.824398	0.753484	0.0	0.0	3308.683300000000145	3321.953500000000076
FEATURE	1250.565117624502818	758.225581742418285	3.6355e05	1	32.446648	0.81629	0.0	0.0	1235.754899999999907	1269.844700000000103
FEATURE	3346.820549935487634	867.929399554694328	3.631963e05	2	13.524012	0.730128	0.0	0.0	3341.714699999999994	3356.874899999999798
FEATURE	1348.070506499900148	661.818839150761846	3.630676e05	2	13.347032	0.878374	0.0	0.0	1337.092599999999948	1360.222299999999905
PEPTIDE	1341.635399999999891	661.8173828125	0.0	0	VQGADLTQM(Oxidation)TDK	2	R	T	q-value	MS-GF+_2026-09-01T17:45:52_7198454993515115019	NP_214758.1;NP_215983.1	326;326	337;337	-1
FEATURE	1317.122751087448478	576.915160442189063	3.59938e05	3	11.374517	0.860975	0.0	0.0	1305.904800000000023	1328.218599999999924
FEATURE	2773.510225010602426	652.025858193070121	3.579514e05	3	5.063722	0.820702	0.0	0.0	2770.479899999999816	2778.713900000000194
FEATURE	3627.654444426296323	650.396272751429933	3.508057e05	2	9.688445	0.841375	0.0	0.0	3623.484800000000178	3633.275700000000143
FEATURE	1337.6327440267969	833.405852406950089	3.499367e05	2	15.492833	0.835391	0.0	0.0	1325.058800000000019	1345.994899999999916
FEATURE	2928.993935843114286	442.747949186506617	3.490731e05	2	9.678603	0.874527	0.0	0.0	2922.759700000000066	2936.347200000000157
FEATURE	3781.645899224565255	713.342615066585836	3.475402e05	2	12.699145	0.811178	0.0	0.0	3775.198800000000119	3791.062800000000152
FEATURE	1310.219455581833699	434.912598143372634	3.463978e05	3	13.057146	0.888808	0.0	0.0	1298.479599999999891	1322.89689999999996
PEPTIDE	1302.231600000000071	434.91259765625	6.1652281134402e-04	0	APAPAAQAAAAPAPK	3	K	A	q-value	MS-GF+_2026-09-01T17:45:52_7198454993515115019	NP_216731.1	287	301	-1
FEATURE	3109.585440385835682	784.381823249038007	3.448992e05	2	10.478467	0.805063	0.0	0.0	3108.320999999999913	3119.211699999999837
FEATURE	3439.640061349302414	654.350096829794325	3.448097e05	2	11.119802	0.785583	0.0	0.0	3433.153099999999995	3446.123099999999795
FEATURE	3205.442202797039045	832.43223607504126	3.447961e05	1	7.775682	0.719928	0.0	0.0	3202.514900000000125	3213.059099999999944
FEATURE	1335.457802004466885	802.040017709218091	3.441583e05	3	12.493094	0.84187	0.0	0.0	1331.794200000000046	1343.914299999999912
FEATURE	4221.88158935318188	355.07003988389323	3.428348e05	1	9.294082	0.891143	0.0	0.0	4216.76299999999992	4226.154700000000048
FEATURE	3217.65974087552695	945.426699862576584	3.426183e05	2	16.610312	0.703795	0.0	0.0	3211.502899999999954	3228.320999999999913
FEATURE	1366.398705635709803	663.288019409673325	3.416204e05	2	14.227702	0.835817	0.0	0.0	1356.818400000000111	1378.573799999999892
FEATURE	481.086133221978628	371.315634920894695	3.349723e05	1	18.477474	0.730648	0.0	0.0	464.532899999999984	491.392899999999997
FEATURE	1392.698516298922641	572.574500764528011	3.338947e05	3	9.683226	0.812478	0.0	0.0	1383.208599999999933	1399.772600000000011
FEATURE	3270.3774272089031	408.251927272343096	3.33722e05	2	8.329612	0.757133	0.0	0.0	3264.99310000000014	3275.584800000000087
FEATURE	3459.968754313935733	932.990719321860297	3.320917e05	2	15.540231	0.720238	0.0	0.0	3455.610900000000129	3470.631600000000162
PEPTIDE	3458.096399999999903	932.987121582031023	0.0	0	DMPSVSPVPVDPVAVVEK	2	K	L	q-value	MS-GF+_2026-09-01T17:45:52_7198454993515115019	NP_215811.1	338	355	-1
FEATURE	1366.398495123550674	580.792678523102836	3.314649e05	2	12.701998	0.894584	0.0	0.0	1361.212700000000041	1374.504799999999932
PEPTIDE	1360.878500000000031	580.791198730468977	6.1652281134402e-04	0	MPEQTAAAVSR	2	R	S	q-value	MS-GF+_2026-09-01T17:45:52_7198454993515115019	NP_217761.1	342	352	-1
FEATURE	1364.831412840612757	803.395182909302093	3.312955e05	2	11.666576	0.863257	0.0	0.0	1356.818400000000111	1376.567199999999957
PEPTIDE	1359.495799999999917	803.394470214843977	0.0	0	DASVAGSQQADGVATTK	2	K	I	q-value	MS-GF+_2026-09-01T17:45:52_7198454993515115019	NP_215786.1	157	173	-1
FEATURE	1249.65444980123857	373.098795428944868	3.302389e05	1	14.020945	0.847455	0.0	0.0	1239.951999999999998	1259.651499999999942
FEATURE	1297.88498536497741	689.31305926829873	3.300597e05	2	22.180582	0.773562	0.0	0.0	1285.04989999999998	1317.741600000000062
FEATURE	688.465143064260815	371.315625972869668	3.290542e05	1	23.528477	0.824557	0.0	0.0	680.802900000000022	704.254800000000046
FEATURE	1296.240845688701029	649.333032206365147	3.27372e05	2	22.790741	0.846508	0.0	0.0	1285.04989999999998	1317.741600000000062
PEPTIDE	1287.635299999999916	649.331726074218977	6.1652281134402e-04	0	IGEAEGQPQVNR	2	R	E	q-value	MS-GF+_2026-09-01T17:45:52_7198454993515115019	NP_216608.1	212	223	-1
FEATURE	3537.292963439101641	791.954868252034771	3.260227e05	2	14.571054	0.793975	0.0	0.0	3530.067399999999907	3546.862900000000082
PEPTIDE	3534.836699999999837	791.955017089843977	0.0	0	AGMIGITQALAPGLAAK	2	K	G	q-value	MS-GF+_2026-09-01T17:45:52_7198454993515115019	NP_214756.1	364	380	-1
FEATURE	1254.769575798587084	952.075206451534882	3.251822e05	3	11.28863	0.864072	0.0	0.0	1245.442900000000009	1265.93139999999994
FEATURE	1371.936459148968879	434.215557730532851	3.248857e05	3	17.057222	0.866992	0.0	0.0	1358.153099999999995	1385.225599999999986
PEPTIDE	1363.568700000000035	434.216186523438012	6.1652281134402e-04	0	ESPVTSAGPHYR	3	R	L	q-value	MS-GF+_2026-09-01T17:45:52_7198454993515115019	NP_218037.1	133	144	-1
FEATURE	1288.086704818194221	831.892637086704895	3.190611e05	2	11.652243	0.859671	0.0	0.0	1278.48070000000007	1300.346900000000005
FEATURE	1362.173955968890368	626.802027511170991	3.183014e05	2	15.945692	0.844703	0.0	0.0	1354.73479999999995	1376.567199999999957
FEATURE	3774.195931664081854	459.286088358093082	3.1663e05	2	16.130869	0.819626	0.0	0.0	3769.41190000000006	3784.484699999999975
FEATURE	3833.173862420359455	996.446884492627078	3.159632e05	1	6.291867	0.861556	0.0	0.0	3827.255099999999857	3834.694700000000012
FEATURE	1251.254138826285498	741.199128856746825	3.142367e05	1	31.391916	0.792888	0.0	0.0	1235.754899999999907	1270.891200000000026
FEATURE	1217.055717938702628	1129.491691238286649	3.13282e05	2	14.348358	0.842973	0.0	0.0	1212.238299999999981	1225.529800000000023
FEATURE	4082.798606772702897	371.101374474300087	3.103043e05	1	7.124732	0.908655	0.0	0.0	4078.172999999999774	4086.662899999999809
FEATURE	1456.133746954984645	405.701178746905043	3.08437e05	4	10.04856	0.849028	0.0	0.0	1452.039299999999912	1463.548500000000104
FEATURE	457.003976538970505	371.315601108404564	3.064878e05	1	18.941362	0.714705	0.0	0.0	446.642999999999972	472.364800000000002
FEATURE	3379.730023307788997	976.343386698943846	3.05429e05	2	7.562111	0.823809	0.0	0.0	3376.644800000000032	3387.445099999999911
FEATURE	1249.265400815444536	371.316438680702277	3.034942e05	1	20.125811	0.854275	0.0	0.0	1237.854800000000068	1265.93139999999994
FEATURE	3524.338425571826065	928.945639408410784	3.031694e05	2	17.495655	0.791026	0.0	0.0	3518.872100000000046	3535.1878999999999
PEPTIDE	3525.066200000000208	928.945678710937955	0.0	0	IFASLLTPASYGADDC(Carbamidomethyl)R	2	R	W	q-value	MS-GF+_2026-09-01T17:45:52_7198454993515115019	NP_214745.1	57	73	-1
FEATURE	3917.701490784177167	503.312522292303697	2.949393e05	2	15.801756	0.821878	0.0	0.0	3907.364700000000084	3928.022800000000188
FEATURE	3347.013214825915838	938.512251492505015	2.920862e05	1	9.460172	0.834361	0.0	0.0	3341.714699999999994	3355.887000000000171
FEATURE	1260.504488079268413	624.610213375777335	2.90517e05	3	9.680409	0.751848	0.0	0.0	1250.58439999999996	1269.844700000000103
FEATURE	419.589935735410791	371.315597564080179	2.887795e05	1	17.339993	0.841069	0.0	0.0	407.624700000000019	428.852899999999977
FEATURE	1322.832416257778505	585.917761140512994	2.887211e05	3	15.301565	0.809557	0.0	0.0	1310.719800000000078	1337.092599999999948
FEATURE	440.922308654235735	741.195487513884473	2.858727e05	1	22.518234	0.74071	0.0	0.0	431.093000000000018	453.363800000000026
FEATURE	3595.562576088806509	715.391512257659997	2.834814e05	1	10.579675	0.761352	0.0	0.0	3590.782999999999902	3601.194899999999961
FEATURE	4104.991700849518566	902.535035948841937	2.799526e05	1	10.41873	0.885073	0.0	0.0	4097.043099999999868	4107.592999999999847
FEATURE	3508.462444861873792	583.806763023003555	2.787107e05	2	11.90785	0.801744	0.0	0.0	3505.803100000000086	3520.984599999999773
FEATURE	4357.278718414799187	584.39782193926294	2.768615e05	1	9.079958	0.871358	0.0	0.0	4352.404900000000453	4360.944700000000012
FEATURE	3436.70183204936211	653.375204956935022	2.75523e05	2	9.870592	0.702355	0.0	0.0	3432.254800000000159	3440.990099999999984
PEPTIDE	3435.96140000000014	653.375427246093977	0.0	0	YAGIGDVIVATVK	2	R	D	q-value	MS-GF+_2026-09-01T17:45:52_7198454993515115019	NP_215228.1	31	43	-1
FEATURE	502.561149056700344	371.315612139666087	2.751062e05	1	16.41375	0.859409	0.0	0.0	491.392899999999997	512.654800000000023
FEATURE	3386.470539725715753	883.346407996695348	2.721186e05	2	8.739306	0.720116	0.0	0.0	3383.318299999999908	3387.445099999999911
FEATURE	4301.845977158744063	491.278630837432388	2.701222e05	1	14.136943	0.821385	0.0	0.0	4288.452900000000227	4306.3729000000003
FEATURE	1473.259330551688436	847.921205729065946	2.670943e05	2	8.380996	0.82229	0.0	0.0	1466.113800000000083	1478.223099999999931
PEPTIDE	1471.904800000000023	847.9169921875	0.0	0	REESLHPVGEDAVEK	2	R	V	q-value	MS-GF+_2026-09-01T17:45:52_7198454993515115019	NP_217797.1	35	49	-1
FEATURE	634.586458835559938	741.195686965606228	2.666001e05	1	25.138069	0.792099	0.0	0.0	623.102899999998044	648.574699999997961
FEATURE	1286.010674100884444	633.295076049023692	2.662192e05	3	12.692829	0.869126	0.0	0.0	1276.253300000000081	1298.479599999999891
FEATURE	419.076975170861317	758.222089286093706	2.64579e05	1	31.57299	0.791133	0.0	0.0	405.384999999999991	432.21550000000002
FEATURE	1371.486467504066468	650.820583794969139	2.636418e05	2	15.456212	0.852008	0.0	0.0	1360.222299999999905	1383.208599999999933
PEPTIDE	1364.994300000000067	650.822021484375	0.0	0	ESPVTSAGPHYR	2	R	L	q-value	MS-GF+_2026-09-01T17:45:52_7198454993515115019	NP_218037.1	133	144	-1
FEATURE	4317.069732159800878	435.251040519234493	2.619115e05	1	22.20019	0.771057	0.0	0.0	4302.613900000000285	4332.655099999999948
FEATURE	3443.353734158498355	743.436858535380679	2.614629e05	2	8.625969	0.767808	0.0	0.0	3438.015699999999924	3446.998799999999847
PEPTIDE	3443.030799999999999	743.437316894531023	0.0	0	TLLSSIPGAAVTSIR	2	R	I	q-value	MS-GF+_2026-09-01T17:45:52_7198454993515115019	NP_217974.1	40	54	-1
FEATURE	1372.080129512609119	632.268975074858417	2.609271e05	2	13.244208	0.822239	0.0	0.0	1363.908599999999979	1381.26260000000002
FEATURE	1386.333214921960462	603.800317206175691	2.599626e05	2	16.809319	0.804843	0.0	0.0	1374.504799999999932	1389.073599999999942
FEATURE	3360.856150961207277	421.751711248203947	2.566141e05	2	10.37171	0.84595	0.0	0.0	3353.063500000000204	3364.172500000000127
FEATURE	550.43192556699023	371.315655778984421	2.565209e05	1	17.857172	0.812022	0.0	0.0	536.092999999999961	558.413199999999961
FEATURE	3615.546113720318317	355.070070896493462	2.535186e05	1	8.515408	0.826913	0.0	0.0	3611.483200000000124	3620.694899999999961
FEATURE	1180.626150908165528	632.9632703041691	2.526524e05	3	12.848884	0.855703	0.0	0.0	1171.535200000000032	1193.564699999999903
FEATURE	438.802717103393718	371.315570815668991	2.501269e05	1	12.848492	0.90095	0.0	0.0	429.974699999999984	447.764700000000005
FEATURE	1384.643670405471085	657.303774215747467	2.475991e05	2	10.915033	0.849526	0.0	0.0	1376.567199999999957	1391.873100000000022
PEPTIDE	1384.167799999999943	657.301513671875	0.0	0	DVAESEELHER	2	R	L	q-value	MS-GF+_2026-09-01T17:45:52_7198454993515115019	NP_216337.1	480	490	-1
FEATURE	1342.580088710094742	756.034722686326404	2.474573e05	3	10.630591	0.841114	0.0	0.0	1331.794200000000046	1343.914299999999912
FEATURE	1324.17895250298011	732.357881597146161	2.474034e05	3	18.025005	0.806798	0.0	0.0	1309.579400000000078	1325.058800000000019
FEATURE	1257.329483229742436	694.846091025920259	2.456273e05	2	21.774643	0.85114	0.0	0.0	1248.01909999999998	1267.763799999999947
FEATURE	1385.869199126914964	447.707074442848693	2.452186e05	4	9.97461	0.760231	0.0	0.0	1378.573799999999892	1394.442000000000007
FEATURE	1338.153181379851276	539.272280204215122	2.451734e05	4	10.545624	0.807603	0.0	0.0	1331.794200000000046	1344.951999999999998
FEATURE	1382.808818677080353	543.294687319591617	2.446309e05	3	15.059669	0.792701	0.0	0.0	1371.287700000000086	1385.225599999999986
FEATURE	1768.116003687901411	397.213694866526168	2.441128e05	2	6.36584	0.774523	0.0	0.0	1763.241800000000012	1773.764799999999923
FEATURE	1369.782352163767882	536.294901702932521	2.419885e05	2	15.096312	0.858173	0.0	0.0	1361.212700000000041	1381.26260000000002
FEATURE	1267.304679490667013	735.863605351437968	2.414666e05	2	12.375177	0.87241	0.0	0.0	1257.829600000000028	1273.413000000000011
FEATURE	1361.792566403220917	758.225338227145357	2.368105e05	1	19.812584	0.828893	0.0	0.0	1355.673500000000104	1372.69399999999996
FEATURE	3683.597626497120473	463.08440192360257	2.359888e05	1	6.330347	0.865583	0.0	0.0	3679.014700000000175	3686.293999999999869
FEATURE	1134.353752798790765	371.315500427453742	2.357673e05	1	10.786093	0.809847	0.0	0.0	1126.864900000000034	1144.614700000000084
FEATURE	817.253202258038868	371.315568345161978	2.33743e05	1	18.221035	0.840895	0.0	0.0	814.802999999999997	831.514900000001944
FEATURE	839.094251395085962	432.885282786461289	2.314924e05	1	16.025232	0.851808	0.0	0.0	829.294999999998026	844.864900000001967
FEATURE	1270.999822862002247	681.794757309233432	2.300369e05	2	14.209254	0.846871	0.0	0.0	1261.860799999999927	1285.04989999999998
FEATURE	661.102257997304719	371.315588187485616	2.299722e05	1	20.997349	0.805044	0.0	0.0	654.142900000002101	675.244800000000055
FEATURE	3332.317588496470307	821.402754081138141	2.268653e05	2	11.257932	0.747472	0.0	0.0	3325.592299999999796	3338.143199999999979
FEATURE	550.362415425492259	758.222026765487271	2.253025e05	1	28.521593	0.766085	0.0	0.0	536.092999999999961	561.754699999999957
FEATURE	1261.248402552535026	633.295547398970598	2.231064e05	3	10.723166	0.805263	0.0	0.0	1255.702800000000025	1272.253500000000031
FEATURE	4110.244750343572377	902.535610112317954	2.224379e05	1	10.646162	0.749345	0.0	0.0	4109.514699999999721	4117.112900000000081
FEATURE	1244.757359825170624	606.953782548833374	2.21435e05	3	10.853634	0.848192	0.0	0.0	1237.854800000000068	1255.702800000000025
FEATURE	3956.877449742962199	796.941402429203208	2.198329e05	2	8.631954	0.784964	0.0	0.0	3949.742999999999938	3961.243199999999888
PEPTIDE	3954.972999999999956	796.94091796875	0.0	0	MLTNLINSGFILEK	2	K	G	q-value	MS-GF+_2026-09-01T17:45:52_7198454993515115019	NP_216736.1	201	214	-1
FEATURE	794.090379306876457	371.315614975131609	2.180693e05	1	10.306112	0.923561	0.0	0.0	787.963699999997971	799.133200000002034
FEATURE	502.202434708655119	741.195695969895496	2.172496e05	1	21.39226	0.802475	0.0	0.0	493.633699999999976	512.654800000000023
FEATURE	2836.39358087734945	614.192221618451981	2.145389e05	2	6.032907	0.769414	0.0	0.0	2831.244999999999891	2839.062199999999848
FEATURE	1319.228102693252367	800.404362666663928	2.128623e05	2	12.3604	0.909895	0.0	0.0	1310.719800000000078	1328.218599999999924
FEATURE	1332.776773363261782	518.569153772270397	2.125078e05	3	11.994739	0.882579	0.0	0.0	1331.794200000000046	1344.951999999999998
FEATURE	3850.646499197040612	481.299507530388723	2.085704e05	2	9.963038	0.787272	0.0	0.0	3846.18289999999979	3856.792899999999918
FEATURE	1231.090686926436092	373.098188587381742	2.077197e05	1	11.281075	0.828094	0.0	0.0	1224.454099999999926	1238.856600000000071
FEATURE	1351.410242962756684	751.330202299637449	2.062459e05	2	11.768763	0.83359	0.0	0.0	1344.951999999999998	1362.237300000000005
FEATURE	1051.312014300119245	371.315519518742747	2.043083e05	1	18.489571	0.828898	0.0	0.0	1039.564699999999903	1058.612800000000107
FEATURE	4007.686947373658313	384.295768363122022	2.027698e05	1	11.85401	0.858044	0.0	0.0	4003.964800000000196	4014.34479999999985
FEATURE	1322.268782175478009	415.89963298515471	2.021302e05	3	12.870339	0.8674	0.0	0.0	1316.234699999999975	1328.919699999999921
PEPTIDE	1319.241700000000037	415.89990234375	4.3956043956044e-03	0	VGAATETALKER	3	K	K	q-value	MS-GF+_2026-09-01T17:45:52_7198454993515115019	NP_217934.1	378	389	-1
FEATURE	1268.652670266176074	757.845068397095247	2.019868e05	2	13.978919	0.874803	0.0	0.0	1259.651499999999942	1280.676999999999907
FEATURE	4115.443768678124798	355.070105354647012	2.006849e05	1	5.219374	0.829173	0.0	0.0	4112.364800000000287	4119.962900000000445
FEATURE	1336.097457985716574	796.71684060964526	2.002613e05	3	10.900376	0.774087	0.0	0.0	1330.863399999999956	1342.605999999999995
FEATURE	1360.183598349873819	554.280488273263472	1.996907e05	3	13.051372	0.808001	0.0	0.0	1355.673500000000104	1371.287700000000086
FEATURE	727.339024738358035	741.195609086763056	1.992562e05	1	25.665676	0.791109	0.0	0.0	718.773000000000025	741.092999999999961
FEATURE	1263.283546196687212	744.340501773953974	1.980882e05	2	11.076478	0.856346	0.0	0.0	1255.702800000000025	1272.253500000000031
FEATURE	1310.486723481723629	473.591190852802754	1.965115e05	3	12.825357	0.845895	0.0	0.0	1302.572799999999916	1321.720299999999952
PEPTIDE	1305.205999999999904	473.590698242188012	6.27943485086342e-03	0	TGAPISTHTHAGLR	3	R	R	q-value	MS-GF+_2026-09-01T17:45:52_7198454993515115019	NP_214744.1	170	183	-1
FEATURE	1316.461043780988348	825.424091723081006	1.961195e05	2	18.540512	0.817017	0.0	0.0	1298.479599999999891	1319.578600000000051
FEATURE	1303.622246224511173	689.835129173161931	1.926995e05	2	16.895618	0.82566	0.0	0.0	1300.346900000000005	1316.234699999999975
FEATURE	1170.227826469595129	371.315516904666936	1.91849e05	1	13.224096	0.818654	0.0	0.0	1162.654700000000048	1181.443400000000111
FEATURE	1302.70335242611759	714.555840155014607	1.914002e05	4	14.050614	0.827005	0.0	0.0	1293.513699999999972	1314.738499999999931
FEATURE	1335.153325675375527	394.695401381608122	1.900214e05	2	12.809337	0.878245	0.0	0.0	1330.863399999999956	1342.605999999999995
FEATURE	629.910550853278437	371.315534522081236	1.882443e05	1	8.560343	0.898718	0.0	0.0	623.102899999998044	634.15319999999997
FEATURE	1244.617376545536217	904.389693578035235	1.878562e05	4	13.051183	0.819815	0.0	0.0	1238.856600000000071	1249.47829999999999
FEATURE	3349.549318401509936	879.458662990357198	1.868415e05	2	9.961935	0.803214	0.0	0.0	3346.058799999999792	3357.832899999999881
FEATURE	1316.954903028555464	864.872548256478126	1.866061e05	2	10.669617	0.881572	0.0	0.0	1305.904800000000023	1326.106700000000046
FEATURE	1153.202350828218641	371.315662783630103	1.862258e05	1	15.078575	0.823994	0.0	0.0	1143.492899999999963	1160.417200000000094
FEATURE	630.326235675212615	439.843529335867686	1.860877e05	1	17.483467	0.877577	0.0	0.0	619.76479999999799	645.232900000002019
FEATURE	1260.839457185949414	544.927917340873137	1.855197e05	3	10.647128	0.818902	0.0	0.0	1250.58439999999996	1270.891200000000026
FEATURE	1321.311264385170489	452.230981434400292	1.854047e05	3	11.434394	0.850535	0.0	0.0	1309.579400000000078	1328.218599999999924
FEATURE	1386.614965093728188	870.912088149121928	1.838096e05	2	13.472579	0.755751	0.0	0.0	1379.944099999999935	1396.321099999999888
FEATURE	1368.13602788149683	604.816543571902457	1.716593e05	1	10.832186	0.851513	0.0	0.0	1363.908599999999979	1376.567199999999957
FEATURE	1206.722287111668493	741.196451901663636	1.709174e05	1	21.659988	0.767698	0.0	0.0	1194.64670000000001	1217.735100000000102
FEATURE	4138.166233621735046	503.107846415002484	1.686432e05	1	9.617777	0.832186	0.0	0.0	4134.023000000000138	4144.07300000000032
FEATURE	1224.428166466140738	576.584748622800589	1.68228e05	3	11.153916	0.856156	0.0	0.0	1224.454099999999926	1234.712899999999991
FEATURE	803.087239536901961	371.315546583935316	1.681458e05	1	8.743247	0.894621	0.0	0.0	799.133200000002034	808.093699999997966
FEATURE	839.466902178763576	371.315604859491884	1.657901e05	1	9.959166	0.812228	0.0	0.0	832.623000000000047	845.982899999999972
FEATURE	1320.927164183988907	677.843985520311208	1.657225e05	2	12.421475	0.821733	0.0	0.0	1312.947100000000091	1328.919699999999921
FEATURE	1338.250951928914674	718.694263669582256	1.634477e05	3	9.499677	0.804513	0.0	0.0	1331.794200000000046	1343.914299999999912
FEATURE	1207.686064616096473	371.315765128899841	1.606156e05	1	11.597701	0.874412	0.0	0.0	1200.144999999999982	1214.472999999999956
FEATURE	985.169014051047157	371.315486592565208	1.602043e05	1	14.513577	0.785801	0.0	0.0	980.072800000001962	996.985399999997981
FEATURE	1230.289560246827477	371.315763130354696	1.562108e05	1	9.917278	0.844786	0.0	0.0	1225.529800000000023	1237.854800000000068
FEATURE	743.464880642906905	388.342026912882432	1.530802e05	1	25.623232	0.85674	0.0	0.0	733.274999999999977	756.752899999998135
FEATURE	1189.520261000053097	371.315534386678905	1.530482e05	1	13.052431	0.83155	0.0	0.0	1183.673000000000002	1197.944999999999936
FEATURE	4018.437246702170796	359.242861712290562	1.529195e05	1	17.679413	0.748607	0.0	0.0	4009.652900000000045	4032.302900000000136
FEATURE	781.113386286508216	741.195432994996963	1.525965e05	1	19.202604	0.867925	0.0	0.0	767.874000000000024	786.845299999998133
FEATURE	1340.666954890776424	447.562691221112118	1.519213e05	3	10.545348	0.852495	0.0	0.0	1333.893600000000106	1344.951999999999998
FEATURE	1190.876021364478675	741.195416343882243	1.465312e05	1	20.49045	0.703126	0.0	0.0	1181.443400000000111	1201.186500000000024
FEATURE	1282.327673500026094	930.732827033643503	1.412655e05	3	10.322291	0.806744	0.0	0.0	1277.215400000000045	1289.104299999999967
FEATURE	1378.631982888365656	859.045520460562443	1.400693e05	3	12.66933	0.764063	0.0	0.0	1371.287700000000086	1383.208599999999933
FEATURE	338.917605775034076	741.195625643509175	1.392797e05	1	14.964277	0.869447	0.0	0.0	330.342899999999986	343.782800000000009
FEATURE	1313.351941839025812	601.942573456118566	1.391561e05	3	13.925985	0.811242	0.0	0.0	1302.572799999999916	1322.89689999999996
FEATURE	380.185788319894982	758.222410356006776	1.31315e05	1	15.06825	0.750304	0.0	0.0	372.912899999999979	386.343000000000018
FEATURE	1301.731312947135848	419.897989546285032	1.3115e05	3	10.762745	0.864241	0.0	0.0	1295.694700000000012	1309.579400000000078
PEPTIDE	1297.417400000000043	419.897308349608977	4.3956043956044e-03	0	PVIGRPTC(Carbamidomethyl)TTR	3	R	A	q-value	MS-GF+_2026-09-01T17:45:52_7198454993515115019	NP_216895.1	771	781	-1
FEATURE	723.227736299639219	832.240780849866837	1.309598e05	1	22.431292	0.794745	0.0	0.0	723.243499999997994	735.504700000002003
FEATURE	1161.432980104139233	896.368888610641648	1.303136e05	1	24.53685	0.751164	0.0	0.0	1153.544699999999921	1175.904800000000023
FEATURE	337.597848792420393	371.315559803056487	1.297027e05	1	10.656162	0.734869	0.0	0.0	329.224800000000016	340.424800000000005
FEATURE	1295.061564122752088	829.891361674217592	1.283838e05	2	13.903501	0.850753	0.0	0.0	1286.169499999999971	1304.072100000000091
FEATURE	1197.495189578884038	871.378433621195882	1.27665e05	2	15.326235	0.779902	0.0	0.0	1188.05379999999991	1202.255300000000034
FEATURE	1080.567012791822663	371.315533607986652	1.272217e05	1	8.985147	0.786885	0.0	0.0	1076.572899999999891	1087.742799999999988
FEATURE	923.442138826048335	371.31543357171654	1.269017e05	1	9.943788	0.871806	0.0	0.0	918.022900000001869	928.114699999998038
FEATURE	3994.926302103443959	632.330003630098418	1.248888e05	1	7.786144	0.801022	0.0	0.0	3994.332899999999881	4002.698499999999967
FEATURE	1295.431126036248315	419.316958104400612	1.230391e05	1	14.94539	0.76205	0.0	0.0	1289.104299999999967	1305.904800000000023
FEATURE	1158.75359192149358	743.842757360436735	1.218875e05	2	12.444133	0.832881	0.0	0.0	1153.544699999999921	1171.535200000000032
PEPTIDE	1157.61200000000008	743.843383789062045	0.0	0	ADVAESQENAPAER	2	M	A	q-value	MS-GF+_2026-09-01T17:45:52_7198454993515115019	NP_218317.1	1	14	-1
FEATURE	1297.166457218781716	758.226656451647159	1.212933e05	1	11.302662	0.805861	0.0	0.0	1291.244200000000092	1304.072100000000091
FEATURE	4379.916780989734434	685.205096300260834	1.212566e05	1	9.132628	0.835447	0.0	0.0	4376.203000000000429	4384.76299999999992
FEATURE	1284.982779940067076	419.543849218000275	1.209578e05	3	16.259922	0.814976	0.0	0.0	1281.8279	1300.346900000000005
FEATURE	1170.154311243968323	741.19590016551922	1.2072e05	1	13.642839	0.8393	0.0	0.0	1163.772799999999961	1179.223300000000108
FEATURE	1301.424197524282135	769.320729777788188	1.160355e05	3	11.28856	0.806174	0.0	0.0	1295.694700000000012	1310.719800000000078
FEATURE	516.958773320619457	371.315627460697726	1.155564e05	1	7.201566	0.840952	0.0	0.0	511.532899999999984	520.483200000000011
FEATURE	621.050647153089585	411.848596830369218	1.136998e05	1	15.295445	0.878283	0.0	0.0	617.564700000000016	634.15319999999997
FEATURE	631.225421941017771	429.240062560386662	1.133435e05	1	14.591623	0.913797	0.0	0.0	623.102899999998044	637.474799999999959
FEATURE	1240.645328532774329	948.945593505312786	1.10057e05	2	10.87215	0.838334	0.0	0.0	1231.584800000000087	1249.47829999999999
FEATURE	1196.987744173101419	653.979024080386807	1.099928e05	3	9.194263	0.872879	0.0	0.0	1189.164800000000014	1204.454700000000003
PEPTIDE	1194.269000000000005	653.980285644531023	6.27943485086342e-03	0	WFGAYGVTKSAVDHM(Oxidation)M(Oxidation)K	3	R	L	q-value	MS-GF+_2026-09-01T17:45:52_7198454993515115019	NP_218002.1	191	207	-1
FEATURE	1347.393226369171089	419.316210948917956	1.088127e05	1	8.611967	0.821092	0.0	0.0	1342.605999999999995	1352.372100000000046
FEATURE	527.006575216985311	371.315646858223658	1.079027e05	1	7.244273	0.840751	0.0	0.0	522.712999999999966	531.63289999999995
FEATURE	1322.689712012957898	632.967666543357154	1.068471e05	3	8.104126	0.829788	0.0	0.0	1316.234699999999975	1328.919699999999921
FEATURE	380.004039655380154	388.1277056772077	1.038661e05	1	30.189821	0.811339	0.0	0.0	366.192900000000009	394.184900000000027
FEATURE	873.806949018500632	371.315812529295727	1.034275e05	1	9.177073	0.860254	0.0	0.0	871.233299999999986	880.308799999997973
FEATURE	1242.678414079924323	474.975791524330987	1.016298e05	4	6.657716	0.701736	0.0	0.0	1237.854800000000068	1249.47829999999999
FEATURE	501.735292135377165	759.222347254342708	9.663413e04	1	17.435856	0.757162	0.0	0.0	492.514900000000011	509.302900000000022
FEATURE	1366.030596434407926	756.36708694956269	9.61528e04	3	8.823631	0.874322	0.0	0.0	1361.212700000000041	1374.504799999999932
FEATURE	1247.545962724232368	829.876402485999051	9.381972e04	2	10.980455	0.768243	0.0	0.0	1239.951999999999998	1255.702800000000025
FEATURE	725.538804308111025	388.342080333000467	8.854322e04	1	11.444953	0.868491	0.0	0.0	719.894800000001965	732.163199999999961
FEATURE	726.888481577909715	447.346818600884376	8.612639e04	1	12.730391	0.856255	0.0	0.0	721.012900000001991	734.392999999997983
FEATURE	440.168153453564116	388.127708505873784	8.46167e04	1	13.625757	0.716307	0.0	0.0	433.333300000000008	452.244799999999998
FEATURE	1011.87622542408144	371.315606060505559	7.755798e04	1	6.920806	0.786296	0.0	0.0	1007.052900000000022	1016.032900000000041
FEATURE	960.504620330987791	388.127492850961573	7.181466e04	1	7.618406	0.837211	0.0	0.0	956.304799999997954	965.385100000002012
FEATURE	1003.371442781244014	371.315514602862152	6.628902e04	1	8.827313	0.841666	0.0	0.0	998.102899999998044	1007.052900000000022
FEATURE	663.246971904828683	741.195212081218301	6.618838e04	1	11.233713	0.808649	0.0	0.0	658.582900000002042	667.472899999998049
FEATURE	1241.833760148924966	644.634174891820408	6.03813e04	3	9.31767	0.766245	0.0	0.0	1237.854800000000068	1249.47829999999999
FEATURE	986.319238911148318	359.02832702169502	5.999882e04	1	13.211391	0.855407	0.0	0.0	980.072800000001962	992.484700000002022
FEATURE	611.458624311584458	759.223619583487448	5.973929e04	1	10.47617	0.797597	0.0	0.0	606.414799999997967	615.334900000001994
FEATURE	1210.424012659505479	883.346826238040535	5.613972e04	2	8.444829	0.817177	0.0	0.0	1204.454700000000003	1214.472999999999956
FEATURE	1054.594492797214116	832.241267710979059	5.398644e04	1	15.656888	0.763634	0.0	0.0	1046.274799999999914	1064.21550000000002
FEATURE	1223.741512323944335	948.942665112988493	5.020825e04	2	8.055186	0.789471	0.0	0.0	1216.603900000000067	1229.397699999999986
FEATURE	780.411295954764682	815.214809699768239	5.005334e04	1	14.711464	0.783292	0.0	0.0	773.454700000002049	786.845299999998133
FEATURE	749.842259360304183	415.036876753608453	4.922241e04	1	11.276909	0.911098	0.0	0.0	744.454799999999977	754.522999999997978
FEATURE	1295.441315256439566	371.316015989362029	4.886592e04	1	2.703	0.869078	0.0	0.0	1293.513699999999972	1296.63779999999997
FEATURE	630.928441667930088	815.214230304996363	4.874121e04	1	8.875608	0.837107	0.0	0.0	625.333000000002016	634.15319999999997
FEATURE	318.759687722674187	447.346559427649368	4.598393e04	1	13.032652	0.830611	0.0	0.0	312.412899999999979	323.622900000000016
FEATURE	458.339171544493127	815.215437623482217	4.466619e04	1	7.175469	0.731523	0.0	0.0	454.484699999999975	465.645100000000014
FEATURE	1230.637561438896	832.241391350791901	3.648044e04	1	7.643693	0.835877	0.0	0.0	1224.454099999999926	1237.854800000000068
FEATURE	922.888924882571246	577.126381672022944	3.590212e04	1	8.151154	0.877441	0.0	0.0	919.165200000000027	928.114699999998038
FEATURE	921.338398820966518	832.238883653402127	2.99758e04	1	7.938066	0.724623	0.0	0.0	918.022900000001869	926.992999999998006
FEATURE	458.579575232185107	388.127854912981832	2.404601e04	1	4.344087	0.874891	0.0	0.0	454.484699999999975	462.293000000000006
